ISO-10303-21;
HEADER;
FILE_DESCRIPTION (( 'STEP AP214' ),
    '1' );
FILE_NAME ('ACS712ELCTR20AT.STEP',
    '2023-10-01T20:36:53',
    ( '' ),
    ( '' ),
    'SwSTEP 2.0',
    'SolidWorks 2021',
    '' );
FILE_SCHEMA (( 'AUTOMOTIVE_DESIGN' ));
ENDSEC;

DATA;
#1 = DIRECTION ( 'NONE',  ( 0.000000000000000000, -1.000000000000000000, 0.000000000000000000 ) ) ;
#2 = LINE ( 'NONE', #3103, #4079 ) ;
#3 = LINE ( 'NONE', #631, #896 ) ;
#4 = CARTESIAN_POINT ( 'NONE',  ( 2.092256965349082787, 0.8771976517450829069, -0.4300000000000002709 ) ) ;
#5 = EDGE_LOOP ( 'NONE', ( #2302, #626, #650, #1350 ) ) ;
#6 = CARTESIAN_POINT ( 'NONE',  ( -2.376044803019505380, 0.04260684967794371725, -1.700000000000000178 ) ) ;
#7 = SURFACE_STYLE_FILL_AREA ( #2214 ) ;
#8 = EDGE_CURVE ( 'NONE', #2021, #582, #1195, .T. ) ;
#9 = LINE ( 'NONE', #1931, #3879 ) ;
#10 = EDGE_CURVE ( 'NONE', #3594, #44, #2727, .T. ) ;
#11 = ORIENTED_EDGE ( 'NONE', *, *, #3013, .T. ) ;
#12 = DIRECTION ( 'NONE',  ( 0.000000000000000000, -0.000000000000000000, 1.000000000000000000 ) ) ;
#13 = EDGE_CURVE ( 'NONE', #1569, #3255, #3704, .T. ) ;
#14 = DIRECTION ( 'NONE',  ( -0.000000000000000000, -0.000000000000000000, -1.000000000000000000 ) ) ;
#15 = ORIENTED_EDGE ( 'NONE', *, *, #1893, .F. ) ;
#16 = ORIENTED_EDGE ( 'NONE', *, *, #1416, .T. ) ;
#17 = VECTOR ( 'NONE', #1576, 1000.000000000000000 ) ;
#18 = LINE ( 'NONE', #1533, #2319 ) ;
#19 = CARTESIAN_POINT ( 'NONE',  ( 2.319192456893480525, 0.8970519346069010247, -0.4300000000000002709 ) ) ;
#20 = LINE ( 'NONE', #319, #2273 ) ;
#21 = PLANE ( 'NONE',  #2382 ) ;
#22 = ORIENTED_EDGE ( 'NONE', *, *, #3819, .T. ) ;
#23 = VECTOR ( 'NONE', #3090, 1000.000000000000000 ) ;
#24 = DIRECTION ( 'NONE',  ( -1.000000000000000000, 0.000000000000000000, 0.000000000000000000 ) ) ;
#25 = CARTESIAN_POINT ( 'NONE',  ( 3.000000000000000000, 0.2094884505545622777, 2.109999999999999876 ) ) ;
#26 = AXIS2_PLACEMENT_3D ( 'NONE', #1926, #48, #3824 ) ;
#27 = VECTOR ( 'NONE', #2702, 1000.000000000000114 ) ;
#28 = VECTOR ( 'NONE', #1684, 1000.000000000000000 ) ;
#29 = EDGE_CURVE ( 'NONE', #582, #3927, #3378, .T. ) ;
#30 = ORIENTED_EDGE ( 'NONE', *, *, #3873, .F. ) ;
#31 = FACE_OUTER_BOUND ( 'NONE', #3877, .T. ) ;
#32 = VECTOR ( 'NONE', #1845, 1000.000000000000000 ) ;
#34 = VECTOR ( 'NONE', #649, 1000.000000000000114 ) ;
#33 = SURFACE_STYLE_USAGE ( .BOTH. , #684 ) ;
#35 = ORIENTED_EDGE ( 'NONE', *, *, #3762, .F. ) ;
#36 = ORIENTED_EDGE ( 'NONE', *, *, #1734, .T. ) ;
#37 = CARTESIAN_POINT ( 'NONE',  ( 1.950000000000000844, 0.8950000000000007949, 2.449999999999998401 ) ) ;
#38 = PRESENTATION_LAYER_ASSIGNMENT (  '', '', ( #3283 ) ) ;
#39 =( GEOMETRIC_REPRESENTATION_CONTEXT ( 3 ) GLOBAL_UNCERTAINTY_ASSIGNED_CONTEXT ( ( #3849 ) ) GLOBAL_UNIT_ASSIGNED_CONTEXT ( ( #3803, #2232, #3152 ) ) REPRESENTATION_CONTEXT ( 'NONE', 'WORKASPACE' ) );
#40 = EDGE_CURVE ( 'NONE', #3409, #140, #1806, .T. ) ;
#41 = ORIENTED_EDGE ( 'NONE', *, *, #1711, .T. ) ;
#42 = AXIS2_PLACEMENT_3D ( 'NONE', #3597, #3294, #202 ) ;
#43 = ORIENTED_EDGE ( 'NONE', *, *, #2729, .T. ) ;
#44 = VERTEX_POINT ( 'NONE', #3721 ) ;
#45 = LINE ( 'NONE', #2558, #550 ) ;
#46 = VECTOR ( 'NONE', #2664, 1000.000000000000114 ) ;
#47 = DIRECTION ( 'NONE',  ( 1.000000000000000000, 0.000000000000000000, 0.000000000000000000 ) ) ;
#48 = DIRECTION ( 'NONE',  ( 0.000000000000000000, 1.000000000000000000, 0.000000000000000000 ) ) ;
#49 = ORIENTED_EDGE ( 'NONE', *, *, #3350, .T. ) ;
#50 = PLANE ( 'NONE',  #1753 ) ;
#51 = CARTESIAN_POINT ( 'NONE',  ( -2.391935491544398218, 0.2698542828618181177, -0.8400000000000000799 ) ) ;
#52 = DIRECTION ( 'NONE',  ( 0.9975640502598247528, 0.06975647374411814150, -0.000000000000000000 ) ) ;
#53 = PLANE ( 'NONE',  #2215 ) ;
#54 = DIRECTION ( 'NONE',  ( -1.000000000000000000, 0.000000000000000000, 0.000000000000000000 ) ) ;
#55 = CYLINDRICAL_SURFACE ( 'NONE', #1817, 0.01780234825491788103 ) ;
#56 = VERTEX_POINT ( 'NONE', #2131 ) ;
#57 = FACE_OUTER_BOUND ( 'NONE', #2312, .T. ) ;
#58 = DIRECTION ( 'NONE',  ( -0.000000000000000000, -0.000000000000000000, -1.000000000000000000 ) ) ;
#59 = EDGE_LOOP ( 'NONE', ( #3045, #643, #406, #338 ) ) ;
#60 = PRODUCT_DEFINITION ( 'UNKNOWN', '', #909, #1268 ) ;
#61 = DIRECTION ( 'NONE',  ( -0.000000000000000000, -0.000000000000000000, -1.000000000000000000 ) ) ;
#62 = ORIENTED_EDGE ( 'NONE', *, *, #2343, .T. ) ;
#63 = EDGE_CURVE ( 'NONE', #1441, #2909, #3022, .T. ) ;
#64 = DIRECTION ( 'NONE',  ( 0.000000000000000000, 0.000000000000000000, 1.000000000000000000 ) ) ;
#65 = CARTESIAN_POINT ( 'NONE',  ( -2.109991570294214913, 0.8787492286298929089, -1.700000000000000178 ) ) ;
#66 = CARTESIAN_POINT ( 'NONE',  ( 2.391935491544398218, 0.2698542828618181177, -2.109999999999999876 ) ) ;
#67 = ORIENTED_EDGE ( 'NONE', *, *, #3897, .F. ) ;
#68 = ADVANCED_FACE ( 'NONE', ( #1436 ), #3322, .F. ) ;
#69 = DIRECTION ( 'NONE',  ( 0.000000000000000000, 0.000000000000000000, 1.000000000000000000 ) ) ;
#70 = DIRECTION ( 'NONE',  ( -0.000000000000000000, -0.000000000000000000, -1.000000000000000000 ) ) ;
#71 = PLANE ( 'NONE',  #3815 ) ;
#72 = LINE ( 'NONE', #1340, #1557 ) ;
#73 = ORIENTED_EDGE ( 'NONE', *, *, #81, .T. ) ;
#74 = SURFACE_SIDE_STYLE ('',( #417 ) ) ;
#75 = SURFACE_SIDE_STYLE ('',( #401 ) ) ;
#76 = ADVANCED_FACE ( 'NONE', ( #3993 ), #1215, .F. ) ;
#77 = LINE ( 'NONE', #803, #3807 ) ;
#78 = CARTESIAN_POINT ( 'NONE',  ( 2.109991570294214913, 0.8787492286298929089, 2.109999999999999876 ) ) ;
#79 = VERTEX_POINT ( 'NONE', #2516 ) ;
#80 = EDGE_LOOP ( 'NONE', ( #1793, #1737, #602, #2369 ) ) ;
#81 = EDGE_CURVE ( 'NONE', #2288, #3432, #1702, .T. ) ;
#82 = CARTESIAN_POINT ( 'NONE',  ( -1.205055510833896504, 1.749999999999999334, -1.904999999999998694 ) ) ;
#83 = CARTESIAN_POINT ( 'NONE',  ( 3.000000000000000000, 0.2094884505545622777, -0.4300000000000002709 ) ) ;
#84 = ORIENTED_EDGE ( 'NONE', *, *, #520, .F. ) ;
#85 = CIRCLE ( 'NONE', #756, 0.2278023482549171308 ) ;
#86 = EDGE_CURVE ( 'NONE', #866, #3521, #456, .T. ) ;
#87 = DIRECTION ( 'NONE',  ( -1.000000000000000000, 0.000000000000000000, 0.000000000000000000 ) ) ;
#88 = CARTESIAN_POINT ( 'NONE',  ( -2.165000000000000036, 0.2500000000000000555, -2.109999999999999876 ) ) ;
#89 = DIRECTION ( 'NONE',  ( 1.000000000000000000, 0.000000000000000000, 0.000000000000000000 ) ) ;
#90 = PLANE ( 'NONE',  #3808 ) ;
#91 = VECTOR ( 'NONE', #2165, 1000.000000000000000 ) ;
#92 = DIRECTION ( 'NONE',  ( 0.9975640502598247528, -0.06975647374411814150, 0.000000000000000000 ) ) ;
#93 = VECTOR ( 'NONE', #3799, 1000.000000000000000 ) ;
#94 = EDGE_CURVE ( 'NONE', #4086, #593, #2950, .T. ) ;
#95 = VERTEX_POINT ( 'NONE', #4100 ) ;
#96 = LINE ( 'NONE', #1365, #245 ) ;
#97 = VERTEX_POINT ( 'NONE', #987 ) ;
#98 = CIRCLE ( 'NONE', #2013, 0.2278023482549169088 ) ;
#99 = AXIS2_PLACEMENT_3D ( 'NONE', #4, #1945, #1867 ) ;
#100 = FACE_OUTER_BOUND ( 'NONE', #1657, .T. ) ;
#101 = CIRCLE ( 'NONE', #2074, 0.01780234825491788103 ) ;
#102 = AXIS2_PLACEMENT_3D ( 'NONE', #902, #2481, #3763 ) ;
#103 = ORIENTED_EDGE ( 'NONE', *, *, #2907, .F. ) ;
#104 = EDGE_LOOP ( 'NONE', ( #356, #1264, #2060, #2796 ) ) ;
#105 = VECTOR ( 'NONE', #2919, 1000.000000000000114 ) ;
#106 = AXIS2_PLACEMENT_3D ( 'NONE', #391, #69, #1955 ) ;
#107 = EDGE_LOOP ( 'NONE', ( #711, #2243, #3714, #1903 ) ) ;
#108 = CARTESIAN_POINT ( 'NONE',  ( -2.319192456893480081, 0.8970519346069019129, -0.4300000000000002709 ) ) ;
#109 = CARTESIAN_POINT ( 'NONE',  ( -1.949999999999998845, 0.8950000000000007949, -2.449999999999998401 ) ) ;
#110 = PRESENTATION_LAYER_ASSIGNMENT (  '', '', ( #3958 ) ) ;
#111 = DIRECTION ( 'NONE',  ( 0.9961946980917455452, 0.08715574274765837404, -1.322542599048504834E-16 ) ) ;
#112 = VERTEX_POINT ( 'NONE', #3784 ) ;
#113 = VECTOR ( 'NONE', #3257, 1000.000000000000000 ) ;
#114 = LINE ( 'NONE', #758, #2809 ) ;
#115 = CARTESIAN_POINT ( 'NONE',  ( 2.319192456893480525, 0.8970519346069010247, 1.700000000000000178 ) ) ;
#116 = DIRECTION ( 'NONE',  ( 0.08715574274765926222, 0.9961946980917454342, 0.000000000000000000 ) ) ;
#117 = ORIENTED_EDGE ( 'NONE', *, *, #459, .T. ) ;
#118 = FACE_OUTER_BOUND ( 'NONE', #3723, .T. ) ;
#119 = AXIS2_PLACEMENT_3D ( 'NONE', #2292, #3591, #3571 ) ;
#120 = EDGE_CURVE ( 'NONE', #3249, #3981, #2874, .T. ) ;
#121 = ORIENTED_EDGE ( 'NONE', *, *, #3532, .T. ) ;
#122 = VECTOR ( 'NONE', #1800, 1000.000000000000000 ) ;
#123 = CARTESIAN_POINT ( 'NONE',  ( 3.000000000000000000, 0.2094884505545622777, 2.109999999999999876 ) ) ;
#124 = DIRECTION ( 'NONE',  ( 0.000000000000000000, 0.000000000000000000, 1.000000000000000000 ) ) ;
#125 = ORIENTED_EDGE ( 'NONE', *, *, #3072, .F. ) ;
#126 = EDGE_LOOP ( 'NONE', ( #3792, #3110, #2167, #2404 ) ) ;
#127 = ORIENTED_EDGE ( 'NONE', *, *, #3971, .T. ) ;
#128 = ORIENTED_EDGE ( 'NONE', *, *, #2651, .T. ) ;
#129 = CARTESIAN_POINT ( 'NONE',  ( 2.390693662505769979, 0.2520953002325062031, -2.109999999999999876 ) ) ;
#130 = CARTESIAN_POINT ( 'NONE',  ( 2.376044803019505380, 0.04260684967794371725, 0.4300000000000000488 ) ) ;
#131 = ORIENTED_EDGE ( 'NONE', *, *, #3450, .T. ) ;
#132 = DIRECTION ( 'NONE',  ( -0.9961946980917455452, -0.08715574274765877649, 0.000000000000000000 ) ) ;
#133 = DIRECTION ( 'NONE',  ( -0.000000000000000000, -0.000000000000000000, -1.000000000000000000 ) ) ;
#134 = CARTESIAN_POINT ( 'NONE',  ( 2.985351140513735402, -1.554929984311652099E-18, 0.8399999999999998579 ) ) ;
#135 = EDGE_CURVE ( 'NONE', #3076, #3943, #2565, .T. ) ;
#136 = DIRECTION ( 'NONE',  ( -1.000000000000000000, 0.000000000000000000, 0.000000000000000000 ) ) ;
#137 = DIRECTION ( 'NONE',  ( 0.9975640502598248638, 0.06975647374411748924, -0.000000000000000000 ) ) ;
#138 = DIRECTION ( 'NONE',  ( 0.000000000000000000, 0.000000000000000000, 1.000000000000000000 ) ) ;
#139 = EDGE_CURVE ( 'NONE', #522, #3632, #2483, .T. ) ;
#140 = VERTEX_POINT ( 'NONE', #365 ) ;
#141 = ORIENTED_EDGE ( 'NONE', *, *, #3307, .T. ) ;
#142 = EDGE_CURVE ( 'NONE', #3158, #2779, #596, .T. ) ;
#143 = DIRECTION ( 'NONE',  ( -0.000000000000000000, -0.000000000000000000, -1.000000000000000000 ) ) ;
#144 = DIRECTION ( 'NONE',  ( -0.000000000000000000, -0.000000000000000000, -1.000000000000000000 ) ) ;
#145 = DIRECTION ( 'NONE',  ( -0.06975647374411747537, 0.9975640502598247528, 0.000000000000000000 ) ) ;
#146 = VERTEX_POINT ( 'NONE', #1625 ) ;
#147 = LINE ( 'NONE', #3852, #1964 ) ;
#148 = DIRECTION ( 'NONE',  ( -0.000000000000000000, -0.000000000000000000, -1.000000000000000000 ) ) ;
#149 = LINE ( 'NONE', #3621, #3280 ) ;
#150 = ORIENTED_EDGE ( 'NONE', *, *, #1266, .F. ) ;
#151 = ORIENTED_EDGE ( 'NONE', *, *, #3814, .F. ) ;
#152 = LINE ( 'NONE', #1980, #572 ) ;
#153 = VECTOR ( 'NONE', #3144, 1000.000000000000000 ) ;
#154 = CARTESIAN_POINT ( 'NONE',  ( -2.391935491544398218, 0.2698542828618181177, -2.109999999999999876 ) ) ;
#155 = LINE ( 'NONE', #3963, #819 ) ;
#156 = VECTOR ( 'NONE', #2473, 1000.000000000000000 ) ;
#157 = ADVANCED_FACE ( 'NONE', ( #944 ), #53, .F. ) ;
#158 = AXIS2_PLACEMENT_3D ( 'NONE', #4039, #802, #3977 ) ;
#159 = VECTOR ( 'NONE', #3180, 1000.000000000000000 ) ;
#160 = EDGE_LOOP ( 'NONE', ( #2903, #3313, #103, #2058 ) ) ;
#161 = ORIENTED_EDGE ( 'NONE', *, *, #2753, .F. ) ;
#162 = EDGE_CURVE ( 'NONE', #3959, #3811, #1277, .T. ) ;
#163 = AXIS2_PLACEMENT_3D ( 'NONE', #3036, #2975, #2049 ) ;
#164 = VECTOR ( 'NONE', #1028, 1000.000000000000000 ) ;
#165 = ORIENTED_EDGE ( 'NONE', *, *, #1656, .F. ) ;
#166 = FACE_OUTER_BOUND ( 'NONE', #403, .T. ) ;
#167 = CARTESIAN_POINT ( 'NONE',  ( -1.949999999999998845, 0.8950000000000007949, -2.449999999999998401 ) ) ;
#168 = VECTOR ( 'NONE', #2996, 1000.000000000000000 ) ;
#169 = EDGE_LOOP ( 'NONE', ( #1803, #2464, #1484, #989 ) ) ;
#170 = MECHANICAL_DESIGN_GEOMETRIC_PRESENTATION_REPRESENTATION (  '', ( #2203 ), #1366 ) ;
#171 = VECTOR ( 'NONE', #1084, 1000.000000000000000 ) ;
#172 = FACE_OUTER_BOUND ( 'NONE', #479, .T. ) ;
#173 = DIRECTION ( 'NONE',  ( -0.000000000000000000, 1.000000000000000000, -0.000000000000000000 ) ) ;
#174 = LINE ( 'NONE', #739, #3064 ) ;
#175 = EDGE_LOOP ( 'NONE', ( #1761, #433, #2438, #3586 ) ) ;
#176 = DIRECTION ( 'NONE',  ( -0.9975640502598246417, 0.06975647374411883539, -0.000000000000000000 ) ) ;
#177 = FACE_OUTER_BOUND ( 'NONE', #2576, .T. ) ;
#178 = CARTESIAN_POINT ( 'NONE',  ( -2.376044803019505380, 0.04260684967794371725, 2.109999999999999876 ) ) ;
#179 = VECTOR ( 'NONE', #1169, 1000.000000000000000 ) ;
#180 = CARTESIAN_POINT ( 'NONE',  ( -1.950000000000000622, 0.8950000000000007949, -1.700000000000000178 ) ) ;
#181 = CARTESIAN_POINT ( 'NONE',  ( 2.092256965349082787, 0.8950000000000009059, -1.700000000000000178 ) ) ;
#182 = EDGE_CURVE ( 'NONE', #3981, #666, #2677, .T. ) ;
#183 = VERTEX_POINT ( 'NONE', #906 ) ;
#184 = EDGE_CURVE ( 'NONE', #2241, #871, #4080, .T. ) ;
#185 = ORIENTED_EDGE ( 'NONE', *, *, #2044, .T. ) ;
#186 = DIRECTION ( 'NONE',  ( -0.000000000000000000, -0.000000000000000000, -1.000000000000000000 ) ) ;
#187 = CARTESIAN_POINT ( 'NONE',  ( -2.092256965349082787, 0.8950000000000007949, 2.109999999999999876 ) ) ;
#188 = ORIENTED_EDGE ( 'NONE', *, *, #2176, .F. ) ;
#189 = DIRECTION ( 'NONE',  ( -0.000000000000000000, 0.000000000000000000, -1.000000000000000000 ) ) ;
#190 = EDGE_CURVE ( 'NONE', #262, #3570, #2832, .T. ) ;
#191 = PLANE ( 'NONE',  #2020 ) ;
#192 = ORIENTED_EDGE ( 'NONE', *, *, #2877, .F. ) ;
#193 = CARTESIAN_POINT ( 'NONE',  ( -1.950000000000000622, 1.105000000000000870, -0.4300000000000002709 ) ) ;
#194 = CARTESIAN_POINT ( 'NONE',  ( -1.950000000000000844, 1.105000000000000870, 2.109999999999999876 ) ) ;
#195 = LINE ( 'NONE', #3635, #2791 ) ;
#196 = EDGE_CURVE ( 'NONE', #3362, #603, #1299, .T. ) ;
#197 = CARTESIAN_POINT ( 'NONE',  ( 1.950000000000001066, 1.105000000000000870, -1.700000000000000178 ) ) ;
#198 = LINE ( 'NONE', #3466, #3678 ) ;
#199 = ORIENTED_EDGE ( 'NONE', *, *, #2682, .F. ) ;
#200 = CARTESIAN_POINT ( 'NONE',  ( -2.376044803019505380, 0.04260684967794371725, 0.4300000000000000488 ) ) ;
#201 = EDGE_CURVE ( 'NONE', #2242, #3092, #1898, .T. ) ;
#202 = DIRECTION ( 'NONE',  ( -1.000000000000000000, 0.000000000000000000, 0.000000000000000000 ) ) ;
#203 = LINE ( 'NONE', #843, #2527 ) ;
#204 = VERTEX_POINT ( 'NONE', #3428 ) ;
#205 = DIRECTION ( 'NONE',  ( -0.08682659386424779191, 0.9924325091389669673, 0.08682659386424780579 ) ) ;
#206 = ORIENTED_EDGE ( 'NONE', *, *, #1567, .F. ) ;
#207 = ORIENTED_EDGE ( 'NONE', *, *, #4052, .T. ) ;
#208 = DIRECTION ( 'NONE',  ( 0.000000000000000000, 0.000000000000000000, 1.000000000000000000 ) ) ;
#209 = PLANE ( 'NONE',  #1038 ) ;
#210 = ORIENTED_EDGE ( 'NONE', *, *, #2343, .F. ) ;
#211 = FACE_OUTER_BOUND ( 'NONE', #750, .T. ) ;
#212 = EDGE_CURVE ( 'NONE', #2962, #2957, #2186, .T. ) ;
#213 = DIRECTION ( 'NONE',  ( -1.000000000000000000, -0.000000000000000000, 2.224004456380522396E-16 ) ) ;
#214 = CARTESIAN_POINT ( 'NONE',  ( -1.950000000000000844, 0.8950000000000007949, 0.4300000000000000488 ) ) ;
#215 = CYLINDRICAL_SURFACE ( 'NONE', #3342, 0.01780234825491788103 ) ;
#216 = EDGE_LOOP ( 'NONE', ( #1344, #976, #1060, #16 ) ) ;
#217 = EDGE_CURVE ( 'NONE', #3811, #343, #1582, .T. ) ;
#218 = DIRECTION ( 'NONE',  ( -0.000000000000000000, -0.000000000000000000, -1.000000000000000000 ) ) ;
#219 = CARTESIAN_POINT ( 'NONE',  ( -3.000000000000000000, 0.2094884505545626108, 0.8399999999999998579 ) ) ;
#220 = CARTESIAN_POINT ( 'NONE',  ( 2.092256965349082787, 1.104999999999999538, -2.109999999999999876 ) ) ;
#221 = DIRECTION ( 'NONE',  ( 4.425314989736754855E-17, -0.000000000000000000, -1.000000000000000000 ) ) ;
#222 = FACE_OUTER_BOUND ( 'NONE', #3203, .T. ) ;
#223 = AXIS2_PLACEMENT_3D ( 'NONE', #317, #1843, #2808 ) ;
#224 = DIRECTION ( 'NONE',  ( 0.06975647374411747537, -0.9975640502598247528, 0.000000000000000000 ) ) ;
#225 = ORIENTED_EDGE ( 'NONE', *, *, #63, .T. ) ;
#226 = VERTEX_POINT ( 'NONE', #3829 ) ;
#227 = VECTOR ( 'NONE', #2691, 1000.000000000000000 ) ;
#228 = DIRECTION ( 'NONE',  ( -0.000000000000000000, -0.000000000000000000, -1.000000000000000000 ) ) ;
#229 = DIRECTION ( 'NONE',  ( -0.000000000000000000, -0.000000000000000000, -1.000000000000000000 ) ) ;
#230 = VECTOR ( 'NONE', #92, 1000.000000000000000 ) ;
#231 = DIRECTION ( 'NONE',  ( 0.000000000000000000, 0.000000000000000000, 1.000000000000000000 ) ) ;
#232 = VERTEX_POINT ( 'NONE', #679 ) ;
#233 = CARTESIAN_POINT ( 'NONE',  ( 2.092256965349082787, 0.8771976517450829069, 2.109999999999999876 ) ) ;
#234 = VECTOR ( 'NONE', #3098, 1000.000000000000000 ) ;
#235 = AXIS2_PLACEMENT_3D ( 'NONE', #3264, #322, #1599 ) ;
#236 = DIRECTION ( 'NONE',  ( 0.000000000000000000, 0.000000000000000000, 1.000000000000000000 ) ) ;
#237 = VECTOR ( 'NONE', #3974, 1000.000000000000000 ) ;
#238 = CARTESIAN_POINT ( 'NONE',  ( -1.949999999999999067, 1.105000000000000870, 2.449999999999999289 ) ) ;
#239 =( GEOMETRIC_REPRESENTATION_CONTEXT ( 3 ) GLOBAL_UNCERTAINTY_ASSIGNED_CONTEXT ( ( #4015 ) ) GLOBAL_UNIT_ASSIGNED_CONTEXT ( ( #862, #3380, #3610 ) ) REPRESENTATION_CONTEXT ( 'NONE', 'WORKASPACE' ) );
#240 = DIRECTION ( 'NONE',  ( -0.9961946980917455452, 0.08715574274765874874, 0.000000000000000000 ) ) ;
#241 = ORIENTED_EDGE ( 'NONE', *, *, #1449, .F. ) ;
#242 = ADVANCED_FACE ( 'NONE', ( #616 ), #3127, .T. ) ;
#243 = EDGE_CURVE ( 'NONE', #3362, #670, #1663, .T. ) ;
#244 = CARTESIAN_POINT ( 'NONE',  ( 1.950000000000001066, 0.8950000000000007949, -0.4300000000000002709 ) ) ;
#245 = VECTOR ( 'NONE', #58, 1000.000000000000000 ) ;
#246 = AXIS2_PLACEMENT_3D ( 'NONE', #1437, #840, #1176 ) ;
#247 = LINE ( 'NONE', #573, #2609 ) ;
#248 = EDGE_CURVE ( 'NONE', #2021, #2062, #114, .T. ) ;
#249 = CARTESIAN_POINT ( 'NONE',  ( 2.165000000000000036, 0.2500000000000000555, -2.109999999999999876 ) ) ;
#250 = PLANE ( 'NONE',  #1360 ) ;
#251 = DIRECTION ( 'NONE',  ( -0.000000000000000000, 1.000000000000000000, -0.000000000000000000 ) ) ;
#252 = EDGE_CURVE ( 'NONE', #2081, #429, #2087, .T. ) ;
#253 = FACE_OUTER_BOUND ( 'NONE', #3584, .T. ) ;
#254 = AXIS2_PLACEMENT_3D ( 'NONE', #1974, #412, #1087 ) ;
#255 = LINE ( 'NONE', #2547, #1031 ) ;
#256 = CARTESIAN_POINT ( 'NONE',  ( -2.092256965349082787, 0.8771976517450829069, -1.700000000000000178 ) ) ;
#257 = ORIENTED_EDGE ( 'NONE', *, *, #410, .F. ) ;
#258 = LINE ( 'NONE', #2761, #700 ) ;
#259 = CARTESIAN_POINT ( 'NONE',  ( 1.950000000000000844, 0.8950000000000007949, 0.8399999999999998579 ) ) ;
#260 = LINE ( 'NONE', #1908, #4008 ) ;
#261 = CARTESIAN_POINT ( 'NONE',  ( -2.374200886599265647, 0.2683027059770077827, -0.4300000000000002709 ) ) ;
#262 = VERTEX_POINT ( 'NONE', #430 ) ;
#263 = ADVANCED_FACE ( 'NONE', ( #2309 ), #2275, .T. ) ;
#264 = ORIENTED_EDGE ( 'NONE', *, *, #184, .T. ) ;
#265 = CARTESIAN_POINT ( 'NONE',  ( 2.376044803019505380, 0.04260684967794371725, -1.700000000000000178 ) ) ;
#266 = CARTESIAN_POINT ( 'NONE',  ( 2.092256965349082787, 0.8771976517450829069, 0.8399999999999998579 ) ) ;
#267 = CARTESIAN_POINT ( 'NONE',  ( -2.092256965349082787, 1.104999999999999982, 0.8399999999999998579 ) ) ;
#268 = CARTESIAN_POINT ( 'NONE',  ( 2.391935491544398218, 0.2698542828618181177, -2.109999999999999876 ) ) ;
#269 = CARTESIAN_POINT ( 'NONE',  ( 2.390693662505769979, 0.2520953002325062031, 0.8399999999999998579 ) ) ;
#270 = EDGE_CURVE ( 'NONE', #663, #1250, #469, .T. ) ;
#271 = CARTESIAN_POINT ( 'NONE',  ( -1.950000000000000844, 1.105000000000000870, 0.4300000000000000488 ) ) ;
#272 = ORIENTED_EDGE ( 'NONE', *, *, #2835, .T. ) ;
#273 = ORIENTED_EDGE ( 'NONE', *, *, #751, .T. ) ;
#274 = LINE ( 'NONE', #2799, #4009 ) ;
#275 = ADVANCED_FACE ( 'NONE', ( #782 ), #1707, .F. ) ;
#276 = DIRECTION ( 'NONE',  ( -0.000000000000000000, -0.000000000000000000, -1.000000000000000000 ) ) ;
#277 = VERTEX_POINT ( 'NONE', #88 ) ;
#278 = CARTESIAN_POINT ( 'NONE',  ( -2.390693662505769979, 0.2520953002325061476, 0.4300000000000000488 ) ) ;
#279 = EDGE_CURVE ( 'NONE', #3139, #2241, #1953, .T. ) ;
#280 = CARTESIAN_POINT ( 'NONE',  ( -2.165000000000000036, 0.2500000000000000555, -1.700000000000000178 ) ) ;
#281 = CARTESIAN_POINT ( 'NONE',  ( 2.376044803019505380, 0.04260684967794371725, -0.8400000000000000799 ) ) ;
#282 = DIRECTION ( 'NONE',  ( 0.7071067811865477948, 0.7071067811865473507, 0.000000000000000000 ) ) ;
#283 = ORIENTED_EDGE ( 'NONE', *, *, #3195, .T. ) ;
#284 = CARTESIAN_POINT ( 'NONE',  ( -2.109991570294214913, 0.8787492286298929089, -1.700000000000000178 ) ) ;
#285 = CARTESIAN_POINT ( 'NONE',  ( 2.985351140513735402, -1.554929984311652099E-18, -1.700000000000000178 ) ) ;
#286 =( NAMED_UNIT ( * ) PLANE_ANGLE_UNIT ( ) SI_UNIT ( $, .RADIAN. ) );
#287 = ORIENTED_EDGE ( 'NONE', *, *, #930, .F. ) ;
#288 = ORIENTED_EDGE ( 'NONE', *, *, #2978, .F. ) ;
#289 = ADVANCED_FACE ( 'NONE', ( #2937 ), #2959, .F. ) ;
#290 = DIRECTION ( 'NONE',  ( -1.000000000000000000, 0.000000000000000000, 0.000000000000000000 ) ) ;
#291 = VECTOR ( 'NONE', #228, 1000.000000000000000 ) ;
#292 = ORIENTED_EDGE ( 'NONE', *, *, #2039, .T. ) ;
#293 = CARTESIAN_POINT ( 'NONE',  ( 2.374200886599265647, 0.2683027059770082823, -2.109999999999999876 ) ) ;
#294 = ORIENTED_EDGE ( 'NONE', *, *, #1532, .F. ) ;
#295 = EDGE_CURVE ( 'NONE', #670, #2636, #1392, .T. ) ;
#296 = PLANE ( 'NONE',  #3872 ) ;
#297 = CARTESIAN_POINT ( 'NONE',  ( -2.092256965349082787, 0.8771976517450829069, -0.8400000000000000799 ) ) ;
#298 = DIRECTION ( 'NONE',  ( 1.000000000000000000, -0.000000000000000000, -0.000000000000000000 ) ) ;
#299 = PLANE ( 'NONE',  #99 ) ;
#300 = CIRCLE ( 'NONE', #1619, 0.2278023482549169088 ) ;
#301 = VERTEX_POINT ( 'NONE', #3893 ) ;
#302 = VECTOR ( 'NONE', #1515, 1000.000000000000000 ) ;
#303 = CIRCLE ( 'NONE', #637, 0.01780234825491788103 ) ;
#304 = AXIS2_PLACEMENT_3D ( 'NONE', #2094, #530, #1787 ) ;
#305 = DIRECTION ( 'NONE',  ( 1.000000000000000000, -9.145721643857650857E-15, 0.000000000000000000 ) ) ;
#306 = PRESENTATION_STYLE_ASSIGNMENT (( #1539 ) ) ;
#307 = APPLICATION_PROTOCOL_DEFINITION ( 'draft international standard', 'automotive_design', 1998, #2644 ) ;
#308 = VECTOR ( 'NONE', #2290, 1000.000000000000000 ) ;
#309 = VERTEX_POINT ( 'NONE', #2610 ) ;
#310 = EDGE_LOOP ( 'NONE', ( #2514, #1211, #390, #2381, #30, #793, #2925, #806, #2156, #1057, #2951, #1257 ) ) ;
#311 = PLANE ( 'NONE',  #1745 ) ;
#312 = EDGE_CURVE ( 'NONE', #1584, #1744, #1377, .T. ) ;
#313 = VERTEX_POINT ( 'NONE', #1006 ) ;
#314 = ORIENTED_EDGE ( 'NONE', *, *, #1726, .T. ) ;
#315 = VECTOR ( 'NONE', #3287, 1000.000000000000000 ) ;
#316 = EDGE_CURVE ( 'NONE', #3158, #1968, #387, .T. ) ;
#317 = CARTESIAN_POINT ( 'NONE',  ( 1.950000000000000178, 1.105000000000000870, -2.449999999999998845 ) ) ;
#318 = CARTESIAN_POINT ( 'NONE',  ( -2.390693662505769979, 0.2520953002325063697, -2.109999999999999876 ) ) ;
#319 = CARTESIAN_POINT ( 'NONE',  ( 1.950000000000000178, 1.105000000000000870, -2.449999999999998845 ) ) ;
#320 = CARTESIAN_POINT ( 'NONE',  ( -2.985351140513735402, -1.554929984311652099E-18, 2.109999999999999876 ) ) ;
#321 = ORIENTED_EDGE ( 'NONE', *, *, #1759, .F. ) ;
#322 = DIRECTION ( 'NONE',  ( 0.9961946980917454342, -0.08715574274765926222, 0.000000000000000000 ) ) ;
#323 = EDGE_CURVE ( 'NONE', #1846, #917, #3933, .T. ) ;
#324 = CARTESIAN_POINT ( 'NONE',  ( 2.092256965349082787, 0.8771976517450829069, 2.109999999999999876 ) ) ;
#325 = DIRECTION ( 'NONE',  ( 0.000000000000000000, 0.000000000000000000, 1.000000000000000000 ) ) ;
#326 = ADVANCED_FACE ( 'NONE', ( #3528 ), #1994, .F. ) ;
#327 = ORIENTED_EDGE ( 'NONE', *, *, #2387, .T. ) ;
#328 = CARTESIAN_POINT ( 'NONE',  ( -1.950000000000000622, 1.105000000000000870, -0.4300000000000002709 ) ) ;
#329 = ORIENTED_EDGE ( 'NONE', *, *, #4020, .T. ) ;
#330 = ORIENTED_EDGE ( 'NONE', *, *, #2255, .F. ) ;
#331 = CARTESIAN_POINT ( 'NONE',  ( 2.390693662505769979, 0.2520953002325064252, 0.8399999999999998579 ) ) ;
#332 = FACE_OUTER_BOUND ( 'NONE', #3839, .T. ) ;
#333 = FACE_OUTER_BOUND ( 'NONE', #1922, .T. ) ;
#334 = ORIENTED_EDGE ( 'NONE', *, *, #3581, .F. ) ;
#335 = DIRECTION ( 'NONE',  ( 0.000000000000000000, -0.000000000000000000, 1.000000000000000000 ) ) ;
#336 = ORIENTED_EDGE ( 'NONE', *, *, #1266, .T. ) ;
#337 = DIRECTION ( 'NONE',  ( 0.000000000000000000, 0.9961946980917455452, -0.08715574274765836016 ) ) ;
#338 = ORIENTED_EDGE ( 'NONE', *, *, #2815, .T. ) ;
#339 = CARTESIAN_POINT ( 'NONE',  ( -2.391935491544398218, 0.2698542828618181177, 0.4300000000000000488 ) ) ;
#340 = DIRECTION ( 'NONE',  ( 1.000000000000000000, 0.000000000000000000, 0.000000000000000000 ) ) ;
#341 = CARTESIAN_POINT ( 'NONE',  ( 2.092256965349082787, 1.104999999999999538, 0.4300000000000000488 ) ) ;
#342 = DIRECTION ( 'NONE',  ( 1.000000000000000000, 0.000000000000000000, 0.000000000000000000 ) ) ;
#343 = VERTEX_POINT ( 'NONE', #2327 ) ;
#344 = EDGE_CURVE ( 'NONE', #3362, #4045, #3618, .T. ) ;
#345 = DIRECTION ( 'NONE',  ( 0.06975647374411747537, -0.9975640502598247528, 0.000000000000000000 ) ) ;
#346 = CARTESIAN_POINT ( 'NONE',  ( -1.950000000000000844, 1.105000000000000870, 0.8399999999999998579 ) ) ;
#347 = EDGE_CURVE ( 'NONE', #1920, #1429, #147, .T. ) ;
#348 = ORIENTED_EDGE ( 'NONE', *, *, #2212, .F. ) ;
#349 = DIRECTION ( 'NONE',  ( -0.08715574274765924834, -0.9961946980917454342, 0.000000000000000000 ) ) ;
#350 = DIRECTION ( 'NONE',  ( -0.000000000000000000, -0.000000000000000000, -1.000000000000000000 ) ) ;
#351 = ORIENTED_EDGE ( 'NONE', *, *, #3903, .T. ) ;
#352 = FACE_OUTER_BOUND ( 'NONE', #1204, .T. ) ;
#353 = DIRECTION ( 'NONE',  ( -0.000000000000000000, -0.000000000000000000, -1.000000000000000000 ) ) ;
#354 = ORIENTED_EDGE ( 'NONE', *, *, #2034, .F. ) ;
#355 = EDGE_LOOP ( 'NONE', ( #3214, #3696, #3875, #1519 ) ) ;
#356 = ORIENTED_EDGE ( 'NONE', *, *, #3256, .T. ) ;
#357 = AXIS2_PLACEMENT_3D ( 'NONE', #3568, #3253, #2931 ) ;
#358 = CARTESIAN_POINT ( 'NONE',  ( -2.092256965349082787, 0.8771976517450829069, 0.4300000000000000488 ) ) ;
#359 = DIRECTION ( 'NONE',  ( -0.000000000000000000, 0.000000000000000000, -1.000000000000000000 ) ) ;
#360 = CYLINDRICAL_SURFACE ( 'NONE', #2390, 0.01780234825491788103 ) ;
#361 = DIRECTION ( 'NONE',  ( 0.000000000000000000, 0.000000000000000000, 1.000000000000000000 ) ) ;
#362 = VERTEX_POINT ( 'NONE', #3219 ) ;
#363 =( GEOMETRIC_REPRESENTATION_CONTEXT ( 3 ) GLOBAL_UNCERTAINTY_ASSIGNED_CONTEXT ( ( #3513 ) ) GLOBAL_UNIT_ASSIGNED_CONTEXT ( ( #1502, #3327, #1771 ) ) REPRESENTATION_CONTEXT ( 'NONE', 'WORKASPACE' ) );
#364 = DIRECTION ( 'NONE',  ( -0.000000000000000000, -0.000000000000000000, -1.000000000000000000 ) ) ;
#365 = CARTESIAN_POINT ( 'NONE',  ( 3.000000000000000000, 0.2094884505545622777, -0.8400000000000000799 ) ) ;
#366 = CARTESIAN_POINT ( 'NONE',  ( 2.165000000000000036, 0.2500000000000000555, 1.700000000000000178 ) ) ;
#367 = EDGE_CURVE ( 'NONE', #2046, #2315, #393, .T. ) ;
#368 = VECTOR ( 'NONE', #2184, 1000.000000000000000 ) ;
#369 = VECTOR ( 'NONE', #133, 1000.000000000000000 ) ;
#370 = AXIS2_PLACEMENT_3D ( 'NONE', #3926, #3042, #3024 ) ;
#371 = ORIENTED_EDGE ( 'NONE', *, *, #2584, .F. ) ;
#372 = CARTESIAN_POINT ( 'NONE',  ( -1.950000000000000622, 0.8950000000000007949, -1.700000000000000178 ) ) ;
#373 = EDGE_CURVE ( 'NONE', #3255, #416, #1570, .T. ) ;
#374 = VECTOR ( 'NONE', #3719, 1000.000000000000000 ) ;
#376 = AXIS2_PLACEMENT_3D ( 'NONE', #3088, #910, #4083 ) ;
#375 = CARTESIAN_POINT ( 'NONE',  ( 2.374200886599265647, 0.2683027059770082823, -1.700000000000000178 ) ) ;
#377 = EDGE_LOOP ( 'NONE', ( #2000, #4105, #1856, #1017 ) ) ;
#378 = DIRECTION ( 'NONE',  ( -0.08715574274765873486, -0.9961946980917454342, 0.000000000000000000 ) ) ;
#379 = VECTOR ( 'NONE', #759, 1000.000000000000000 ) ;
#380 = ADVANCED_FACE ( 'NONE', ( #796 ), #3015, .F. ) ;
#381 = FACE_OUTER_BOUND ( 'NONE', #2415, .T. ) ;
#382 = ORIENTED_EDGE ( 'NONE', *, *, #2212, .T. ) ;
#383 = VERTEX_POINT ( 'NONE', #1468 ) ;
#384 = DIRECTION ( 'NONE',  ( -1.000000000000000000, -6.097147762571766712E-15, 0.000000000000000000 ) ) ;
#385 = AXIS2_PLACEMENT_3D ( 'NONE', #324, #1565, #2540 ) ;
#386 = CARTESIAN_POINT ( 'NONE',  ( -1.950000000000000844, 1.105000000000000870, 0.8399999999999998579 ) ) ;
#387 = CIRCLE ( 'NONE', #119, 0.2278023482549169088 ) ;
#388 = CARTESIAN_POINT ( 'NONE',  ( -2.985351140513735402, -1.554929984311652099E-18, -0.4300000000000002709 ) ) ;
#389 = CARTESIAN_POINT ( 'NONE',  ( 2.109991570294214913, 0.8787492286298929089, -0.4300000000000002709 ) ) ;
#390 = ORIENTED_EDGE ( 'NONE', *, *, #4093, .F. ) ;
#391 = CARTESIAN_POINT ( 'NONE',  ( -2.092256965349082787, 0.8771976517450829069, 1.700000000000000178 ) ) ;
#392 = CARTESIAN_POINT ( 'NONE',  ( 2.390693662505769979, 0.2520953002325062031, -1.700000000000000178 ) ) ;
#393 = LINE ( 'NONE', #1764, #3692 ) ;
#394 = LINE ( 'NONE', #2586, #3748 ) ;
#395 = CARTESIAN_POINT ( 'NONE',  ( 2.109991570294214913, 0.8787492286298929089, -2.109999999999999876 ) ) ;
#396 = EDGE_CURVE ( 'NONE', #3647, #1062, #873, .T. ) ;
#397 = ORIENTED_EDGE ( 'NONE', *, *, #3034, .T. ) ;
#398 = FILL_AREA_STYLE_COLOUR ( '', #505 ) ;
#399 = DIRECTION ( 'NONE',  ( -1.000000000000000000, 0.000000000000000000, 0.000000000000000000 ) ) ;
#400 = EDGE_LOOP ( 'NONE', ( #2538, #2218 ) ) ;
#401 = SURFACE_STYLE_FILL_AREA ( #3247 ) ;
#402 = EDGE_CURVE ( 'NONE', #2856, #2973, #3953, .T. ) ;
#403 = EDGE_LOOP ( 'NONE', ( #792, #1114, #67, #558 ) ) ;
#404 = ORIENTED_EDGE ( 'NONE', *, *, #1773, .F. ) ;
#405 = ADVANCED_FACE ( 'NONE', ( #172 ), #1431, .F. ) ;
#406 = ORIENTED_EDGE ( 'NONE', *, *, #523, .F. ) ;
#407 = CARTESIAN_POINT ( 'NONE',  ( 1.950000000000000844, 1.105000000000000870, 2.109999999999999876 ) ) ;
#408 = LINE ( 'NONE', #2032, #2730 ) ;
#409 = EDGE_LOOP ( 'NONE', ( #35, #2108, #1671, #1019 ) ) ;
#410 = EDGE_CURVE ( 'NONE', #3574, #2487, #2742, .T. ) ;
#411 = DIRECTION ( 'NONE',  ( -0.000000000000000000, -0.000000000000000000, -1.000000000000000000 ) ) ;
#412 = DIRECTION ( 'NONE',  ( -9.145721643857650857E-15, -1.000000000000000000, 0.000000000000000000 ) ) ;
#413 = DIRECTION ( 'NONE',  ( 1.000000000000000000, 0.000000000000000000, -0.000000000000000000 ) ) ;
#414 = CARTESIAN_POINT ( 'NONE',  ( -1.950000000000000622, 0.8950000000000007949, -0.8400000000000000799 ) ) ;
#415 = DIRECTION ( 'NONE',  ( -0.000000000000000000, -0.000000000000000000, -1.000000000000000000 ) ) ;
#416 = VERTEX_POINT ( 'NONE', #2360 ) ;
#417 = SURFACE_STYLE_FILL_AREA ( #2336 ) ;
#418 = FACE_OUTER_BOUND ( 'NONE', #2297, .T. ) ;
#419 = ORIENTED_EDGE ( 'NONE', *, *, #2221, .F. ) ;
#420 = SURFACE_STYLE_USAGE ( .BOTH. , #75 ) ;
#421 = EDGE_LOOP ( 'NONE', ( #1269, #3419, #1660, #3730 ) ) ;
#422 = EDGE_LOOP ( 'NONE', ( #2896, #4048, #127, #3557 ) ) ;
#423 = EDGE_CURVE ( 'NONE', #79, #634, #2407, .T. ) ;
#424 = LINE ( 'NONE', #1672, #2857 ) ;
#425 = ORIENTED_EDGE ( 'NONE', *, *, #600, .T. ) ;
#426 = LINE ( 'NONE', #109, #2064 ) ;
#427 = EDGE_CURVE ( 'NONE', #3943, #3012, #3671, .T. ) ;
#428 = FACE_OUTER_BOUND ( 'NONE', #3142, .T. ) ;
#429 = VERTEX_POINT ( 'NONE', #1741 ) ;
#430 = CARTESIAN_POINT ( 'NONE',  ( -3.000000000000000000, 0.2094884505545626108, 1.700000000000000178 ) ) ;
#431 = DIRECTION ( 'NONE',  ( 0.06975647374411758639, 0.9975640502598247528, -0.000000000000000000 ) ) ;
#432 = LINE ( 'NONE', #1394, #237 ) ;
#433 = ORIENTED_EDGE ( 'NONE', *, *, #2663, .F. ) ;
#434 = STYLED_ITEM ( 'NONE', ( #2921 ), #1137 ) ;
#435 = DIRECTION ( 'NONE',  ( -0.000000000000000000, 0.000000000000000000, -1.000000000000000000 ) ) ;
#436 = AXIS2_PLACEMENT_3D ( 'NONE', #1822, #2444, #3732 ) ;
#437 = DIRECTION ( 'NONE',  ( -1.000000000000000000, 0.000000000000000000, 0.000000000000000000 ) ) ;
#438 = CARTESIAN_POINT ( 'NONE',  ( -1.205055510833896504, 1.649999999999999245, -2.109999999999998099 ) ) ;
#439 = VECTOR ( 'NONE', #2853, 1000.000000000000000 ) ;
#440 = VECTOR ( 'NONE', #1897, 1000.000000000000000 ) ;
#441 = CARTESIAN_POINT ( 'NONE',  ( -2.985351140513735402, -1.554929984311652099E-18, -1.700000000000000178 ) ) ;
#442 = VERTEX_POINT ( 'NONE', #3035 ) ;
#443 = ORIENTED_EDGE ( 'NONE', *, *, #520, .T. ) ;
#444 = COLOUR_RGB ( '',0.7960784313725489669, 0.8235294117647058432, 0.9372549019607843146 ) ;
#445 = AXIS2_PLACEMENT_3D ( 'NONE', #1242, #2847, #2484 ) ;
#446 = EDGE_CURVE ( 'NONE', #2973, #2654, #3077, .T. ) ;
#447 = DIRECTION ( 'NONE',  ( -1.000000000000000000, 0.000000000000000000, 0.000000000000000000 ) ) ;
#448 = LINE ( 'NONE', #2908, #2078 ) ;
#449 = EDGE_LOOP ( 'NONE', ( #1120, #4016, #1883, #273, #916, #535, #581, #3485, #1776, #1371, #2175, #824 ) ) ;
#450 = CLOSED_SHELL ( 'NONE', ( #1932, #2008, #1061, #598, #242, #2084, #4047, #546, #1078, #1863, #2164, #3230, #2059, #2154 ) ) ;
#451 = ADVANCED_FACE ( 'NONE', ( #1144 ), #2701, .F. ) ;
#452 = AXIS2_PLACEMENT_3D ( 'NONE', #1319, #1913, #3167 ) ;
#453 = DIRECTION ( 'NONE',  ( -0.000000000000000000, -0.000000000000000000, -1.000000000000000000 ) ) ;
#454 = DIRECTION ( 'NONE',  ( -0.000000000000000000, 0.000000000000000000, -1.000000000000000000 ) ) ;
#455 = LINE ( 'NONE', #2252, #379 ) ;
#456 = CIRCLE ( 'NONE', #3223, 0.2278023482549169088 ) ;
#457 = CARTESIAN_POINT ( 'NONE',  ( 1.950000000000000844, 0.8950000000000007949, 0.8399999999999998579 ) ) ;
#458 = ORIENTED_EDGE ( 'NONE', *, *, #924, .T. ) ;
#459 = EDGE_CURVE ( 'NONE', #3012, #1250, #2347, .T. ) ;
#460 = VERTEX_POINT ( 'NONE', #1823 ) ;
#461 = LINE ( 'NONE', #3961, #1957 ) ;
#462 = CARTESIAN_POINT ( 'NONE',  ( 2.376044803019505380, 0.04260684967794371725, 2.109999999999999876 ) ) ;
#463 = EDGE_CURVE ( 'NONE', #634, #2229, #3341, .T. ) ;
#464 = EDGE_LOOP ( 'NONE', ( #1075, #1471, #3321, #2924 ) ) ;
#465 = ORIENTED_EDGE ( 'NONE', *, *, #3251, .T. ) ;
#466 = FACE_OUTER_BOUND ( 'NONE', #787, .T. ) ;
#467 = CARTESIAN_POINT ( 'NONE',  ( 1.950000000000000844, 1.105000000000000870, 0.8399999999999998579 ) ) ;
#468 = EDGE_LOOP ( 'NONE', ( #1729, #3250 ) ) ;
#469 = LINE ( 'NONE', #1647, #3489 ) ;
#470 = LINE ( 'NONE', #2329, #3669 ) ;
#471 = CARTESIAN_POINT ( 'NONE',  ( 2.109991570294214913, 0.8787492286298929089, 0.4300000000000000488 ) ) ;
#472 = ORIENTED_EDGE ( 'NONE', *, *, #120, .F. ) ;
#473 = ADVANCED_FACE ( 'NONE', ( #3634 ), #3317, .F. ) ;
#474 = VERTEX_POINT ( 'NONE', #810 ) ;
#475 = DIRECTION ( 'NONE',  ( 1.000000000000000000, 0.000000000000000000, -0.000000000000000000 ) ) ;
#476 = DIRECTION ( 'NONE',  ( 0.000000000000000000, -1.000000000000000000, 0.000000000000000000 ) ) ;
#477 = EDGE_CURVE ( 'NONE', #1739, #3622, #2065, .T. ) ;
#478 = CARTESIAN_POINT ( 'NONE',  ( 2.092256965349082787, 0.8771976517450829069, -0.4300000000000002709 ) ) ;
#479 = EDGE_LOOP ( 'NONE', ( #264, #773, #2504, #4056 ) ) ;
#480 = ADVANCED_FACE ( 'NONE', ( #3054 ), #1190, .F. ) ;
#481 = ORIENTED_EDGE ( 'NONE', *, *, #3407, .F. ) ;
#482 = ORIENTED_EDGE ( 'NONE', *, *, #3204, .F. ) ;
#483 = EDGE_LOOP ( 'NONE', ( #1666, #1115, #619, #3454 ) ) ;
#484 = DIRECTION ( 'NONE',  ( -1.000000000000000000, 0.000000000000000000, 0.000000000000000000 ) ) ;
#485 = APPLICATION_CONTEXT ( 'automotive_design' ) ;
#486 = LINE ( 'NONE', #1469, #1415 ) ;
#487 = CARTESIAN_POINT ( 'NONE',  ( 2.165000000000000036, 0.2500000000000000555, 0.8399999999999998579 ) ) ;
#488 = ORIENTED_EDGE ( 'NONE', *, *, #1189, .T. ) ;
#489 = EDGE_CURVE ( 'NONE', #2270, #2357, #2426, .T. ) ;
#490 =( LENGTH_UNIT ( ) NAMED_UNIT ( * ) SI_UNIT ( .MILLI., .METRE. ) );
#491 = LINE ( 'NONE', #178, #3061 ) ;
#492 = AXIS2_PLACEMENT_3D ( 'NONE', #1444, #208, #1509 ) ;
#493 = PLANE ( 'NONE',  #1427 ) ;
#494 = EDGE_CURVE ( 'NONE', #343, #204, #1594, .T. ) ;
#495 = AXIS2_PLACEMENT_3D ( 'NONE', #1616, #3178, #2867 ) ;
#496 = VECTOR ( 'NONE', #3420, 1000.000000000000000 ) ;
#497 = ORIENTED_EDGE ( 'NONE', *, *, #781, .T. ) ;
#498 = VERTEX_POINT ( 'NONE', #2476 ) ;
#499 = CARTESIAN_POINT ( 'NONE',  ( -1.950000000000000622, 1.105000000000000870, -0.4300000000000002709 ) ) ;
#500 = AXIS2_PLACEMENT_3D ( 'NONE', #1210, #592, #282 ) ;
#501 = EDGE_CURVE ( 'NONE', #593, #2797, #956, .T. ) ;
#502 = VERTEX_POINT ( 'NONE', #2763 ) ;
#503 = FACE_OUTER_BOUND ( 'NONE', #3299, .T. ) ;
#504 = ORIENTED_EDGE ( 'NONE', *, *, #3504, .F. ) ;
#505 = COLOUR_RGB ( '',0.7960784313725489669, 0.8235294117647058432, 0.9372549019607843146 ) ;
#506 = CARTESIAN_POINT ( 'NONE',  ( -2.390693662505769979, 0.2520953002325061476, -1.700000000000000178 ) ) ;
#507 = VECTOR ( 'NONE', #620, 1000.000000000000000 ) ;
#508 = AXIS2_PLACEMENT_3D ( 'NONE', #3655, #2073, #3086 ) ;
#509 = DIRECTION ( 'NONE',  ( -1.000000000000000000, 0.000000000000000000, 0.000000000000000000 ) ) ;
#510 = LINE ( 'NONE', #3973, #2135 ) ;
#511 = PLANE ( 'NONE',  #500 ) ;
#512 = ORIENTED_EDGE ( 'NONE', *, *, #4099, .T. ) ;
#513 = VECTOR ( 'NONE', #3988, 1000.000000000000000 ) ;
#514 = EDGE_CURVE ( 'NONE', #1090, #1442, #3102, .T. ) ;
#515 = PRESENTATION_STYLE_ASSIGNMENT (( #4021 ) ) ;
#516 = ORIENTED_EDGE ( 'NONE', *, *, #1542, .T. ) ;
#517 = DIRECTION ( 'NONE',  ( -0.000000000000000000, -0.000000000000000000, -1.000000000000000000 ) ) ;
#518 = ORIENTED_EDGE ( 'NONE', *, *, #396, .T. ) ;
#519 = ORIENTED_EDGE ( 'NONE', *, *, #1307, .F. ) ;
#520 = EDGE_CURVE ( 'NONE', #2242, #2103, #2532, .T. ) ;
#521 = CARTESIAN_POINT ( 'NONE',  ( -2.092256965349082787, 0.8771976517450829069, -2.109999999999999876 ) ) ;
#522 = VERTEX_POINT ( 'NONE', #280 ) ;
#523 = EDGE_CURVE ( 'NONE', #1633, #3366, #3734, .T. ) ;
#524 = CARTESIAN_POINT ( 'NONE',  ( -1.949999999999998845, 1.105000000000000870, -2.449999999999998401 ) ) ;
#525 = CARTESIAN_POINT ( 'NONE',  ( 1.950000000000000178, 0.8950000000000007949, -2.449999999999998845 ) ) ;
#526 = CARTESIAN_POINT ( 'NONE',  ( 1.950000000000000844, 0.8950000000000007949, 1.700000000000000178 ) ) ;
#527 = CARTESIAN_POINT ( 'NONE',  ( 2.092256965349082787, 1.104999999999999538, -0.8400000000000000799 ) ) ;
#528 = EDGE_LOOP ( 'NONE', ( #2968, #3458, #1536, #3980 ) ) ;
#529 = EDGE_CURVE ( 'NONE', #3084, #1045, #18, .T. ) ;
#530 = DIRECTION ( 'NONE',  ( 0.9961946980917455452, 0.08715574274765874874, -0.000000000000000000 ) ) ;
#531 = SURFACE_SIDE_STYLE ('',( #2054 ) ) ;
#532 = FACE_OUTER_BOUND ( 'NONE', #2989, .T. ) ;
#533 = CARTESIAN_POINT ( 'NONE',  ( -2.109991570294214913, 0.8787492286298929089, -2.109999999999999876 ) ) ;
#534 = CARTESIAN_POINT ( 'NONE',  ( -3.000000000000000000, 0.2094884505545626108, -0.8400000000000000799 ) ) ;
#535 = ORIENTED_EDGE ( 'NONE', *, *, #3140, .T. ) ;
#536 = DIRECTION ( 'NONE',  ( 1.000000000000000000, 0.000000000000000000, -0.000000000000000000 ) ) ;
#537 = DIRECTION ( 'NONE',  ( -0.000000000000000000, -0.000000000000000000, -1.000000000000000000 ) ) ;
#538 = ORIENTED_EDGE ( 'NONE', *, *, #139, .T. ) ;
#539 = ORIENTED_EDGE ( 'NONE', *, *, #1449, .T. ) ;
#540 = FACE_OUTER_BOUND ( 'NONE', #3982, .T. ) ;
#541 = ADVANCED_FACE ( 'NONE', ( #4094 ), #296, .F. ) ;
#542 = CARTESIAN_POINT ( 'NONE',  ( 2.092256965349082787, 1.104999999999999538, 0.8399999999999998579 ) ) ;
#543 = LINE ( 'NONE', #214, #2599 ) ;
#544 = CARTESIAN_POINT ( 'NONE',  ( -3.000000000000000000, 0.2094884505545626108, -1.700000000000000178 ) ) ;
#545 = ORIENTED_EDGE ( 'NONE', *, *, #4093, .T. ) ;
#546 = ADVANCED_FACE ( 'NONE', ( #2149 ), #2841, .F. ) ;
#547 = DIRECTION ( 'NONE',  ( -0.000000000000000000, -0.000000000000000000, -1.000000000000000000 ) ) ;
#548 = DIRECTION ( 'NONE',  ( 0.08715574274765874874, 0.9961946980917454342, -0.000000000000000000 ) ) ;
#549 = DIRECTION ( 'NONE',  ( -1.000000000000000000, 0.000000000000000000, 0.000000000000000000 ) ) ;
#550 = VECTOR ( 'NONE', #3546, 1000.000000000000000 ) ;
#551 = ORIENTED_EDGE ( 'NONE', *, *, #2635, .T. ) ;
#552 = CARTESIAN_POINT ( 'NONE',  ( -2.390693662505769979, 0.2520953002325063697, 2.109999999999999876 ) ) ;
#553 = ORIENTED_EDGE ( 'NONE', *, *, #2425, .T. ) ;
#554 = COLOUR_RGB ( '',0.7960784313725489669, 0.8235294117647058432, 0.9372549019607843146 ) ;
#555 = DIRECTION ( 'NONE',  ( 2.215541447978690748E-16, 0.08715574274765836016, 0.9961946980917455452 ) ) ;
#556 = VECTOR ( 'NONE', #2952, 1000.000000000000000 ) ;
#557 = DIRECTION ( 'NONE',  ( -1.000000000000000000, 0.000000000000000000, 0.000000000000000000 ) ) ;
#558 = ORIENTED_EDGE ( 'NONE', *, *, #852, .T. ) ;
#559 = ORIENTED_EDGE ( 'NONE', *, *, #2780, .T. ) ;
#560 = LINE ( 'NONE', #3078, #1411 ) ;
#561 = VECTOR ( 'NONE', #2125, 1000.000000000000000 ) ;
#562 = EDGE_CURVE ( 'NONE', #1221, #1329, #815, .T. ) ;
#563 = AXIS2_PLACEMENT_3D ( 'NONE', #2403, #3946, #1124 ) ;
#564 = DIRECTION ( 'NONE',  ( 0.000000000000000000, 1.000000000000000000, 0.000000000000000000 ) ) ;
#565 = VECTOR ( 'NONE', #1497, 1000.000000000000000 ) ;
#566 = DIRECTION ( 'NONE',  ( -0.08715574274765924834, -0.9961946980917454342, 0.000000000000000000 ) ) ;
#567 = CIRCLE ( 'NONE', #1234, 0.2049999999999996825 ) ;
#568 = CARTESIAN_POINT ( 'NONE',  ( 2.391935491544398218, 0.2698542828618181177, 2.109999999999999876 ) ) ;
#569 = ORIENTED_EDGE ( 'NONE', *, *, #3166, .T. ) ;
#570 = EDGE_CURVE ( 'NONE', #606, #2288, #3758, .T. ) ;
#571 = AXIS2_PLACEMENT_3D ( 'NONE', #3475, #251, #2117 ) ;
#572 = VECTOR ( 'NONE', #3921, 1000.000000000000114 ) ;
#573 = CARTESIAN_POINT ( 'NONE',  ( -1.920272870946982957, 1.444782639886913023, -2.449999999999998845 ) ) ;
#574 = DIRECTION ( 'NONE',  ( -0.000000000000000000, -0.000000000000000000, -1.000000000000000000 ) ) ;
#575 = LINE ( 'NONE', #2352, #1410 ) ;
#576 = ADVANCED_FACE ( 'NONE', ( #2205 ), #3462, .F. ) ;
#577 = CARTESIAN_POINT ( 'NONE',  ( -2.109991570294214913, 0.8787492286298929089, 2.109999999999999876 ) ) ;
#578 = DIRECTION ( 'NONE',  ( -0.06975647374411884927, -0.9975640502598247528, 0.000000000000000000 ) ) ;
#579 = VECTOR ( 'NONE', #1110, 1000.000000000000000 ) ;
#580 =( LENGTH_UNIT ( ) NAMED_UNIT ( * ) SI_UNIT ( .MILLI., .METRE. ) );
#581 = ORIENTED_EDGE ( 'NONE', *, *, #120, .T. ) ;
#582 = VERTEX_POINT ( 'NONE', #4053 ) ;
#583 = EDGE_CURVE ( 'NONE', #932, #3228, #3796, .T. ) ;
#584 = CARTESIAN_POINT ( 'NONE',  ( -1.949999999999999067, 1.105000000000000870, 2.449999999999999289 ) ) ;
#585 = FACE_OUTER_BOUND ( 'NONE', #953, .T. ) ;
#586 = LINE ( 'NONE', #2469, #2859 ) ;
#587 = VERTEX_POINT ( 'NONE', #1554 ) ;
#588 = ORIENTED_EDGE ( 'NONE', *, *, #1136, .F. ) ;
#589 = CARTESIAN_POINT ( 'NONE',  ( -2.092256965349082787, 1.104999999999999982, -0.8400000000000000799 ) ) ;
#590 = CARTESIAN_POINT ( 'NONE',  ( -1.949999999999999067, 0.8950000000000007949, 2.449999999999999289 ) ) ;
#591 = DIRECTION ( 'NONE',  ( -1.000000000000000000, -0.000000000000000000, 2.224004456380522396E-16 ) ) ;
#592 = DIRECTION ( 'NONE',  ( 0.7071067811865473507, -0.7071067811865477948, 0.000000000000000000 ) ) ;
#593 = VERTEX_POINT ( 'NONE', #3778 ) ;
#594 = CARTESIAN_POINT ( 'NONE',  ( -1.949999999999998845, 1.105000000000000870, -2.449999999999998401 ) ) ;
#595 = EDGE_LOOP ( 'NONE', ( #2785, #3112, #1373, #1443 ) ) ;
#596 = LINE ( 'NONE', #1538, #4089 ) ;
#597 = DIRECTION ( 'NONE',  ( 1.000000000000000000, 0.000000000000000000, 0.000000000000000000 ) ) ;
#598 = ADVANCED_FACE ( 'NONE', ( #3488 ), #1253, .F. ) ;
#599 = DIRECTION ( 'NONE',  ( 0.000000000000000000, 0.000000000000000000, 1.000000000000000000 ) ) ;
#600 = EDGE_CURVE ( 'NONE', #3521, #1221, #980, .T. ) ;
#601 = DIRECTION ( 'NONE',  ( 0.08715574274765926222, 0.9961946980917454342, 0.000000000000000000 ) ) ;
#602 = ORIENTED_EDGE ( 'NONE', *, *, #4082, .F. ) ;
#603 = VERTEX_POINT ( 'NONE', #673 ) ;
#604 = CARTESIAN_POINT ( 'NONE',  ( -1.949999999999998845, 1.105000000000000870, -2.449999999999998401 ) ) ;
#605 = ADVANCED_FACE ( 'NONE', ( #653 ), #3421, .F. ) ;
#606 = VERTEX_POINT ( 'NONE', #1943 ) ;
#607 = ORIENTED_EDGE ( 'NONE', *, *, #1754, .F. ) ;
#608 = DIRECTION ( 'NONE',  ( -1.000000000000000000, 0.000000000000000000, 0.000000000000000000 ) ) ;
#609 = CARTESIAN_POINT ( 'NONE',  ( 1.950000000000001066, 1.105000000000000870, -0.4300000000000002709 ) ) ;
#610 = CARTESIAN_POINT ( 'NONE',  ( -2.374200886599265647, 0.2683027059770077827, 1.700000000000000178 ) ) ;
#611 = CARTESIAN_POINT ( 'NONE',  ( -2.985351140513735402, -1.554929984311652099E-18, 1.700000000000000178 ) ) ;
#612 = ORIENTED_EDGE ( 'NONE', *, *, #94, .F. ) ;
#613 = FILL_AREA_STYLE_COLOUR ( '', #3949 ) ;
#614 = CARTESIAN_POINT ( 'NONE',  ( 2.109991570294214913, 0.8787492286298929089, 0.8399999999999998579 ) ) ;
#615 = DIRECTION ( 'NONE',  ( -0.9975640502598247528, 0.06975647374411814150, 0.000000000000000000 ) ) ;
#616 = FACE_OUTER_BOUND ( 'NONE', #3542, .T. ) ;
#617 = DIRECTION ( 'NONE',  ( 0.000000000000000000, -1.000000000000000000, 0.000000000000000000 ) ) ;
#618 = CARTESIAN_POINT ( 'NONE',  ( 0.000000000000000000, 0.000000000000000000, 0.000000000000000000 ) ) ;
#619 = ORIENTED_EDGE ( 'NONE', *, *, #3087, .F. ) ;
#620 = DIRECTION ( 'NONE',  ( -1.000000000000000000, -6.097147762571766712E-15, 0.000000000000000000 ) ) ;
#621 = DIRECTION ( 'NONE',  ( 0.000000000000000000, 0.000000000000000000, 1.000000000000000000 ) ) ;
#622 = VECTOR ( 'NONE', #999, 1000.000000000000000 ) ;
#623 = EDGE_CURVE ( 'NONE', #1408, #2819, #2624, .T. ) ;
#624 = VECTOR ( 'NONE', #1249, 1000.000000000000114 ) ;
#625 = DIRECTION ( 'NONE',  ( -0.08715574274765924834, -0.9961946980917454342, 0.000000000000000000 ) ) ;
#626 = ORIENTED_EDGE ( 'NONE', *, *, #29, .F. ) ;
#627 = EDGE_CURVE ( 'NONE', #301, #1967, #1345, .T. ) ;
#628 = AXIS2_PLACEMENT_3D ( 'NONE', #3262, #435, #2940 ) ;
#629 = CARTESIAN_POINT ( 'NONE',  ( 2.376044803019505380, 0.04260684967794371725, 2.109999999999999876 ) ) ;
#630 = DIRECTION ( 'NONE',  ( 0.000000000000000000, 0.000000000000000000, 1.000000000000000000 ) ) ;
#631 = CARTESIAN_POINT ( 'NONE',  ( 2.374200886599265647, 0.2683027059770082823, -0.4300000000000002709 ) ) ;
#632 = DIRECTION ( 'NONE',  ( -0.000000000000000000, -0.000000000000000000, -1.000000000000000000 ) ) ;
#633 = CIRCLE ( 'NONE', #1946, 0.01780234825491788103 ) ;
#634 = VERTEX_POINT ( 'NONE', #1313 ) ;
#635 = AXIS2_PLACEMENT_3D ( 'NONE', #2003, #1387, #2637 ) ;
#636 = EDGE_CURVE ( 'NONE', #3520, #204, #3911, .T. ) ;
#637 = AXIS2_PLACEMENT_3D ( 'NONE', #3147, #3179, #47 ) ;
#638 = AXIS2_PLACEMENT_3D ( 'NONE', #3665, #2085, #3031 ) ;
#639 = CARTESIAN_POINT ( 'NONE',  ( 2.390693662505769979, 0.2520953002325064252, -0.4300000000000002709 ) ) ;
#640 = VECTOR ( 'NONE', #2161, 1000.000000000000000 ) ;
#641 = CIRCLE ( 'NONE', #1692, 0.01780234825491788103 ) ;
#642 = SURFACE_STYLE_USAGE ( .BOTH. , #1834 ) ;
#643 = ORIENTED_EDGE ( 'NONE', *, *, #1005, .F. ) ;
#644 = CARTESIAN_POINT ( 'NONE',  ( -1.893569812025777566, 0.2500000000000006661, -2.393569812025777122 ) ) ;
#645 = DIRECTION ( 'NONE',  ( -0.000000000000000000, -0.000000000000000000, -1.000000000000000000 ) ) ;
#646 = ORIENTED_EDGE ( 'NONE', *, *, #1258, .F. ) ;
#647 = EDGE_CURVE ( 'NONE', #2400, #3039, #45, .T. ) ;
#648 = LINE ( 'NONE', #1904, #1092 ) ;
#649 = DIRECTION ( 'NONE',  ( -0.08715574274765876261, 0.9961946980917454342, -0.000000000000000000 ) ) ;
#650 = ORIENTED_EDGE ( 'NONE', *, *, #8, .F. ) ;
#651 = VECTOR ( 'NONE', #2974, 1000.000000000000000 ) ;
#652 = DIRECTION ( 'NONE',  ( -2.215541447978691241E-16, -0.08715574274765836016, -0.9961946980917455452 ) ) ;
#653 = FACE_OUTER_BOUND ( 'NONE', #3909, .T. ) ;
#654 = DIRECTION ( 'NONE',  ( -0.9975640502598246417, 0.06975647374411883539, -0.000000000000000000 ) ) ;
#655 = ADVANCED_FACE ( 'NONE', ( #2954 ), #3278, .F. ) ;
#656 = DIRECTION ( 'NONE',  ( -0.000000000000000000, -0.000000000000000000, -1.000000000000000000 ) ) ;
#657 = CARTESIAN_POINT ( 'NONE',  ( 1.950000000000001066, 1.105000000000000870, -2.109999999999999876 ) ) ;
#658 = ORIENTED_EDGE ( 'NONE', *, *, #2089, .F. ) ;
#659 = DIRECTION ( 'NONE',  ( -1.000000000000000000, 0.000000000000000000, 0.000000000000000000 ) ) ;
#660 = DIRECTION ( 'NONE',  ( 0.000000000000000000, 0.000000000000000000, 1.000000000000000000 ) ) ;
#661 = EDGE_CURVE ( 'NONE', #4103, #1408, #85, .T. ) ;
#662 = PRODUCT ( 'ACS712ELCTR20AT', 'ACS712ELCTR20AT', '', ( #911 ) ) ;
#663 = VERTEX_POINT ( 'NONE', #2266 ) ;
#664 = CARTESIAN_POINT ( 'NONE',  ( -2.376044803019505380, 0.04260684967794371725, -0.4300000000000002709 ) ) ;
#665 = CARTESIAN_POINT ( 'NONE',  ( -2.319192456893480081, 0.8970519346069019129, 1.700000000000000178 ) ) ;
#666 = VERTEX_POINT ( 'NONE', #2602 ) ;
#667 = DIRECTION ( 'NONE',  ( -0.000000000000000000, -0.000000000000000000, -1.000000000000000000 ) ) ;
#668 = ORIENTED_EDGE ( 'NONE', *, *, #295, .F. ) ;
#669 = CARTESIAN_POINT ( 'NONE',  ( 1.950000000000000178, 1.105000000000000870, -2.449999999999998845 ) ) ;
#670 = VERTEX_POINT ( 'NONE', #3845 ) ;
#671 = ADVANCED_FACE ( 'NONE', ( #752 ), #2007, .T. ) ;
#672 = ORIENTED_EDGE ( 'NONE', *, *, #248, .F. ) ;
#673 = CARTESIAN_POINT ( 'NONE',  ( -1.920272870946982957, 1.444782639886913023, 2.420272870946981403 ) ) ;
#674 = DIRECTION ( 'NONE',  ( 1.000000000000000000, 0.000000000000000000, -0.000000000000000000 ) ) ;
#675 = CARTESIAN_POINT ( 'NONE',  ( -1.950000000000000844, 1.105000000000000870, 1.700000000000000178 ) ) ;
#676 = DIRECTION ( 'NONE',  ( 0.000000000000000000, -1.000000000000000000, 0.000000000000000000 ) ) ;
#677 = ORIENTED_EDGE ( 'NONE', *, *, #3788, .F. ) ;
#678 = EDGE_CURVE ( 'NONE', #3412, #3713, #2655, .T. ) ;
#679 = CARTESIAN_POINT ( 'NONE',  ( 2.374200886599265647, 0.2683027059770082823, -1.700000000000000178 ) ) ;
#680 = DIRECTION ( 'NONE',  ( 0.06975647374411758639, 0.9975640502598247528, -0.000000000000000000 ) ) ;
#681 = EDGE_CURVE ( 'NONE', #936, #2229, #426, .T. ) ;
#682 = ORIENTED_EDGE ( 'NONE', *, *, #212, .T. ) ;
#683 = DIRECTION ( 'NONE',  ( 1.000000000000000000, 0.000000000000000000, 0.000000000000000000 ) ) ;
#684 = SURFACE_SIDE_STYLE ('',( #3518 ) ) ;
#685 = CARTESIAN_POINT ( 'NONE',  ( -2.391935491544398218, 0.2698542828618181177, -0.4300000000000002709 ) ) ;
#686 = DIRECTION ( 'NONE',  ( -0.000000000000000000, -0.000000000000000000, -1.000000000000000000 ) ) ;
#687 = ORIENTED_EDGE ( 'NONE', *, *, #570, .F. ) ;
#688 = VERTEX_POINT ( 'NONE', #129 ) ;
#689 = CIRCLE ( 'NONE', #1086, 0.01780234825491788103 ) ;
#690 = DIRECTION ( 'NONE',  ( -0.9975640502598247528, -0.06975647374411818313, 0.000000000000000000 ) ) ;
#691 = CARTESIAN_POINT ( 'NONE',  ( 2.092256965349082787, 0.8771976517450829069, 2.109999999999999876 ) ) ;
#692 = DIRECTION ( 'NONE',  ( -0.08682659386424779191, -0.9924325091389669673, 0.08682659386424780579 ) ) ;
#693 = ORIENTED_EDGE ( 'NONE', *, *, #3611, .T. ) ;
#694 = VECTOR ( 'NONE', #3229, 1000.000000000000000 ) ;
#695 = FACE_OUTER_BOUND ( 'NONE', #409, .T. ) ;
#696 = DIRECTION ( 'NONE',  ( -0.000000000000000000, -0.000000000000000000, -1.000000000000000000 ) ) ;
#697 = DIRECTION ( 'NONE',  ( -0.000000000000000000, -0.000000000000000000, -1.000000000000000000 ) ) ;
#698 = CIRCLE ( 'NONE', #2134, 0.01780234825491788103 ) ;
#699 = CARTESIAN_POINT ( 'NONE',  ( -2.390693662505769979, 0.2520953002325061476, -0.8400000000000000799 ) ) ;
#700 = VECTOR ( 'NONE', #1143, 1000.000000000000114 ) ;
#701 = EDGE_CURVE ( 'NONE', #3720, #663, #3929, .T. ) ;
#702 = DIRECTION ( 'NONE',  ( -1.000000000000000000, 9.145721643857650857E-15, -0.000000000000000000 ) ) ;
#703 = CIRCLE ( 'NONE', #3399, 0.01780234825491788103 ) ;
#704 = AXIS2_PLACEMENT_3D ( 'NONE', #2772, #3449, #3363 ) ;
#705 = ORIENTED_EDGE ( 'NONE', *, *, #2129, .F. ) ;
#706 = SURFACE_STYLE_USAGE ( .BOTH. , #74 ) ;
#707 = AXIS2_PLACEMENT_3D ( 'NONE', #1255, #3491, #1909 ) ;
#709 = CIRCLE ( 'NONE', #964, 0.01780234825491788103 ) ;
#708 = PLANE ( 'NONE',  #2337 ) ;
#710 = EDGE_CURVE ( 'NONE', #1736, #460, #717, .T. ) ;
#711 = ORIENTED_EDGE ( 'NONE', *, *, #1430, .T. ) ;
#712 = DIRECTION ( 'NONE',  ( -1.000000000000000000, 0.000000000000000000, 0.000000000000000000 ) ) ;
#713 = EDGE_LOOP ( 'NONE', ( #3075, #884, #814, #2528 ) ) ;
#714 = EDGE_CURVE ( 'NONE', #2669, #1460, #2985, .T. ) ;
#715 = COLOUR_RGB ( '',0.7960784313725489669, 0.8235294117647058432, 0.9372549019607843146 ) ;
#716 = ORIENTED_EDGE ( 'NONE', *, *, #1066, .F. ) ;
#717 = LINE ( 'NONE', #1083, #1404 ) ;
#718 = DIRECTION ( 'NONE',  ( -1.000000000000000000, 0.000000000000000000, 0.000000000000000000 ) ) ;
#719 = ORIENTED_EDGE ( 'NONE', *, *, #3434, .T. ) ;
#720 = CARTESIAN_POINT ( 'NONE',  ( -1.949999999999998845, 1.105000000000000870, -2.449999999999998401 ) ) ;
#721 = CARTESIAN_POINT ( 'NONE',  ( 1.950000000000000844, 0.8950000000000007949, 0.8399999999999998579 ) ) ;
#722 = CARTESIAN_POINT ( 'NONE',  ( -2.092256965349082787, 0.8771976517450829069, -1.700000000000000178 ) ) ;
#723 = LINE ( 'NONE', #1322, #2080 ) ;
#724 = EDGE_CURVE ( 'NONE', #2694, #2405, #2906, .T. ) ;
#725 = ORIENTED_EDGE ( 'NONE', *, *, #1380, .T. ) ;
#726 = CARTESIAN_POINT ( 'NONE',  ( 1.950000000000000178, 1.105000000000000870, -2.449999999999998845 ) ) ;
#727 = VERTEX_POINT ( 'NONE', #386 ) ;
#728 = DIRECTION ( 'NONE',  ( -1.000000000000000000, 0.000000000000000000, 0.000000000000000000 ) ) ;
#729 = EDGE_CURVE ( 'NONE', #460, #383, #689, .T. ) ;
#730 = ORIENTED_EDGE ( 'NONE', *, *, #2786, .T. ) ;
#731 = FACE_OUTER_BOUND ( 'NONE', #3006, .T. ) ;
#732 = ORIENTED_EDGE ( 'NONE', *, *, #427, .T. ) ;
#733 = ORIENTED_EDGE ( 'NONE', *, *, #1303, .T. ) ;
#734 = CARTESIAN_POINT ( 'NONE',  ( -2.391935491544398218, 0.2698542828618181177, 0.8399999999999998579 ) ) ;
#735 = CARTESIAN_POINT ( 'NONE',  ( -2.390693662505769979, 0.2520953002325061476, -0.4300000000000002709 ) ) ;
#736 = ORIENTED_EDGE ( 'NONE', *, *, #270, .T. ) ;
#737 = DIRECTION ( 'NONE',  ( -0.000000000000000000, 0.000000000000000000, -1.000000000000000000 ) ) ;
#738 = DIRECTION ( 'NONE',  ( -0.000000000000000000, -0.000000000000000000, -1.000000000000000000 ) ) ;
#739 = CARTESIAN_POINT ( 'NONE',  ( 2.319192456893480525, 0.8970519346069010247, 0.8399999999999998579 ) ) ;
#740 = UNCERTAINTY_MEASURE_WITH_UNIT (LENGTH_MEASURE( 1.000000000000000082E-05 ), #1363, 'distance_accuracy_value', 'NONE');
#741 = ORIENTED_EDGE ( 'NONE', *, *, #459, .F. ) ;
#742 = LINE ( 'NONE', #2588, #2991 ) ;
#743 = ORIENTED_EDGE ( 'NONE', *, *, #312, .T. ) ;
#744 = FACE_BOUND ( 'NONE', #468, .T. ) ;
#745 = PLANE ( 'NONE',  #1627 ) ;
#746 = ORIENTED_EDGE ( 'NONE', *, *, #1317, .T. ) ;
#747 = CARTESIAN_POINT ( 'NONE',  ( -3.000000000000000000, 0.2094884505545626108, 0.8399999999999998579 ) ) ;
#748 = VERTEX_POINT ( 'NONE', #2886 ) ;
#749 = CYLINDRICAL_SURFACE ( 'NONE', #635, 0.2278023482549171308 ) ;
#750 = EDGE_LOOP ( 'NONE', ( #382, #3100, #4031, #3525 ) ) ;
#751 = EDGE_CURVE ( 'NONE', #1675, #2714, #1607, .T. ) ;
#752 = FACE_OUTER_BOUND ( 'NONE', #1797, .T. ) ;
#753 = DIRECTION ( 'NONE',  ( -0.06975647374411758639, -0.9975640502598247528, 0.000000000000000000 ) ) ;
#754 = VERTEX_POINT ( 'NONE', #407 ) ;
#755 = ADVANCED_FACE ( 'NONE', ( #1022 ), #1658, .T. ) ;
#756 = AXIS2_PLACEMENT_3D ( 'NONE', #2289, #1068, #447 ) ;
#757 = LINE ( 'NONE', #3286, #828 ) ;
#758 = CARTESIAN_POINT ( 'NONE',  ( -3.000000000000000000, 0.2094884505545626108, 0.8399999999999998579 ) ) ;
#759 = DIRECTION ( 'NONE',  ( 1.000000000000000000, 0.000000000000000000, 0.000000000000000000 ) ) ;
#760 = DIRECTION ( 'NONE',  ( -2.224004456380521903E-16, 0.000000000000000000, -1.000000000000000000 ) ) ;
#761 = EDGE_CURVE ( 'NONE', #1179, #1846, #1050, .T. ) ;
#762 = AXIS2_PLACEMENT_3D ( 'NONE', #1579, #2828, #342 ) ;
#763 = CARTESIAN_POINT ( 'NONE',  ( 2.319192456893480525, 0.8970519346069010247, 1.700000000000000178 ) ) ;
#764 = VECTOR ( 'NONE', #591, 1000.000000000000000 ) ;
#765 = VECTOR ( 'NONE', #1521, 1000.000000000000000 ) ;
#766 = PLANE ( 'NONE',  #3191 ) ;
#767 = VECTOR ( 'NONE', #2113, 1000.000000000000114 ) ;
#768 = CARTESIAN_POINT ( 'NONE',  ( -1.205055510833896504, 1.749999999999999334, -1.904999999999998694 ) ) ;
#769 = ORIENTED_EDGE ( 'NONE', *, *, #600, .F. ) ;
#770 = PRESENTATION_LAYER_ASSIGNMENT (  '', '', ( #2203 ) ) ;
#771 = ORIENTED_EDGE ( 'NONE', *, *, #701, .T. ) ;
#772 = DIRECTION ( 'NONE',  ( -0.9961946980917455452, -0.08715574274765837404, -4.408475330161682368E-17 ) ) ;
#773 = ORIENTED_EDGE ( 'NONE', *, *, #1978, .F. ) ;
#774 = STYLED_ITEM ( 'NONE', ( #306 ), #2567 ) ;
#775 = EDGE_CURVE ( 'NONE', #3493, #1193, #3388, .T. ) ;
#776 = FACE_OUTER_BOUND ( 'NONE', #4050, .T. ) ;
#777 = DIRECTION ( 'NONE',  ( -1.000000000000000000, 0.000000000000000000, 0.000000000000000000 ) ) ;
#778 = DIRECTION ( 'NONE',  ( -1.000000000000000000, 9.145721643857650857E-15, -0.000000000000000000 ) ) ;
#779 = ORIENTED_EDGE ( 'NONE', *, *, #2283, .F. ) ;
#780 = AXIS2_PLACEMENT_3D ( 'NONE', #1450, #509, #236 ) ;
#781 = EDGE_CURVE ( 'NONE', #416, #932, #1722, .T. ) ;
#782 = FACE_OUTER_BOUND ( 'NONE', #2557, .T. ) ;
#783 = DIRECTION ( 'NONE',  ( -0.000000000000000000, -0.000000000000000000, -1.000000000000000000 ) ) ;
#784 = DIRECTION ( 'NONE',  ( -0.000000000000000000, -0.000000000000000000, -1.000000000000000000 ) ) ;
#785 = ORIENTED_EDGE ( 'NONE', *, *, #1416, .F. ) ;
#786 = ADVANCED_FACE ( 'NONE', ( #3300 ), #1458, .T. ) ;
#787 = EDGE_LOOP ( 'NONE', ( #1514, #2863, #3800, #1323, #1728, #3948, #1530, #769, #1214, #677, #2616, #3273 ) ) ;
#788 = FILL_AREA_STYLE ('',( #398 ) ) ;
#789 = SURFACE_STYLE_USAGE ( .BOTH. , #3041 ) ;
#790 = FACE_OUTER_BOUND ( 'NONE', #4068, .T. ) ;
#791 = LINE ( 'NONE', #462, #1608 ) ;
#792 = ORIENTED_EDGE ( 'NONE', *, *, #2700, .T. ) ;
#793 = ORIENTED_EDGE ( 'NONE', *, *, #2941, .F. ) ;
#794 = ORIENTED_EDGE ( 'NONE', *, *, #3434, .F. ) ;
#795 = ADVANCED_FACE ( 'NONE', ( #2139 ), #826, .F. ) ;
#796 = FACE_OUTER_BOUND ( 'NONE', #107, .T. ) ;
#797 = LINE ( 'NONE', #4012, #892 ) ;
#798 = CARTESIAN_POINT ( 'NONE',  ( 2.165000000000000036, 0.2500000000000000555, -0.8400000000000000799 ) ) ;
#799 = ORIENTED_EDGE ( 'NONE', *, *, #623, .F. ) ;
#800 = EDGE_CURVE ( 'NONE', #3438, #2865, #2259, .T. ) ;
#801 = ORIENTED_EDGE ( 'NONE', *, *, #3087, .T. ) ;
#802 = DIRECTION ( 'NONE',  ( 0.000000000000000000, 1.000000000000000000, 0.000000000000000000 ) ) ;
#803 = CARTESIAN_POINT ( 'NONE',  ( 2.985351140513735402, -1.554929984311652099E-18, -0.4300000000000002709 ) ) ;
#804 = CARTESIAN_POINT ( 'NONE',  ( 2.092256965349082787, 0.8771976517450829069, -0.4300000000000002709 ) ) ;
#805 = EDGE_CURVE ( 'NONE', #3412, #1744, #2119, .T. ) ;
#806 = ORIENTED_EDGE ( 'NONE', *, *, #2786, .F. ) ;
#807 = ORIENTED_EDGE ( 'NONE', *, *, #3819, .F. ) ;
#808 = CARTESIAN_POINT ( 'NONE',  ( 2.092256965349082787, 0.8950000000000009059, 2.109999999999999876 ) ) ;
#809 = ORIENTED_EDGE ( 'NONE', *, *, #1528, .T. ) ;
#810 = CARTESIAN_POINT ( 'NONE',  ( -1.205055510833896504, 1.749999999999999334, -1.699999999999999067 ) ) ;
#811 = CARTESIAN_POINT ( 'NONE',  ( 1.893569812025779120, 1.749999999999999334, -2.393569812025778010 ) ) ;
#812 = ADVANCED_FACE ( 'NONE', ( #2439 ), #4028, .T. ) ;
#813 = CARTESIAN_POINT ( 'NONE',  ( 2.319192456893480525, 0.8970519346069010247, -1.700000000000000178 ) ) ;
#814 = ORIENTED_EDGE ( 'NONE', *, *, #1610, .F. ) ;
#815 = CIRCLE ( 'NONE', #3124, 0.01780234825491788103 ) ;
#816 =( NAMED_UNIT ( * ) SI_UNIT ( $, .STERADIAN. ) SOLID_ANGLE_UNIT ( ) );
#817 = AXIS2_PLACEMENT_3D ( 'NONE', #3009, #2715, #3983 ) ;
#818 = EDGE_CURVE ( 'NONE', #2062, #3927, #851, .T. ) ;
#819 = VECTOR ( 'NONE', #221, 1000.000000000000000 ) ;
#820 = EDGE_LOOP ( 'NONE', ( #1305, #2102, #15, #1312 ) ) ;
#821 = EDGE_CURVE ( 'NONE', #226, #498, #2594, .T. ) ;
#822 = AXIS2_PLACEMENT_3D ( 'NONE', #1233, #1209, #2810 ) ;
#823 = VECTOR ( 'NONE', #384, 1000.000000000000000 ) ;
#824 = ORIENTED_EDGE ( 'NONE', *, *, #489, .T. ) ;
#825 = EDGE_LOOP ( 'NONE', ( #2680, #1046, #2498, #1620, #2305, #2740, #1710, #1166, #1498, #2718, #801, #207 ) ) ;
#826 = PLANE ( 'NONE',  #1021 ) ;
#827 = VECTOR ( 'NONE', #2311, 1000.000000000000000 ) ;
#828 = VECTOR ( 'NONE', #1678, 1000.000000000000114 ) ;
#829 = DIRECTION ( 'NONE',  ( 0.000000000000000000, 0.000000000000000000, 1.000000000000000000 ) ) ;
#830 = ADVANCED_FACE ( 'NONE', ( #2083 ), #2756, .F. ) ;
#831 = VECTOR ( 'NONE', #1813, 1000.000000000000000 ) ;
#832 = ORIENTED_EDGE ( 'NONE', *, *, #2425, .F. ) ;
#833 = AXIS2_PLACEMENT_3D ( 'NONE', #2891, #1973, #2564 ) ;
#834 = DIRECTION ( 'NONE',  ( 1.000000000000000000, 0.000000000000000000, 0.000000000000000000 ) ) ;
#835 = CARTESIAN_POINT ( 'NONE',  ( 3.000000000000000000, 0.2094884505545622777, 0.8399999999999998579 ) ) ;
#836 = DIRECTION ( 'NONE',  ( -0.000000000000000000, -0.000000000000000000, -1.000000000000000000 ) ) ;
#837 = LINE ( 'NONE', #3990, #767 ) ;
#838 = VERTEX_POINT ( 'NONE', #3415 ) ;
#839 = CLOSED_SHELL ( 'NONE', ( #380, #655, #1423, #2848, #3117, #1152, #2030, #2413, #289, #1369, #3559, #3059, #1467, #1122 ) ) ;
#840 = DIRECTION ( 'NONE',  ( 0.000000000000000000, -1.000000000000000000, 0.000000000000000000 ) ) ;
#841 = AXIS2_PLACEMENT_3D ( 'NONE', #1030, #132, #1354 ) ;
#842 = FACE_OUTER_BOUND ( 'NONE', #3281, .T. ) ;
#843 = CARTESIAN_POINT ( 'NONE',  ( -2.092256965349082787, 0.8950000000000007949, -0.4300000000000002709 ) ) ;
#844 = ADVANCED_FACE ( 'NONE', ( #1486 ), #2736, .T. ) ;
#845 = DIRECTION ( 'NONE',  ( 1.000000000000000000, 0.000000000000000000, 0.000000000000000000 ) ) ;
#846 = EDGE_LOOP ( 'NONE', ( #272, #1841, #2262, #2916 ) ) ;
#847 = DIRECTION ( 'NONE',  ( -1.000000000000000000, 0.000000000000000000, 0.000000000000000000 ) ) ;
#848 = LINE ( 'NONE', #534, #3616 ) ;
#849 = ORIENTED_EDGE ( 'NONE', *, *, #985, .T. ) ;
#850 = ORIENTED_EDGE ( 'NONE', *, *, #2849, .F. ) ;
#851 = LINE ( 'NONE', #2105, #3461 ) ;
#852 = EDGE_CURVE ( 'NONE', #2162, #2774, #3966, .T. ) ;
#853 = PLANE ( 'NONE',  #2935 ) ;
#854 = CARTESIAN_POINT ( 'NONE',  ( 2.985351140513735402, -1.554929984311652099E-18, 2.109999999999999876 ) ) ;
#855 = EDGE_LOOP ( 'NONE', ( #2222, #3535, #3817, #1125 ) ) ;
#856 = LINE ( 'NONE', #2719, #2600 ) ;
#857 = DIRECTION ( 'NONE',  ( -0.06975647374411747537, 0.9975640502598247528, 0.000000000000000000 ) ) ;
#858 = LINE ( 'NONE', #1145, #2461 ) ;
#859 = DIRECTION ( 'NONE',  ( -0.000000000000000000, -0.000000000000000000, -1.000000000000000000 ) ) ;
#860 = ORIENTED_EDGE ( 'NONE', *, *, #3013, .F. ) ;
#861 = DIRECTION ( 'NONE',  ( 0.9975640502598247528, 0.06975647374411814150, -0.000000000000000000 ) ) ;
#862 =( LENGTH_UNIT ( ) NAMED_UNIT ( * ) SI_UNIT ( .MILLI., .METRE. ) );
#863 = CARTESIAN_POINT ( 'NONE',  ( -2.092256965349082787, 0.8771976517450829069, 1.700000000000000178 ) ) ;
#864 = DIRECTION ( 'NONE',  ( -0.06975647374411814150, 0.9975640502598247528, 0.000000000000000000 ) ) ;
#865 = DIRECTION ( 'NONE',  ( 0.000000000000000000, 0.000000000000000000, 1.000000000000000000 ) ) ;
#866 = VERTEX_POINT ( 'NONE', #1794 ) ;
#867 = CARTESIAN_POINT ( 'NONE',  ( -2.092256965349082787, 0.8771976517450829069, 2.109999999999999876 ) ) ;
#868 = CARTESIAN_POINT ( 'NONE',  ( -1.205055510833896504, 1.749999999999999334, -1.904999999999998694 ) ) ;
#869 = EDGE_LOOP ( 'NONE', ( #725, #3050, #3057, #117 ) ) ;
#870 = ADVANCED_FACE ( 'NONE', ( #253 ), #4046, .F. ) ;
#871 = VERTEX_POINT ( 'NONE', #3096 ) ;
#872 = CARTESIAN_POINT ( 'NONE',  ( -1.950000000000000622, 0.8950000000000007949, -0.8400000000000000799 ) ) ;
#873 = LINE ( 'NONE', #194, #179 ) ;
#874 = DIRECTION ( 'NONE',  ( -0.9975640502598246417, 0.06975647374411883539, -0.000000000000000000 ) ) ;
#875 = EDGE_CURVE ( 'NONE', #56, #362, #3332, .T. ) ;
#876 = CARTESIAN_POINT ( 'NONE',  ( 2.390693662505769979, 0.2520953002325064252, 2.109999999999999876 ) ) ;
#877 = EDGE_LOOP ( 'NONE', ( #2029, #2829, #188, #2152 ) ) ;
#878 = DIRECTION ( 'NONE',  ( 0.000000000000000000, 0.000000000000000000, 1.000000000000000000 ) ) ;
#879 = PLANE ( 'NONE',  #3548 ) ;
#880 = EDGE_CURVE ( 'NONE', #2984, #1052, #3727, .T. ) ;
#881 = VECTOR ( 'NONE', #1886, 1000.000000000000114 ) ;
#882 = ORIENTED_EDGE ( 'NONE', *, *, #714, .F. ) ;
#883 = DIRECTION ( 'NONE',  ( -1.000000000000000000, 0.000000000000000000, 0.000000000000000000 ) ) ;
#884 = ORIENTED_EDGE ( 'NONE', *, *, #2367, .F. ) ;
#885 = CIRCLE ( 'NONE', #3874, 0.01780234825491788103 ) ;
#886 = CARTESIAN_POINT ( 'NONE',  ( -1.949999999999998845, 1.105000000000000870, -2.449999999999998401 ) ) ;
#887 = AXIS2_PLACEMENT_3D ( 'NONE', #3830, #3785, #1278 ) ;
#888 = VECTOR ( 'NONE', #692, 1000.000000000000114 ) ;
#889 = CARTESIAN_POINT ( 'NONE',  ( -2.092256965349082787, 1.104999999999999982, -0.4300000000000002709 ) ) ;
#890 = ORIENTED_EDGE ( 'NONE', *, *, #1131, .F. ) ;
#891 = CARTESIAN_POINT ( 'NONE',  ( 2.092256965349082787, 1.104999999999999538, -1.700000000000000178 ) ) ;
#892 = VECTOR ( 'NONE', #2066, 1000.000000000000000 ) ;
#893 = CIRCLE ( 'NONE', #704, 0.2278023482549169088 ) ;
#894 = ADVANCED_FACE ( 'NONE', ( #2371 ), #1462, .T. ) ;
#895 = CARTESIAN_POINT ( 'NONE',  ( -1.949999999999998845, 1.105000000000000870, -2.449999999999998401 ) ) ;
#896 = VECTOR ( 'NONE', #3212, 1000.000000000000000 ) ;
#897 = CARTESIAN_POINT ( 'NONE',  ( 2.390693662505769979, 0.2520953002325064252, 1.700000000000000178 ) ) ;
#898 = AXIS2_PLACEMENT_3D ( 'NONE', #51, #1645, #2274 ) ;
#899 = DIRECTION ( 'NONE',  ( 0.000000000000000000, 0.000000000000000000, 1.000000000000000000 ) ) ;
#900 = ORIENTED_EDGE ( 'NONE', *, *, #3767, .F. ) ;
#901 = AXIS2_PLACEMENT_3D ( 'NONE', #3766, #325, #2833 ) ;
#902 = CARTESIAN_POINT ( 'NONE',  ( 2.092256965349082787, 0.8771976517450829069, -0.4300000000000002709 ) ) ;
#903 = EDGE_CURVE ( 'NONE', #2598, #2288, #1919, .T. ) ;
#904 = CARTESIAN_POINT ( 'NONE',  ( -1.950000000000000622, 1.105000000000000870, -1.700000000000000178 ) ) ;
#905 = ORIENTED_EDGE ( 'NONE', *, *, #3392, .T. ) ;
#906 = CARTESIAN_POINT ( 'NONE',  ( 2.374200886599265647, 0.2683027059770082823, 2.109999999999999876 ) ) ;
#907 = FACE_OUTER_BOUND ( 'NONE', #846, .T. ) ;
#908 = CLOSED_SHELL ( 'NONE', ( #3924, #1987, #2573, #2818, #3263, #3846, #2397, #3658, #2226, #1055, #2364, #2442, #3995, #2174 ) ) ;
#909 = PRODUCT_DEFINITION_FORMATION_WITH_SPECIFIED_SOURCE ( 'ANY', '', #662, .NOT_KNOWN. ) ;
#910 = DIRECTION ( 'NONE',  ( -0.000000000000000000, -0.000000000000000000, -1.000000000000000000 ) ) ;
#911 = PRODUCT_CONTEXT ( 'NONE', #485, 'mechanical' ) ;
#912 = VECTOR ( 'NONE', #3447, 1000.000000000000000 ) ;
#913 = DIRECTION ( 'NONE',  ( 0.9961946980917454342, -0.08715574274765926222, 0.000000000000000000 ) ) ;
#914 = VERTEX_POINT ( 'NONE', #3455 ) ;
#915 = LINE ( 'NONE', #2524, #1546 ) ;
#916 = ORIENTED_EDGE ( 'NONE', *, *, #1677, .T. ) ;
#917 = VERTEX_POINT ( 'NONE', #949 ) ;
#918 = DIRECTION ( 'NONE',  ( 0.08682659386424780579, 0.9924325091389669673, 0.08682659386424777803 ) ) ;
#919 = CARTESIAN_POINT ( 'NONE',  ( -2.109991570294214913, 0.8787492286298929089, 1.700000000000000178 ) ) ;
#920 = DIRECTION ( 'NONE',  ( 1.000000000000000000, 0.000000000000000000, 0.000000000000000000 ) ) ;
#921 = CARTESIAN_POINT ( 'NONE',  ( -1.950000000000000622, 0.8950000000000007949, -2.109999999999999876 ) ) ;
#922 = ORIENTED_EDGE ( 'NONE', *, *, #2221, .T. ) ;
#923 = EDGE_CURVE ( 'NONE', #309, #383, #2777, .T. ) ;
#924 = EDGE_CURVE ( 'NONE', #3159, #2492, #3729, .T. ) ;
#925 = CYLINDRICAL_SURFACE ( 'NONE', #1099, 0.01780234825491788103 ) ;
#926 = LINE ( 'NONE', #614, #164 ) ;
#927 = PLANE ( 'NONE',  #2726 ) ;
#928 = CARTESIAN_POINT ( 'NONE',  ( -2.105618805248266057, 1.259436705585629923, 2.436488539028966116 ) ) ;
#929 = FILL_AREA_STYLE_COLOUR ( '', #715 ) ;
#930 = EDGE_CURVE ( 'NONE', #4103, #2460, #2551, .T. ) ;
#931 = CARTESIAN_POINT ( 'NONE',  ( -1.950000000000000844, 1.105000000000000870, 0.4300000000000000488 ) ) ;
#932 = VERTEX_POINT ( 'NONE', #3199 ) ;
#933 = EDGE_CURVE ( 'NONE', #2957, #2979, #885, .T. ) ;
#934 = ORIENTED_EDGE ( 'NONE', *, *, #3630, .T. ) ;
#935 = DIRECTION ( 'NONE',  ( -0.000000000000000000, -0.000000000000000000, -1.000000000000000000 ) ) ;
#936 = VERTEX_POINT ( 'NONE', #644 ) ;
#937 = EDGE_CURVE ( 'NONE', #2943, #3409, #3813, .T. ) ;
#938 = EDGE_LOOP ( 'NONE', ( #1331, #2238, #1712, #49 ) ) ;
#939 = CARTESIAN_POINT ( 'NONE',  ( 1.950000000000000844, 1.105000000000000870, 1.700000000000000178 ) ) ;
#940 = CARTESIAN_POINT ( 'NONE',  ( -2.109991570294214913, 0.8787492286298929089, -0.8400000000000000799 ) ) ;
#941 = CARTESIAN_POINT ( 'NONE',  ( 2.092256965349082787, 0.8771976517450829069, 2.109999999999999876 ) ) ;
#942 = DIRECTION ( 'NONE',  ( 0.000000000000000000, 0.000000000000000000, 1.000000000000000000 ) ) ;
#943 = ORIENTED_EDGE ( 'NONE', *, *, #270, .F. ) ;
#944 = FACE_OUTER_BOUND ( 'NONE', #104, .T. ) ;
#945 = LINE ( 'NONE', #2188, #440 ) ;
#946 = ADVANCED_FACE ( 'NONE', ( #3136 ), #311, .T. ) ;
#947 = CARTESIAN_POINT ( 'NONE',  ( -1.893569812025777788, 0.2500000000000006661, 2.393569812025778454 ) ) ;
#948 = EDGE_LOOP ( 'NONE', ( #2093, #860, #3862, #2318 ) ) ;
#949 = CARTESIAN_POINT ( 'NONE',  ( 1.950000000000000844, 0.8950000000000007949, 0.4300000000000000488 ) ) ;
#950 = AXIS2_PLACEMENT_3D ( 'NONE', #4004, #3646, #1777 ) ;
#951 = EDGE_CURVE ( 'NONE', #1329, #2062, #1572, .T. ) ;
#952 = MECHANICAL_DESIGN_GEOMETRIC_PRESENTATION_REPRESENTATION (  '', ( #3128 ), #363 ) ;
#953 = EDGE_LOOP ( 'NONE', ( #2953, #1014, #2145, #36 ) ) ;
#954 = ORIENTED_EDGE ( 'NONE', *, *, #923, .T. ) ;
#955 = VECTOR ( 'NONE', #918, 1000.000000000000114 ) ;
#956 = LINE ( 'NONE', #939, #3531 ) ;
#957 = CARTESIAN_POINT ( 'NONE',  ( -1.950000000000000622, 1.105000000000000870, -1.700000000000000178 ) ) ;
#958 = DIRECTION ( 'NONE',  ( -0.000000000000000000, -0.000000000000000000, -1.000000000000000000 ) ) ;
#959 = LINE ( 'NONE', #657, #4077 ) ;
#960 = CIRCLE ( 'NONE', #2328, 0.2278023482549171308 ) ;
#961 = VERTEX_POINT ( 'NONE', #1267 ) ;
#962 = CIRCLE ( 'NONE', #370, 0.2049999999999996825 ) ;
#963 = VECTOR ( 'NONE', #3753, 1000.000000000000227 ) ;
#964 = AXIS2_PLACEMENT_3D ( 'NONE', #1695, #2944, #3293 ) ;
#965 = DIRECTION ( 'NONE',  ( 0.000000000000000000, 0.000000000000000000, 1.000000000000000000 ) ) ;
#966 = LINE ( 'NONE', #3168, #3536 ) ;
#967 = DIRECTION ( 'NONE',  ( 1.000000000000000000, 0.000000000000000000, 0.000000000000000000 ) ) ;
#968 = DIRECTION ( 'NONE',  ( -1.000000000000000000, 9.145721643857650857E-15, -0.000000000000000000 ) ) ;
#969 = CIRCLE ( 'NONE', #3284, 0.01780234825491788103 ) ;
#970 = ORIENTED_EDGE ( 'NONE', *, *, #1361, .F. ) ;
#971 = CARTESIAN_POINT ( 'NONE',  ( 2.092256965349082787, 1.104999999999999538, 2.109999999999999876 ) ) ;
#972 =( NAMED_UNIT ( * ) SI_UNIT ( $, .STERADIAN. ) SOLID_ANGLE_UNIT ( ) );
#973 = ORIENTED_EDGE ( 'NONE', *, *, #1992, .T. ) ;
#974 = ORIENTED_EDGE ( 'NONE', *, *, #3698, .F. ) ;
#975 = CARTESIAN_POINT ( 'NONE',  ( -2.391935491544398218, 0.2698542828618181177, 1.700000000000000178 ) ) ;
#976 = ORIENTED_EDGE ( 'NONE', *, *, #3375, .F. ) ;
#977 = ADVANCED_FACE ( 'NONE', ( #3499 ), #1547, .F. ) ;
#978 = EDGE_LOOP ( 'NONE', ( #3695, #1921, #809, #559, #668 ) ) ;
#979 = PLANE ( 'NONE',  #3472 ) ;
#980 = LINE ( 'NONE', #3505, #881 ) ;
#981 = CARTESIAN_POINT ( 'NONE',  ( -2.109991570294214913, 0.8787492286298929089, -0.8400000000000000799 ) ) ;
#982 = FACE_OUTER_BOUND ( 'NONE', #1453, .T. ) ;
#983 = DIRECTION ( 'NONE',  ( -0.000000000000000000, -0.000000000000000000, -1.000000000000000000 ) ) ;
#984 = ORIENTED_EDGE ( 'NONE', *, *, #2729, .F. ) ;
#985 = EDGE_CURVE ( 'NONE', #587, #2669, #2798, .T. ) ;
#986 = DIRECTION ( 'NONE',  ( 1.000000000000000000, 0.000000000000000000, 0.000000000000000000 ) ) ;
#987 = CARTESIAN_POINT ( 'NONE',  ( 2.376044803019505380, 0.04260684967794371725, 1.700000000000000178 ) ) ;
#988 = FACE_OUTER_BOUND ( 'NONE', #938, .T. ) ;
#989 = ORIENTED_EDGE ( 'NONE', *, *, #710, .T. ) ;
#990 = DIRECTION ( 'NONE',  ( 0.000000000000000000, 0.000000000000000000, 1.000000000000000000 ) ) ;
#991 = ORIENTED_EDGE ( 'NONE', *, *, #427, .F. ) ;
#992 = CYLINDRICAL_SURFACE ( 'NONE', #3053, 0.2278023482549171308 ) ;
#993 = EDGE_CURVE ( 'NONE', #2813, #1633, #3478, .T. ) ;
#994 = ORIENTED_EDGE ( 'NONE', *, *, #2614, .F. ) ;
#995 = ORIENTED_EDGE ( 'NONE', *, *, #3392, .F. ) ;
#996 = LINE ( 'NONE', #2493, #823 ) ;
#997 = ORIENTED_EDGE ( 'NONE', *, *, #1853, .F. ) ;
#998 = EDGE_CURVE ( 'NONE', #502, #1090, #915, .T. ) ;
#999 = DIRECTION ( 'NONE',  ( 0.9975640502598247528, 0.06975647374411814150, -0.000000000000000000 ) ) ;
#1000 = CARTESIAN_POINT ( 'NONE',  ( -2.092256965349082787, 0.8771976517450829069, 2.109999999999999876 ) ) ;
#1001 = LINE ( 'NONE', #3492, #888 ) ;
#1002 = ORIENTED_EDGE ( 'NONE', *, *, #423, .F. ) ;
#1003 = DIRECTION ( 'NONE',  ( 0.000000000000000000, 0.000000000000000000, 1.000000000000000000 ) ) ;
#1004 = DIRECTION ( 'NONE',  ( -0.08715574274765837404, -0.9961946980917455452, 0.000000000000000000 ) ) ;
#1005 = EDGE_CURVE ( 'NONE', #3366, #2229, #3791, .T. ) ;
#1006 = CARTESIAN_POINT ( 'NONE',  ( 2.319192456893480525, 0.8970519346069010247, 2.109999999999999876 ) ) ;
#1007 = DIRECTION ( 'NONE',  ( 0.000000000000000000, 1.000000000000000000, 0.000000000000000000 ) ) ;
#1008 = CARTESIAN_POINT ( 'NONE',  ( -2.319192456893480081, 0.8970519346069019129, -1.700000000000000178 ) ) ;
#1009 = LINE ( 'NONE', #2234, #1876 ) ;
#1010 = EDGE_CURVE ( 'NONE', #3012, #2046, #1857, .T. ) ;
#1011 = ORIENTED_EDGE ( 'NONE', *, *, #3066, .T. ) ;
#1012 = CARTESIAN_POINT ( 'NONE',  ( 3.000000000000000000, 0.2094884505545622777, -0.4300000000000002709 ) ) ;
#1013 = CARTESIAN_POINT ( 'NONE',  ( 2.390693662505769979, 0.2520953002325062031, -0.4300000000000002709 ) ) ;
#1014 = ORIENTED_EDGE ( 'NONE', *, *, #3950, .F. ) ;
#1015 = LINE ( 'NONE', #1327, #2191 ) ;
#1016 = PLANE ( 'NONE',  #304 ) ;
#1017 = ORIENTED_EDGE ( 'NONE', *, *, #3381, .T. ) ;
#1018 = FACE_OUTER_BOUND ( 'NONE', #2621, .T. ) ;
#1019 = ORIENTED_EDGE ( 'NONE', *, *, #3840, .T. ) ;
#1020 = ORIENTED_EDGE ( 'NONE', *, *, #477, .F. ) ;
#1021 = AXIS2_PLACEMENT_3D ( 'NONE', #886, #1183, #2418 ) ;
#1022 = FACE_OUTER_BOUND ( 'NONE', #3818, .T. ) ;
#1023 = DIRECTION ( 'NONE',  ( -1.000000000000000000, -6.097147762571766712E-15, 0.000000000000000000 ) ) ;
#1024 = FACE_OUTER_BOUND ( 'NONE', #1655, .T. ) ;
#1025 = ORIENTED_EDGE ( 'NONE', *, *, #4067, .F. ) ;
#1026 = CIRCLE ( 'NONE', #2987, 0.2278023482549171308 ) ;
#1027 = ADVANCED_FACE ( 'NONE', ( #1588 ), #992, .T. ) ;
#1028 = DIRECTION ( 'NONE',  ( -0.000000000000000000, -0.000000000000000000, -1.000000000000000000 ) ) ;
#1029 = CARTESIAN_POINT ( 'NONE',  ( 2.391935491544398218, 0.2698542828618181177, 2.109999999999999876 ) ) ;
#1030 = CARTESIAN_POINT ( 'NONE',  ( 2.319192456893480525, 0.8970519346069010247, 0.8399999999999998579 ) ) ;
#1031 = VECTOR ( 'NONE', #2440, 1000.000000000000000 ) ;
#1032 = LINE ( 'NONE', #2276, #369 ) ;
#1033 = VECTOR ( 'NONE', #1597, 1000.000000000000000 ) ;
#1034 = UNCERTAINTY_MEASURE_WITH_UNIT (LENGTH_MEASURE( 1.000000000000000082E-05 ), #3624, 'distance_accuracy_value', 'NONE');
#1035 = CARTESIAN_POINT ( 'NONE',  ( -1.950000000000000622, 1.105000000000000870, -1.700000000000000178 ) ) ;
#1036 = ADVANCED_FACE ( 'NONE', ( #352 ), #3113, .F. ) ;
#1037 = VECTOR ( 'NONE', #349, 1000.000000000000114 ) ;
#1038 = AXIS2_PLACEMENT_3D ( 'NONE', #1463, #2716, #1163 ) ;
#1039 = EDGE_LOOP ( 'NONE', ( #488, #2449, #1287, #1549 ) ) ;
#1040 =( NAMED_UNIT ( * ) PLANE_ANGLE_UNIT ( ) SI_UNIT ( $, .RADIAN. ) );
#1042 = STYLED_ITEM ( 'NONE', ( #3403 ), #2380 ) ;
#1041 = LINE ( 'NONE', #375, #3137 ) ;
#1043 = DIRECTION ( 'NONE',  ( 0.000000000000000000, 0.000000000000000000, 1.000000000000000000 ) ) ;
#1044 = PRESENTATION_LAYER_ASSIGNMENT (  '', '', ( #3003 ) ) ;
#1045 = VERTEX_POINT ( 'NONE', #1606 ) ;
#1046 = ORIENTED_EDGE ( 'NONE', *, *, #201, .T. ) ;
#1047 = AXIS2_PLACEMENT_3D ( 'NONE', #3914, #70, #2893 ) ;
#1048 = ORIENTED_EDGE ( 'NONE', *, *, #373, .T. ) ;
#1049 = CARTESIAN_POINT ( 'NONE',  ( -3.000000000000000000, 0.2094884505545626108, -0.4300000000000002709 ) ) ;
#1050 = LINE ( 'NONE', #467, #2450 ) ;
#1051 = DIRECTION ( 'NONE',  ( -0.08715574274765876261, 0.9961946980917454342, -0.000000000000000000 ) ) ;
#1052 = VERTEX_POINT ( 'NONE', #2466 ) ;
#1053 = DIRECTION ( 'NONE',  ( -0.08715574274765924834, -0.9961946980917454342, 0.000000000000000000 ) ) ;
#1054 = CARTESIAN_POINT ( 'NONE',  ( -3.000000000000000000, 0.2094884505545626108, 2.109999999999999876 ) ) ;
#1055 = ADVANCED_FACE ( 'NONE', ( #3751 ), #3923, .F. ) ;
#1056 = DIRECTION ( 'NONE',  ( 1.000000000000000000, -0.000000000000000000, -0.000000000000000000 ) ) ;
#1057 = ORIENTED_EDGE ( 'NONE', *, *, #3773, .F. ) ;
#1058 = EDGE_CURVE ( 'NONE', #3181, #429, #1343, .T. ) ;
#1059 = DIRECTION ( 'NONE',  ( -1.327594496921026210E-16, 0.000000000000000000, -1.000000000000000000 ) ) ;
#1060 = ORIENTED_EDGE ( 'NONE', *, *, #2039, .F. ) ;
#1061 = ADVANCED_FACE ( 'NONE', ( #100 ), #3538, .F. ) ;
#1062 = VERTEX_POINT ( 'NONE', #3905 ) ;
#1063 = LINE ( 'NONE', #3861, #556 ) ;
#1064 = VERTEX_POINT ( 'NONE', #3270 ) ;
#1065 = ORIENTED_EDGE ( 'NONE', *, *, #2904, .T. ) ;
#1066 = EDGE_CURVE ( 'NONE', #3811, #3520, #1653, .T. ) ;
#1067 = CARTESIAN_POINT ( 'NONE',  ( 2.390693662505769979, 0.2520953002325064252, -1.700000000000000178 ) ) ;
#1068 = DIRECTION ( 'NONE',  ( 0.000000000000000000, 0.000000000000000000, 1.000000000000000000 ) ) ;
#1069 = DIRECTION ( 'NONE',  ( -0.08715574274765837404, 0.9961946980917455452, 0.000000000000000000 ) ) ;
#1070 = ORIENTED_EDGE ( 'NONE', *, *, #714, .T. ) ;
#1071 = DIRECTION ( 'NONE',  ( 0.000000000000000000, 0.000000000000000000, 1.000000000000000000 ) ) ;
#1072 = CARTESIAN_POINT ( 'NONE',  ( -2.092256965349082787, 0.8950000000000007949, 1.700000000000000178 ) ) ;
#1073 = LINE ( 'NONE', #1665, #827 ) ;
#1074 = ORIENTED_EDGE ( 'NONE', *, *, #1380, .F. ) ;
#1075 = ORIENTED_EDGE ( 'NONE', *, *, #724, .T. ) ;
#1076 = DIRECTION ( 'NONE',  ( 0.000000000000000000, 0.000000000000000000, 1.000000000000000000 ) ) ;
#1077 = CARTESIAN_POINT ( 'NONE',  ( 2.391935491544398218, 0.2698542828618181177, -0.4300000000000002709 ) ) ;
#1078 = ADVANCED_FACE ( 'NONE', ( #3859 ), #1368, .F. ) ;
#1079 = ORIENTED_EDGE ( 'NONE', *, *, #1339, .F. ) ;
#1080 = CARTESIAN_POINT ( 'NONE',  ( -1.949999999999999067, 0.8950000000000007949, 2.449999999999999289 ) ) ;
#1081 = ORIENTED_EDGE ( 'NONE', *, *, #1005, .T. ) ;
#1082 = EDGE_CURVE ( 'NONE', #727, #3836, #2340, .T. ) ;
#1083 = CARTESIAN_POINT ( 'NONE',  ( -2.109991570294214913, 0.8787492286298929089, 0.8399999999999998579 ) ) ;
#1084 = DIRECTION ( 'NONE',  ( -0.000000000000000000, -1.000000000000000000, -0.000000000000000000 ) ) ;
#1085 = ORIENTED_EDGE ( 'NONE', *, *, #1330, .T. ) ;
#1086 = AXIS2_PLACEMENT_3D ( 'NONE', #358, #1615, #2031 ) ;
#1087 = DIRECTION ( 'NONE',  ( 1.000000000000000000, -9.145721643857650857E-15, 0.000000000000000000 ) ) ;
#1088 = CARTESIAN_POINT ( 'NONE',  ( -2.319192456893480081, 0.8970519346069019129, -1.700000000000000178 ) ) ;
#1089 = FACE_OUTER_BOUND ( 'NONE', #948, .T. ) ;
#1090 = VERTEX_POINT ( 'NONE', #1634 ) ;
#1091 = VECTOR ( 'NONE', #4069, 1000.000000000000000 ) ;
#1092 = VECTOR ( 'NONE', #1286, 1000.000000000000114 ) ;
#1093 = CARTESIAN_POINT ( 'NONE',  ( -2.092256965349082787, 0.8771976517450829069, -2.109999999999999876 ) ) ;
#1094 = CARTESIAN_POINT ( 'NONE',  ( -2.092256965349082787, 0.8771976517450829069, -2.109999999999999876 ) ) ;
#1095 = VECTOR ( 'NONE', #1783, 1000.000000000000000 ) ;
#1096 = VECTOR ( 'NONE', #845, 1000.000000000000000 ) ;
#1097 = FACE_OUTER_BOUND ( 'NONE', #355, .T. ) ;
#1098 = AXIS2_PLACEMENT_3D ( 'NONE', #2811, #1641, #2868 ) ;
#1099 = AXIS2_PLACEMENT_3D ( 'NONE', #3534, #3226, #3595 ) ;
#1100 = EDGE_CURVE ( 'NONE', #1247, #3959, #1963, .T. ) ;
#1101 = ORIENTED_EDGE ( 'NONE', *, *, #463, .F. ) ;
#1102 = ORIENTED_EDGE ( 'NONE', *, *, #627, .T. ) ;
#1103 = AXIS2_PLACEMENT_3D ( 'NONE', #3789, #913, #601 ) ;
#1104 = COLOUR_RGB ( '',0.7960784313725489669, 0.8235294117647058432, 0.9372549019607843146 ) ;
#1105 = CARTESIAN_POINT ( 'NONE',  ( 2.092256965349082787, 0.8771976517450829069, -1.700000000000000178 ) ) ;
#1106 = CIRCLE ( 'NONE', #3216, 0.2278023482549171308 ) ;
#1107 = EDGE_CURVE ( 'NONE', #4036, #1187, #2314, .T. ) ;
#1108 = VERTEX_POINT ( 'NONE', #1398 ) ;
#1109 = VECTOR ( 'NONE', #2173, 1000.000000000000114 ) ;
#1110 = DIRECTION ( 'NONE',  ( -0.000000000000000000, -0.000000000000000000, -1.000000000000000000 ) ) ;
#1111 = DIRECTION ( 'NONE',  ( -0.000000000000000000, 1.000000000000000000, -0.000000000000000000 ) ) ;
#1112 = ADVANCED_FACE ( 'NONE', ( #1097 ), #2593, .T. ) ;
#1113 = DIRECTION ( 'NONE',  ( -0.000000000000000000, -0.000000000000000000, -1.000000000000000000 ) ) ;
#1114 = ORIENTED_EDGE ( 'NONE', *, *, #2577, .F. ) ;
#1115 = ORIENTED_EDGE ( 'NONE', *, *, #3381, .F. ) ;
#1116 = PLANE ( 'NONE',  #2468 ) ;
#1117 = LINE ( 'NONE', #438, #2471 ) ;
#1118 = LINE ( 'NONE', #2354, #2922 ) ;
#1119 = ORIENTED_EDGE ( 'NONE', *, *, #2941, .T. ) ;
#1120 = ORIENTED_EDGE ( 'NONE', *, *, #3335, .T. ) ;
#1121 = DIRECTION ( 'NONE',  ( 0.000000000000000000, 0.000000000000000000, 1.000000000000000000 ) ) ;
#1122 = ADVANCED_FACE ( 'NONE', ( #3626 ), #766, .T. ) ;
#1123 = VERTEX_POINT ( 'NONE', #3296 ) ;
#1124 = DIRECTION ( 'NONE',  ( -0.06975647374411758639, -0.9975640502598247528, 0.000000000000000000 ) ) ;
#1125 = ORIENTED_EDGE ( 'NONE', *, *, #2271, .T. ) ;
#1126 = EDGE_CURVE ( 'NONE', #2300, #1905, #791, .T. ) ;
#1127 = CARTESIAN_POINT ( 'NONE',  ( -3.000000000000000000, 0.2094884505545626108, -1.700000000000000178 ) ) ;
#1128 = CARTESIAN_POINT ( 'NONE',  ( -1.950000000000000622, 1.105000000000000870, -1.700000000000000178 ) ) ;
#1129 = LINE ( 'NONE', #3652, #1755 ) ;
#1130 = EDGE_LOOP ( 'NONE', ( #3576, #1637, #1580, #2880 ) ) ;
#1131 = EDGE_CURVE ( 'NONE', #1108, #932, #1026, .T. ) ;
#1132 = ORIENTED_EDGE ( 'NONE', *, *, #647, .F. ) ;
#1133 = SURFACE_STYLE_USAGE ( .BOTH. , #531 ) ;
#1134 = LINE ( 'NONE', #2388, #1494 ) ;
#1135 = FACE_OUTER_BOUND ( 'NONE', #2018, .T. ) ;
#1136 = EDGE_CURVE ( 'NONE', #79, #2759, #1015, .T. ) ;
#1137 = MANIFOLD_SOLID_BREP ( 'Cut-Extrude1', #3684 ) ;
#1138 = ORIENTED_EDGE ( 'NONE', *, *, #196, .F. ) ;
#1139 = VERTEX_POINT ( 'NONE', #2076 ) ;
#1140 = DIRECTION ( 'NONE',  ( -1.000000000000000000, 0.000000000000000000, 0.000000000000000000 ) ) ;
#1141 = CARTESIAN_POINT ( 'NONE',  ( -2.092256965349082787, 0.8771976517450829069, 0.4300000000000000488 ) ) ;
#1142 = ORIENTED_EDGE ( 'NONE', *, *, #3826, .T. ) ;
#1143 = DIRECTION ( 'NONE',  ( 0.06975647374411758639, 0.9975640502598247528, -0.000000000000000000 ) ) ;
#1144 = FACE_OUTER_BOUND ( 'NONE', #3737, .T. ) ;
#1145 = CARTESIAN_POINT ( 'NONE',  ( 2.374200886599265647, 0.2683027059770082823, 2.109999999999999876 ) ) ;
#1146 = LINE ( 'NONE', #1171, #32 ) ;
#1147 = ORIENTED_EDGE ( 'NONE', *, *, #1893, .T. ) ;
#1148 = ADVANCED_FACE ( 'NONE', ( #1717 ), #1440, .F. ) ;
#1149 = CARTESIAN_POINT ( 'NONE',  ( -2.092256965349082787, 0.8771976517450829069, 0.8399999999999998579 ) ) ;
#1150 = AXIS2_PLACEMENT_3D ( 'NONE', #1902, #2505, #12 ) ;
#1151 = DIRECTION ( 'NONE',  ( 1.000000000000000000, -0.000000000000000000, -0.000000000000000000 ) ) ;
#1152 = ADVANCED_FACE ( 'NONE', ( #532 ), #2981, .F. ) ;
#1153 = DIRECTION ( 'NONE',  ( -0.06975647374411758639, -0.9975640502598247528, 0.000000000000000000 ) ) ;
#1154 = DIRECTION ( 'NONE',  ( -0.9975640502598247528, -0.06975647374411814150, 0.000000000000000000 ) ) ;
#1155 = DIRECTION ( 'NONE',  ( -0.000000000000000000, -0.000000000000000000, -1.000000000000000000 ) ) ;
#1156 = VECTOR ( 'NONE', #173, 1000.000000000000000 ) ;
#1158 = VECTOR ( 'NONE', #4040, 1000.000000000000000 ) ;
#1157 = CARTESIAN_POINT ( 'NONE',  ( -2.390693662505769979, 0.2520953002325063697, 0.8399999999999998579 ) ) ;
#1159 = ORIENTED_EDGE ( 'NONE', *, *, #1575, .T. ) ;
#1160 = CARTESIAN_POINT ( 'NONE',  ( -1.205055510833896504, 1.749999999999999334, -1.904999999999998694 ) ) ;
#1161 = VECTOR ( 'NONE', #1617, 1000.000000000000000 ) ;
#1162 = CIRCLE ( 'NONE', #376, 0.01780234825491788103 ) ;
#1163 = DIRECTION ( 'NONE',  ( 0.000000000000000000, 0.000000000000000000, 1.000000000000000000 ) ) ;
#1164 = EDGE_LOOP ( 'NONE', ( #2683, #321, #970, #1248 ) ) ;
#1165 = VECTOR ( 'NONE', #205, 1000.000000000000114 ) ;
#1166 = ORIENTED_EDGE ( 'NONE', *, *, #2277, .T. ) ;
#1167 = CIRCLE ( 'NONE', #833, 0.01780234825491788103 ) ;
#1168 = CARTESIAN_POINT ( 'NONE',  ( 2.391935491544398218, 0.2698542828618181177, 1.700000000000000178 ) ) ;
#1169 = DIRECTION ( 'NONE',  ( -0.000000000000000000, 1.000000000000000000, -0.000000000000000000 ) ) ;
#1170 = CARTESIAN_POINT ( 'NONE',  ( -2.319192456893480081, 0.8970519346069019129, -1.700000000000000178 ) ) ;
#1171 = CARTESIAN_POINT ( 'NONE',  ( 1.950000000000000844, 1.105000000000000870, 2.109999999999999876 ) ) ;
#1172 = VERTEX_POINT ( 'NONE', #3067 ) ;
#1173 = CLOSED_SHELL ( 'NONE', ( #2109, #1884, #3968, #2562, #3604, #3319, #870, #1206, #3562, #2056, #1027, #1036, #812, #2286 ) ) ;
#1174 = AXIS2_PLACEMENT_3D ( 'NONE', #2910, #737, #2251 ) ;
#1175 = EDGE_CURVE ( 'NONE', #4027, #3565, #1118, .T. ) ;
#1176 = DIRECTION ( 'NONE',  ( 0.000000000000000000, -0.000000000000000000, -1.000000000000000000 ) ) ;
#1177 =( NAMED_UNIT ( * ) PLANE_ANGLE_UNIT ( ) SI_UNIT ( $, .RADIAN. ) );
#1178 = EDGE_CURVE ( 'NONE', #3860, #936, #155, .T. ) ;
#1179 = VERTEX_POINT ( 'NONE', #1808 ) ;
#1180 = CARTESIAN_POINT ( 'NONE',  ( 2.109991570294214913, 0.8787492286298929089, 0.8399999999999998579 ) ) ;
#1181 = ORIENTED_EDGE ( 'NONE', *, *, #1280, .F. ) ;
#1182 = ORIENTED_EDGE ( 'NONE', *, *, #2776, .F. ) ;
#1183 = DIRECTION ( 'NONE',  ( 1.000000000000000000, -0.000000000000000000, 4.425314989736754855E-17 ) ) ;
#1184 = ADVANCED_FACE ( 'NONE', ( #2434 ), #3707, .F. ) ;
#1185 = DIRECTION ( 'NONE',  ( -0.000000000000000000, 1.000000000000000000, -0.000000000000000000 ) ) ;
#1186 = ORIENTED_EDGE ( 'NONE', *, *, #3654, .T. ) ;
#1187 = VERTEX_POINT ( 'NONE', #249 ) ;
#1188 = DIRECTION ( 'NONE',  ( 1.000000000000000000, -9.145721643857650857E-15, 0.000000000000000000 ) ) ;
#1189 = EDGE_CURVE ( 'NONE', #2779, #3913, #3801, .T. ) ;
#1190 = PLANE ( 'NONE',  #1265 ) ;
#1191 = FACE_OUTER_BOUND ( 'NONE', #1464, .T. ) ;
#1192 = DIRECTION ( 'NONE',  ( -0.08715574274765873486, -0.9961946980917454342, 0.000000000000000000 ) ) ;
#1193 = VERTEX_POINT ( 'NONE', #3025 ) ;
#1194 = MANIFOLD_SOLID_BREP ( 'Boss-Extrude4[2]', #3414 ) ;
#1195 = LINE ( 'NONE', #219, #3215 ) ;
#1196 = PRESENTATION_STYLE_ASSIGNMENT (( #3129 ) ) ;
#1197 = DIRECTION ( 'NONE',  ( -0.08715574274765873486, 0.9961946980917454342, 0.000000000000000000 ) ) ;
#1198 = ORIENTED_EDGE ( 'NONE', *, *, #2747, .F. ) ;
#1199 = DIRECTION ( 'NONE',  ( -1.000000000000000000, 0.000000000000000000, 0.000000000000000000 ) ) ;
#1200 = ORIENTED_EDGE ( 'NONE', *, *, #2296, .F. ) ;
#1201 = EDGE_CURVE ( 'NONE', #1507, #1723, #2116, .T. ) ;
#1202 = CARTESIAN_POINT ( 'NONE',  ( -2.376044803019505380, 0.04260684967794371725, -0.8400000000000000799 ) ) ;
#1203 = LINE ( 'NONE', #971, #439 ) ;
#1204 = EDGE_LOOP ( 'NONE', ( #2595, #1757, #2678, #497 ) ) ;
#1205 = VERTEX_POINT ( 'NONE', #3979 ) ;
#1206 = ADVANCED_FACE ( 'NONE', ( #1135 ), #3659, .F. ) ;
#1207 = LINE ( 'NONE', #2110, #3804 ) ;
#1208 = DIRECTION ( 'NONE',  ( -0.000000000000000000, -0.000000000000000000, -1.000000000000000000 ) ) ;
#1209 = DIRECTION ( 'NONE',  ( 0.06975647374411818313, -0.9975640502598247528, 0.000000000000000000 ) ) ;
#1210 = CARTESIAN_POINT ( 'NONE',  ( -1.920272870946982957, 1.444782639886913023, -2.449999999999998845 ) ) ;
#1211 = ORIENTED_EDGE ( 'NONE', *, *, #2052, .F. ) ;
#1212 = CARTESIAN_POINT ( 'NONE',  ( -2.092256965349082787, 0.8771976517450829069, 2.109999999999999876 ) ) ;
#1213 = CARTESIAN_POINT ( 'NONE',  ( -2.390693662505769979, 0.2520953002325061476, 0.8399999999999998579 ) ) ;
#1214 = ORIENTED_EDGE ( 'NONE', *, *, #86, .F. ) ;
#1215 = PLANE ( 'NONE',  #3295 ) ;
#1216 =( NAMED_UNIT ( * ) SI_UNIT ( $, .STERADIAN. ) SOLID_ANGLE_UNIT ( ) );
#1217 =( LENGTH_UNIT ( ) NAMED_UNIT ( * ) SI_UNIT ( .MILLI., .METRE. ) );
#1218 = DIRECTION ( 'NONE',  ( 0.08715574274765874874, 0.9961946980917454342, -0.000000000000000000 ) ) ;
#1219 = VECTOR ( 'NONE', #3161, 1000.000000000000114 ) ;
#1220 = LINE ( 'NONE', #552, #2608 ) ;
#1221 = VERTEX_POINT ( 'NONE', #3996 ) ;
#1222 = VECTOR ( 'NONE', #3156, 1000.000000000000114 ) ;
#1223 = CARTESIAN_POINT ( 'NONE',  ( 1.950000000000000178, 1.105000000000000870, -2.449999999999998845 ) ) ;
#1224 = PRESENTATION_LAYER_ASSIGNMENT (  '', '', ( #3410 ) ) ;
#1225 = VECTOR ( 'NONE', #983, 1000.000000000000000 ) ;
#1226 = DIRECTION ( 'NONE',  ( 0.08715574274765874874, -0.9961946980917454342, 0.000000000000000000 ) ) ;
#1227 = ORIENTED_EDGE ( 'NONE', *, *, #1100, .F. ) ;
#1228 = EDGE_LOOP ( 'NONE', ( #1681, #1132, #974, #2775, #687, #348, #2010, #3725, #3838, #658, #1927, #882 ) ) ;
#1229 = CYLINDRICAL_SURFACE ( 'NONE', #2326, 0.01780234825491788103 ) ;
#1230 = CIRCLE ( 'NONE', #102, 0.2278023482549169088 ) ;
#1231 = EDGE_CURVE ( 'NONE', #3850, #3228, #3406, .T. ) ;
#1232 = DIRECTION ( 'NONE',  ( 0.06975647374411818313, -0.9975640502598247528, 0.000000000000000000 ) ) ;
#1233 = CARTESIAN_POINT ( 'NONE',  ( -2.390693662505769979, 0.2520953002325063697, -1.700000000000000178 ) ) ;
#1234 = AXIS2_PLACEMENT_3D ( 'NONE', #2748, #2431, #878 ) ;
#1235 = CARTESIAN_POINT ( 'NONE',  ( -1.950000000000000622, 1.105000000000000870, -0.8400000000000000799 ) ) ;
#1236 = ORIENTED_EDGE ( 'NONE', *, *, #1384, .T. ) ;
#1237 = CARTESIAN_POINT ( 'NONE',  ( -2.391935491544398218, 0.2698542828618181177, 0.8399999999999998579 ) ) ;
#1238 = STYLED_ITEM ( 'NONE', ( #4019 ), #2519 ) ;
#1239 = CARTESIAN_POINT ( 'NONE',  ( 2.092256965349082787, 0.8950000000000009059, 1.700000000000000178 ) ) ;
#1240 = EDGE_CURVE ( 'NONE', #1187, #1367, #1351, .T. ) ;
#1241 = DIRECTION ( 'NONE',  ( 1.000000000000000000, 0.000000000000000000, 0.000000000000000000 ) ) ;
#1242 = CARTESIAN_POINT ( 'NONE',  ( 2.391935491544398218, 0.2698542828618181177, 1.700000000000000178 ) ) ;
#1243 =( GEOMETRIC_REPRESENTATION_CONTEXT ( 3 ) GLOBAL_UNCERTAINTY_ASSIGNED_CONTEXT ( ( #2823 ) ) GLOBAL_UNIT_ASSIGNED_CONTEXT ( ( #1217, #3089, #1568 ) ) REPRESENTATION_CONTEXT ( 'NONE', 'WORKASPACE' ) );
#1244 = VECTOR ( 'NONE', #547, 1000.000000000000000 ) ;
#1245 = LINE ( 'NONE', #2459, #3740 ) ;
#1246 = CARTESIAN_POINT ( 'NONE',  ( -1.950000000000000844, 0.8950000000000007949, 2.109999999999999876 ) ) ;
#1247 = VERTEX_POINT ( 'NONE', #506 ) ;
#1248 = ORIENTED_EDGE ( 'NONE', *, *, #1082, .T. ) ;
#1249 = DIRECTION ( 'NONE',  ( -0.9975640502598246417, 0.06975647374411883539, -0.000000000000000000 ) ) ;
#1250 = VERTEX_POINT ( 'NONE', #3668 ) ;
#1251 = EDGE_LOOP ( 'NONE', ( #3769, #1862, #1574, #1718 ) ) ;
#1252 = ADVANCED_FACE ( 'NONE', ( #3357 ), #3372, .F. ) ;
#1253 = PLANE ( 'NONE',  #2517 ) ;
#1254 = CARTESIAN_POINT ( 'NONE',  ( -2.390693662505769979, 0.2520953002325061476, 1.700000000000000178 ) ) ;
#1255 = CARTESIAN_POINT ( 'NONE',  ( -3.000000000000000000, 0.2094884505545626108, 2.109999999999999876 ) ) ;
#1256 = CARTESIAN_POINT ( 'NONE',  ( -2.092256965349082787, 1.104999999999999982, -0.4300000000000002709 ) ) ;
#1257 = ORIENTED_EDGE ( 'NONE', *, *, #3601, .F. ) ;
#1258 = EDGE_CURVE ( 'NONE', #2797, #2909, #2698, .T. ) ;
#1259 = DIRECTION ( 'NONE',  ( -0.000000000000000000, -0.000000000000000000, -1.000000000000000000 ) ) ;
#1260 = DIRECTION ( 'NONE',  ( -0.000000000000000000, -0.000000000000000000, -1.000000000000000000 ) ) ;
#1261 = EDGE_CURVE ( 'NONE', #2622, #3351, #3697, .T. ) ;
#1262 = VERTEX_POINT ( 'NONE', #872 ) ;
#1263 = PLANE ( 'NONE',  #1103 ) ;
#1264 = ORIENTED_EDGE ( 'NONE', *, *, #3903, .F. ) ;
#1265 = AXIS2_PLACEMENT_3D ( 'NONE', #1495, #2743, #4033 ) ;
#1266 = EDGE_CURVE ( 'NONE', #2856, #3589, #2658, .T. ) ;
#1267 = CARTESIAN_POINT ( 'NONE',  ( 2.092256965349082787, 1.104999999999999538, 2.109999999999999876 ) ) ;
#1268 = PRODUCT_DEFINITION_CONTEXT ( 'detailed design', #2644, 'design' ) ;
#1269 = ORIENTED_EDGE ( 'NONE', *, *, #937, .T. ) ;
#1270 = DIRECTION ( 'NONE',  ( -0.9975640502598246417, 0.06975647374411883539, -0.000000000000000000 ) ) ;
#1271 = DIRECTION ( 'NONE',  ( -0.08715574274765873486, 0.9961946980917454342, 0.000000000000000000 ) ) ;
#1272 = DIRECTION ( 'NONE',  ( -0.000000000000000000, -1.000000000000000000, -0.000000000000000000 ) ) ;
#1273 = CARTESIAN_POINT ( 'NONE',  ( 2.319192456893480525, 0.8970519346069010247, -2.109999999999999876 ) ) ;
#1274 = FACE_OUTER_BOUND ( 'NONE', #400, .T. ) ;
#1275 = ORIENTED_EDGE ( 'NONE', *, *, #1711, .F. ) ;
#1276 = CARTESIAN_POINT ( 'NONE',  ( 2.391935491544398218, 0.2698542828618181177, -0.8400000000000000799 ) ) ;
#1277 = LINE ( 'NONE', #2499, #2871 ) ;
#1278 = DIRECTION ( 'NONE',  ( 1.000000000000000000, 6.097147762571766712E-15, 0.000000000000000000 ) ) ;
#1279 = EDGE_CURVE ( 'NONE', #2930, #3975, #2662, .T. ) ;
#1280 = EDGE_CURVE ( 'NONE', #2688, #3493, #560, .T. ) ;
#1281 = EDGE_LOOP ( 'NONE', ( #3306, #287, #3775, #2545 ) ) ;
#1282 = DIRECTION ( 'NONE',  ( -0.000000000000000000, -0.000000000000000000, -1.000000000000000000 ) ) ;
#1283 = AXIS2_PLACEMENT_3D ( 'NONE', #629, #2510, #3821 ) ;
#1284 = EDGE_CURVE ( 'NONE', #3366, #502, #2406, .T. ) ;
#1285 = COLOUR_RGB ( '',0.2509803921568627416, 0.2509803921568627416, 0.2509803921568627416 ) ;
#1286 = DIRECTION ( 'NONE',  ( -0.08715574274765876261, 0.9961946980917454342, -0.000000000000000000 ) ) ;
#1287 = ORIENTED_EDGE ( 'NONE', *, *, #316, .F. ) ;
#1288 = VECTOR ( 'NONE', #415, 1000.000000000000000 ) ;
#1289 = ORIENTED_EDGE ( 'NONE', *, *, #3585, .T. ) ;
#1290 = CARTESIAN_POINT ( 'NONE',  ( 2.319192456893480525, 0.8970519346069010247, -0.8400000000000000799 ) ) ;
#1291 = PLANE ( 'NONE',  #1294 ) ;
#1292 = LINE ( 'NONE', #2536, #2864 ) ;
#1293 = CARTESIAN_POINT ( 'NONE',  ( -1.950000000000000844, 1.105000000000000870, 2.109999999999999876 ) ) ;
#1294 = AXIS2_PLACEMENT_3D ( 'NONE', #2225, #3422, #2826 ) ;
#1295 = ORIENTED_EDGE ( 'NONE', *, *, #2815, .F. ) ;
#1296 = AXIS2_PLACEMENT_3D ( 'NONE', #2172, #3126, #615 ) ;
#1297 = CIRCLE ( 'NONE', #2670, 0.2278023482549171308 ) ;
#1298 = PRESENTATION_LAYER_ASSIGNMENT (  '', '', ( #3065 ) ) ;
#1299 = LINE ( 'NONE', #928, #1109 ) ;
#1300 = LINE ( 'NONE', #2541, #3952 ) ;
#1301 = CIRCLE ( 'NONE', #1887, 0.2049999999999996825 ) ;
#1302 = CIRCLE ( 'NONE', #3617, 0.2049999999999996825 ) ;
#1303 = EDGE_CURVE ( 'NONE', #3936, #3509, #258, .T. ) ;
#1304 = LINE ( 'NONE', #3497, #963 ) ;
#1305 = ORIENTED_EDGE ( 'NONE', *, *, #1307, .T. ) ;
#1306 = DIRECTION ( 'NONE',  ( -0.000000000000000000, -0.000000000000000000, -1.000000000000000000 ) ) ;
#1307 = EDGE_CURVE ( 'NONE', #3228, #2774, #3602, .T. ) ;
#1308 = ORIENTED_EDGE ( 'NONE', *, *, #1670, .T. ) ;
#1309 = CARTESIAN_POINT ( 'NONE',  ( 2.165000000000000036, 0.2500000000000000555, -0.4300000000000002709 ) ) ;
#1310 = ORIENTED_EDGE ( 'NONE', *, *, #3456, .T. ) ;
#1311 = ADVANCED_FACE ( 'NONE', ( #211 ), #1229, .F. ) ;
#1312 = ORIENTED_EDGE ( 'NONE', *, *, #1231, .T. ) ;
#1313 = CARTESIAN_POINT ( 'NONE',  ( 1.950000000000000178, 0.8950000000000007949, -2.449999999999998845 ) ) ;
#1314 = DIRECTION ( 'NONE',  ( -1.000000000000000000, 0.000000000000000000, 0.000000000000000000 ) ) ;
#1315 = CARTESIAN_POINT ( 'NONE',  ( -1.205055510833896504, 1.749999999999999334, -2.109999999999998099 ) ) ;
#1316 = EDGE_LOOP ( 'NONE', ( #1236, #1552, #3761, #2692 ) ) ;
#1317 = EDGE_CURVE ( 'NONE', #2759, #1442, #3033, .T. ) ;
#1318 = FACE_OUTER_BOUND ( 'NONE', #3149, .T. ) ;
#1319 = CARTESIAN_POINT ( 'NONE',  ( 2.391935491544398218, 0.2698542828618181177, -0.4300000000000002709 ) ) ;
#1320 = LINE ( 'NONE', #115, #2269 ) ;
#1321 = DIRECTION ( 'NONE',  ( -0.000000000000000000, -0.000000000000000000, -1.000000000000000000 ) ) ;
#1322 = CARTESIAN_POINT ( 'NONE',  ( 1.950000000000000844, 1.105000000000000870, 0.8399999999999998579 ) ) ;
#1323 = ORIENTED_EDGE ( 'NONE', *, *, #2123, .F. ) ;
#1324 = DIRECTION ( 'NONE',  ( 0.000000000000000000, 0.000000000000000000, 1.000000000000000000 ) ) ;
#1325 = DIRECTION ( 'NONE',  ( -0.000000000000000000, -0.000000000000000000, -1.000000000000000000 ) ) ;
#1326 = VERTEX_POINT ( 'NONE', #891 ) ;
#1327 = CARTESIAN_POINT ( 'NONE',  ( 1.893569812025778898, 0.2500000000000006661, -2.449999999999998845 ) ) ;
#1328 = CARTESIAN_POINT ( 'NONE',  ( -2.092256965349082787, 0.8771976517450829069, -0.4300000000000002709 ) ) ;
#1329 = VERTEX_POINT ( 'NONE', #278 ) ;
#1330 = EDGE_CURVE ( 'NONE', #3713, #1854, #856, .T. ) ;
#1331 = ORIENTED_EDGE ( 'NONE', *, *, #1279, .T. ) ;
#1332 = CARTESIAN_POINT ( 'NONE',  ( 2.092256965349082787, 0.8771976517450829069, 0.8399999999999998579 ) ) ;
#1333 = EDGE_CURVE ( 'NONE', #2819, #460, #1207, .T. ) ;
#1334 = DIRECTION ( 'NONE',  ( -0.000000000000000000, -0.000000000000000000, -1.000000000000000000 ) ) ;
#1335 = DIRECTION ( 'NONE',  ( -0.000000000000000000, -0.000000000000000000, -1.000000000000000000 ) ) ;
#1336 = VERTEX_POINT ( 'NONE', #589 ) ;
#1337 = DIRECTION ( 'NONE',  ( -0.000000000000000000, -0.000000000000000000, -1.000000000000000000 ) ) ;
#1338 = CARTESIAN_POINT ( 'NONE',  ( -2.374200886599265647, 0.2683027059770077827, -1.700000000000000178 ) ) ;
#1339 = EDGE_CURVE ( 'NONE', #2984, #3111, #3014, .T. ) ;
#1340 = CARTESIAN_POINT ( 'NONE',  ( -2.390693662505769979, 0.2520953002325061476, 0.8399999999999998579 ) ) ;
#1341 = DIRECTION ( 'NONE',  ( 0.08715574274765874874, -0.9961946980917454342, 0.000000000000000000 ) ) ;
#1342 = VERTEX_POINT ( 'NONE', #1531 ) ;
#1343 = LINE ( 'NONE', #3598, #3664 ) ;
#1344 = ORIENTED_EDGE ( 'NONE', *, *, #410, .T. ) ;
#1345 = CIRCLE ( 'NONE', #2787, 0.01780234825491788103 ) ;
#1346 = EDGE_CURVE ( 'NONE', #2714, #2943, #2147, .T. ) ;
#1347 = VECTOR ( 'NONE', #935, 1000.000000000000000 ) ;
#1348 = DIRECTION ( 'NONE',  ( 0.000000000000000000, 1.000000000000000000, 0.000000000000000000 ) ) ;
#1349 = LINE ( 'NONE', #3891, #2202 ) ;
#1350 = ORIENTED_EDGE ( 'NONE', *, *, #248, .T. ) ;
#1351 = CIRCLE ( 'NONE', #2321, 0.2278023482549171308 ) ;
#1352 = ADVANCED_FACE ( 'NONE', ( #540 ), #3051, .T. ) ;
#1353 = LINE ( 'NONE', #2873, #2384 ) ;
#1354 = DIRECTION ( 'NONE',  ( 0.08715574274765876261, -0.9961946980917454342, 0.000000000000000000 ) ) ;
#1355 = AXIS2_PLACEMENT_3D ( 'NONE', #1529, #2778, #1934 ) ;
#1356 = LINE ( 'NONE', #1954, #1425 ) ;
#1357 = VECTOR ( 'NONE', #702, 1000.000000000000000 ) ;
#1358 = DIRECTION ( 'NONE',  ( 1.000000000000000000, 0.000000000000000000, 0.000000000000000000 ) ) ;
#1359 = VECTOR ( 'NONE', #1226, 1000.000000000000114 ) ;
#1360 = AXIS2_PLACEMENT_3D ( 'NONE', #3685, #599, #1852 ) ;
#1361 = EDGE_CURVE ( 'NONE', #727, #1064, #2741, .T. ) ;
#1362 = ORIENTED_EDGE ( 'NONE', *, *, #162, .T. ) ;
#1363 =( LENGTH_UNIT ( ) NAMED_UNIT ( * ) SI_UNIT ( .MILLI., .METRE. ) );
#1364 = AXIS2_PLACEMENT_3D ( 'NONE', #3279, #1705, #718 ) ;
#1366 =( GEOMETRIC_REPRESENTATION_CONTEXT ( 3 ) GLOBAL_UNCERTAINTY_ASSIGNED_CONTEXT ( ( #1034 ) ) GLOBAL_UNIT_ASSIGNED_CONTEXT ( ( #3624, #3244, #2041 ) ) REPRESENTATION_CONTEXT ( 'NONE', 'WORKASPACE' ) );
#1365 = CARTESIAN_POINT ( 'NONE',  ( -1.950000000000000622, 0.8950000000000007949, -0.4300000000000002709 ) ) ;
#1367 = VERTEX_POINT ( 'NONE', #3459 ) ;
#1368 = PLANE ( 'NONE',  #2069 ) ;
#1369 = ADVANCED_FACE ( 'NONE', ( #4106 ), #3502, .T. ) ;
#1370 = VECTOR ( 'NONE', #3922, 1000.000000000000114 ) ;
#1371 = ORIENTED_EDGE ( 'NONE', *, *, #2129, .T. ) ;
#1372 = ORIENTED_EDGE ( 'NONE', *, *, #1284, .F. ) ;
#1373 = ORIENTED_EDGE ( 'NONE', *, *, #1178, .F. ) ;
#1374 = DIRECTION ( 'NONE',  ( -0.08682659386424779191, 0.9924325091389669673, -0.08682659386424777803 ) ) ;
#1375 = DIRECTION ( 'NONE',  ( -0.000000000000000000, -0.000000000000000000, -1.000000000000000000 ) ) ;
#1376 = ORIENTED_EDGE ( 'NONE', *, *, #3225, .T. ) ;
#1377 = LINE ( 'NONE', #2627, #1635 ) ;
#1378 = LINE ( 'NONE', #1995, #2025 ) ;
#1379 = CARTESIAN_POINT ( 'NONE',  ( -2.319192456893480081, 0.8970519346069019129, 0.8399999999999998579 ) ) ;
#1380 = EDGE_CURVE ( 'NONE', #1250, #2315, #3160, .T. ) ;
#1381 = ORIENTED_EDGE ( 'NONE', *, *, #2700, .F. ) ;
#1382 = FILL_AREA_STYLE_COLOUR ( '', #2530 ) ;
#1383 = DIRECTION ( 'NONE',  ( 0.9975640502598246417, -0.06975647374411883539, 0.000000000000000000 ) ) ;
#1384 = EDGE_CURVE ( 'NONE', #3565, #2779, #996, .T. ) ;
#1385 = CARTESIAN_POINT ( 'NONE',  ( -3.000000000000000000, 0.2094884505545626108, -0.4300000000000002709 ) ) ;
#1386 = ORIENTED_EDGE ( 'NONE', *, *, #2325, .T. ) ;
#1387 = DIRECTION ( 'NONE',  ( -0.000000000000000000, -0.000000000000000000, -1.000000000000000000 ) ) ;
#1388 = ORIENTED_EDGE ( 'NONE', *, *, #805, .F. ) ;
#1389 = DIRECTION ( 'NONE',  ( -0.000000000000000000, -0.000000000000000000, -1.000000000000000000 ) ) ;
#1390 = DIRECTION ( 'NONE',  ( -0.9975640502598247528, 0.06975647374411758639, 0.000000000000000000 ) ) ;
#1391 = ORIENTED_EDGE ( 'NONE', *, *, #3251, .F. ) ;
#1392 = LINE ( 'NONE', #3552, #1763 ) ;
#1393 = CARTESIAN_POINT ( 'NONE',  ( -1.950000000000000622, 0.8950000000000007949, -1.700000000000000178 ) ) ;
#1394 = CARTESIAN_POINT ( 'NONE',  ( 1.950000000000001066, 0.8950000000000007949, -0.4300000000000002709 ) ) ;
#1395 = ORIENTED_EDGE ( 'NONE', *, *, #1189, .F. ) ;
#1396 = ADVANCED_FACE ( 'NONE', ( #1638 ), #3777, .T. ) ;
#1397 =( NAMED_UNIT ( * ) PLANE_ANGLE_UNIT ( ) SI_UNIT ( $, .RADIAN. ) );
#1398 = CARTESIAN_POINT ( 'NONE',  ( -2.376044803019505380, 0.04260684967794371725, 1.700000000000000178 ) ) ;
#1399 = EDGE_CURVE ( 'NONE', #2185, #2270, #3854, .T. ) ;
#1400 = ORIENTED_EDGE ( 'NONE', *, *, #3566, .T. ) ;
#1401 = ORIENTED_EDGE ( 'NONE', *, *, #2333, .T. ) ;
#1402 = EDGE_CURVE ( 'NONE', #3039, #2669, #1009, .T. ) ;
#1403 = ORIENTED_EDGE ( 'NONE', *, *, #3146, .T. ) ;
#1404 = VECTOR ( 'NONE', #2322, 1000.000000000000000 ) ;
#1405 = CARTESIAN_POINT ( 'NONE',  ( 1.950000000000001066, 1.105000000000000870, -0.4300000000000002709 ) ) ;
#1406 = LINE ( 'NONE', #2744, #1752 ) ;
#1407 = LINE ( 'NONE', #457, #2334 ) ;
#1408 = VERTEX_POINT ( 'NONE', #2613 ) ;
#1409 = PRESENTATION_LAYER_ASSIGNMENT (  '', '', ( #434 ) ) ;
#1410 = VECTOR ( 'NONE', #548, 1000.000000000000114 ) ;
#1411 = VECTOR ( 'NONE', #2424, 1000.000000000000000 ) ;
#1412 = VERTEX_POINT ( 'NONE', #1035 ) ;
#1413 =( NAMED_UNIT ( * ) SI_UNIT ( $, .STERADIAN. ) SOLID_ANGLE_UNIT ( ) );
#1414 = CARTESIAN_POINT ( 'NONE',  ( 2.390693662505769979, 0.2520953002325064252, -0.4300000000000002709 ) ) ;
#1415 = VECTOR ( 'NONE', #3989, 1000.000000000000000 ) ;
#1416 = EDGE_CURVE ( 'NONE', #3991, #3574, #3805, .T. ) ;
#1417 = AXIS2_PLACEMENT_3D ( 'NONE', #2901, #138, #2652 ) ;
#1418 = DIRECTION ( 'NONE',  ( -0.000000000000000000, -0.000000000000000000, -1.000000000000000000 ) ) ;
#1419 = VECTOR ( 'NONE', #2496, 1000.000000000000000 ) ;
#1420 = VECTOR ( 'NONE', #2480, 1000.000000000000000 ) ;
#1421 = ORIENTED_EDGE ( 'NONE', *, *, #2635, .F. ) ;
#1422 = ORIENTED_EDGE ( 'NONE', *, *, #1551, .T. ) ;
#1423 = ADVANCED_FACE ( 'NONE', ( #1914 ), #1956, .F. ) ;
#1424 = MECHANICAL_DESIGN_GEOMETRIC_PRESENTATION_REPRESENTATION (  '', ( #3283 ), #2023 ) ;
#1425 = VECTOR ( 'NONE', #3220, 1000.000000000000000 ) ;
#1426 = ORIENTED_EDGE ( 'NONE', *, *, #2016, .F. ) ;
#1427 = AXIS2_PLACEMENT_3D ( 'NONE', #1414, #3641, #1383 ) ;
#1428 = CARTESIAN_POINT ( 'NONE',  ( 2.374200886599265647, 0.2683027059770082823, 0.8399999999999998579 ) ) ;
#1429 = VERTEX_POINT ( 'NONE', #395 ) ;
#1430 = EDGE_CURVE ( 'NONE', #917, #1045, #9, .T. ) ;
#1431 = PLANE ( 'NONE',  #780 ) ;
#1432 = LINE ( 'NONE', #3700, #1095 ) ;
#1433 = CYLINDRICAL_SURFACE ( 'NONE', #2800, 0.2278023482549171308 ) ;
#1434 = ORIENTED_EDGE ( 'NONE', *, *, #312, .F. ) ;
#1435 = EDGE_CURVE ( 'NONE', #97, #95, #3189, .T. ) ;
#1436 = FACE_OUTER_BOUND ( 'NONE', #2033, .T. ) ;
#1437 = CARTESIAN_POINT ( 'NONE',  ( 0.000000000000000000, 0.2500000000000006661, 0.000000000000000000 ) ) ;
#1438 = DIRECTION ( 'NONE',  ( -0.000000000000000000, -0.000000000000000000, -1.000000000000000000 ) ) ;
#1439 = DIRECTION ( 'NONE',  ( -1.000000000000000000, 0.000000000000000000, 0.000000000000000000 ) ) ;
#1440 = PLANE ( 'NONE',  #3599 ) ;
#1441 = VERTEX_POINT ( 'NONE', #3242 ) ;
#1442 = VERTEX_POINT ( 'NONE', #2295 ) ;
#1443 = ORIENTED_EDGE ( 'NONE', *, *, #3767, .T. ) ;
#1444 = CARTESIAN_POINT ( 'NONE',  ( -2.092256965349082787, 0.8771976517450829069, -1.700000000000000178 ) ) ;
#1445 = ORIENTED_EDGE ( 'NONE', *, *, #3311, .F. ) ;
#1446 = EDGE_CURVE ( 'NONE', #3092, #442, #2895, .T. ) ;
#1447 = ORIENTED_EDGE ( 'NONE', *, *, #40, .T. ) ;
#1448 = DIRECTION ( 'NONE',  ( -9.145721643857650857E-15, -1.000000000000000000, 0.000000000000000000 ) ) ;
#1449 = EDGE_CURVE ( 'NONE', #1442, #634, #742, .T. ) ;
#1450 = CARTESIAN_POINT ( 'NONE',  ( -1.950000000000000622, 1.105000000000000870, -1.700000000000000178 ) ) ;
#1451 = CARTESIAN_POINT ( 'NONE',  ( -2.109991570294214913, 0.8787492286298929089, -0.4300000000000002709 ) ) ;
#1452 = CARTESIAN_POINT ( 'NONE',  ( 2.985351140513735402, -1.554929984311652099E-18, -0.8400000000000000799 ) ) ;
#1453 = EDGE_LOOP ( 'NONE', ( #1939, #2571, #3174, #443 ) ) ;
#1454 = FILL_AREA_STYLE_COLOUR ( '', #1104 ) ;
#1455 = DIRECTION ( 'NONE',  ( -0.000000000000000000, -0.000000000000000000, -1.000000000000000000 ) ) ;
#1456 = DIRECTION ( 'NONE',  ( 0.06975647374411818313, -0.9975640502598247528, 0.000000000000000000 ) ) ;
#1457 = ORIENTED_EDGE ( 'NONE', *, *, #2807, .T. ) ;
#1458 = CYLINDRICAL_SURFACE ( 'NONE', #1540, 0.2278023482549171308 ) ;
#1459 = LINE ( 'NONE', #2712, #3677 ) ;
#1460 = VERTEX_POINT ( 'NONE', #2518 ) ;
#1461 = ORIENTED_EDGE ( 'NONE', *, *, #2071, .F. ) ;
#1462 = CYLINDRICAL_SURFACE ( 'NONE', #3795, 0.2049999999999994604 ) ;
#1463 = CARTESIAN_POINT ( 'NONE',  ( -1.950000000000000844, 0.8950000000000007949, 2.109999999999999876 ) ) ;
#1464 = EDGE_LOOP ( 'NONE', ( #4023, #3892, #3888, #1612 ) ) ;
#1465 = ORIENTED_EDGE ( 'NONE', *, *, #1384, .F. ) ;
#1466 = CARTESIAN_POINT ( 'NONE',  ( 1.950000000000000844, 0.8950000000000007949, 2.449999999999998401 ) ) ;
#1467 = ADVANCED_FACE ( 'NONE', ( #118 ), #1997, .F. ) ;
#1468 = CARTESIAN_POINT ( 'NONE',  ( -2.092256965349082787, 0.8950000000000007949, 0.4300000000000000488 ) ) ;
#1469 = CARTESIAN_POINT ( 'NONE',  ( -2.319192456893480081, 0.8970519346069019129, 0.8399999999999998579 ) ) ;
#1470 = CARTESIAN_POINT ( 'NONE',  ( 3.000000000000000000, 0.2094884505545622777, -2.109999999999999876 ) ) ;
#1471 = ORIENTED_EDGE ( 'NONE', *, *, #2271, .F. ) ;
#1472 = VECTOR ( 'NONE', #186, 1000.000000000000000 ) ;
#1473 = ADVANCED_FACE ( 'NONE', ( #1690 ), #299, .F. ) ;
#1474 = DIRECTION ( 'NONE',  ( -1.000000000000000000, 0.000000000000000000, 0.000000000000000000 ) ) ;
#1475 = LINE ( 'NONE', #1626, #2990 ) ;
#1476 = AXIS2_PLACEMENT_3D ( 'NONE', #863, #2675, #3683 ) ;
#1477 = ADVANCED_FACE ( 'NONE', ( #1560 ), #2246, .F. ) ;
#1478 = DIRECTION ( 'NONE',  ( -0.9975640502598247528, 0.06975647374411758639, 0.000000000000000000 ) ) ;
#1479 = CIRCLE ( 'NONE', #762, 0.2278023482549171308 ) ;
#1480 = CARTESIAN_POINT ( 'NONE',  ( -2.390693662505769979, 0.2520953002325063697, 1.700000000000000178 ) ) ;
#1481 = ORIENTED_EDGE ( 'NONE', *, *, #678, .T. ) ;
#1482 = AXIS2_PLACEMENT_3D ( 'NONE', #957, #3490, #3506 ) ;
#1483 = VECTOR ( 'NONE', #3932, 1000.000000000000000 ) ;
#1484 = ORIENTED_EDGE ( 'NONE', *, *, #2325, .F. ) ;
#1485 = EDGE_CURVE ( 'NONE', #1905, #95, #2228, .T. ) ;
#1486 = FACE_OUTER_BOUND ( 'NONE', #978, .T. ) ;
#1487 = VECTOR ( 'NONE', #1056, 1000.000000000000000 ) ;
#1488 = AXIS2_PLACEMENT_3D ( 'NONE', #1510, #645, #3157 ) ;
#1489 = LINE ( 'NONE', #1917, #1037 ) ;
#1490 = VECTOR ( 'NONE', #3227, 1000.000000000000000 ) ;
#1491 = VERTEX_POINT ( 'NONE', #3848 ) ;
#1492 = MECHANICAL_DESIGN_GEOMETRIC_PRESENTATION_REPRESENTATION (  '', ( #3410 ), #2661 ) ;
#1493 = DIRECTION ( 'NONE',  ( -1.000000000000000000, 0.000000000000000000, 0.000000000000000000 ) ) ;
#1494 = VECTOR ( 'NONE', #476, 1000.000000000000000 ) ;
#1495 = CARTESIAN_POINT ( 'NONE',  ( 2.390693662505769979, 0.2520953002325064252, 2.109999999999999876 ) ) ;
#1496 = LINE ( 'NONE', #238, #561 ) ;
#1497 = DIRECTION ( 'NONE',  ( -1.000000000000000000, 9.145721643857650857E-15, -0.000000000000000000 ) ) ;
#1498 = ORIENTED_EDGE ( 'NONE', *, *, #4082, .T. ) ;
#1499 = DIRECTION ( 'NONE',  ( -0.000000000000000000, -0.000000000000000000, 1.000000000000000000 ) ) ;
#1500 =( NAMED_UNIT ( * ) PLANE_ANGLE_UNIT ( ) SI_UNIT ( $, .RADIAN. ) );
#1501 = EDGE_CURVE ( 'NONE', #1062, #3158, #3550, .T. ) ;
#1502 =( LENGTH_UNIT ( ) NAMED_UNIT ( * ) SI_UNIT ( .MILLI., .METRE. ) );
#1503 = LINE ( 'NONE', #1480, #2391 ) ;
#1504 = ORIENTED_EDGE ( 'NONE', *, *, #3504, .T. ) ;
#1505 = ADVANCED_FACE ( 'NONE', ( #1274 ), #2812, .F. ) ;
#1506 = CYLINDRICAL_SURFACE ( 'NONE', #571, 0.2049999999999996825 ) ;
#1507 = VERTEX_POINT ( 'NONE', #4097 ) ;
#1508 = ORIENTED_EDGE ( 'NONE', *, *, #903, .T. ) ;
#1509 = DIRECTION ( 'NONE',  ( 1.000000000000000000, 0.000000000000000000, 0.000000000000000000 ) ) ;
#1510 = CARTESIAN_POINT ( 'NONE',  ( 2.092256965349082787, 0.8771976517450829069, 0.4300000000000000488 ) ) ;
#1511 = CARTESIAN_POINT ( 'NONE',  ( 2.092256965349082787, 0.8950000000000009059, 0.8399999999999998579 ) ) ;
#1512 = ORIENTED_EDGE ( 'NONE', *, *, #661, .T. ) ;
#1513 = DIRECTION ( 'NONE',  ( -0.000000000000000000, -0.000000000000000000, -1.000000000000000000 ) ) ;
#1514 = ORIENTED_EDGE ( 'NONE', *, *, #729, .F. ) ;
#1515 = DIRECTION ( 'NONE',  ( -4.425314989736755471E-17, 0.000000000000000000, 1.000000000000000000 ) ) ;
#1516 = DIRECTION ( 'NONE',  ( -1.000000000000000000, 0.000000000000000000, 0.000000000000000000 ) ) ;
#1517 = DIRECTION ( 'NONE',  ( -0.08715574274765924834, -0.9961946980917454342, 0.000000000000000000 ) ) ;
#1518 = CARTESIAN_POINT ( 'NONE',  ( 2.985351140513735402, -1.554929984311652099E-18, -1.700000000000000178 ) ) ;
#1519 = ORIENTED_EDGE ( 'NONE', *, *, #3710, .T. ) ;
#1520 = FILL_AREA_STYLE_COLOUR ( '', #1958 ) ;
#1521 = DIRECTION ( 'NONE',  ( -0.000000000000000000, -0.000000000000000000, -1.000000000000000000 ) ) ;
#1522 = DIRECTION ( 'NONE',  ( 0.000000000000000000, 0.000000000000000000, 1.000000000000000000 ) ) ;
#1523 = CARTESIAN_POINT ( 'NONE',  ( -2.165000000000000036, 0.2500000000000000555, -0.4300000000000002709 ) ) ;
#1524 = ORIENTED_EDGE ( 'NONE', *, *, #2077, .T. ) ;
#1525 = DIRECTION ( 'NONE',  ( -0.000000000000000000, -0.000000000000000000, -1.000000000000000000 ) ) ;
#1526 = ORIENTED_EDGE ( 'NONE', *, *, #1779, .F. ) ;
#1527 = DIRECTION ( 'NONE',  ( 0.06975647374411747537, -0.9975640502598247528, 0.000000000000000000 ) ) ;
#1528 = EDGE_CURVE ( 'NONE', #603, #502, #1001, .T. ) ;
#1529 = CARTESIAN_POINT ( 'NONE',  ( 2.376044803019505380, 0.04260684967794371725, 0.8399999999999998579 ) ) ;
#1530 = ORIENTED_EDGE ( 'NONE', *, *, #562, .F. ) ;
#1531 = CARTESIAN_POINT ( 'NONE',  ( 2.390693662505769979, 0.2520953002325062031, 2.109999999999999876 ) ) ;
#1532 = EDGE_CURVE ( 'NONE', #1062, #3565, #2513, .T. ) ;
#1533 = CARTESIAN_POINT ( 'NONE',  ( 2.092256965349082787, 0.8950000000000009059, 0.8399999999999998579 ) ) ;
#1534 = LINE ( 'NONE', #3822, #764 ) ;
#1535 = CARTESIAN_POINT ( 'NONE',  ( -2.985351140513735402, -1.554929984311652099E-18, -2.109999999999999876 ) ) ;
#1536 = ORIENTED_EDGE ( 'NONE', *, *, #3630, .F. ) ;
#1537 = CARTESIAN_POINT ( 'NONE',  ( -2.092256965349082787, 1.104999999999999982, -1.700000000000000178 ) ) ;
#1538 = CARTESIAN_POINT ( 'NONE',  ( -2.092256965349082787, 1.104999999999999982, 2.109999999999999876 ) ) ;
#1539 = SURFACE_STYLE_USAGE ( .BOTH. , #1896 ) ;
#1540 = AXIS2_PLACEMENT_3D ( 'NONE', #2711, #1155, #1140 ) ;
#1541 = VERTEX_POINT ( 'NONE', #389 ) ;
#1542 = EDGE_CURVE ( 'NONE', #3111, #1336, #2497, .T. ) ;
#1543 = FACE_OUTER_BOUND ( 'NONE', #1796, .T. ) ;
#1544 = ORIENTED_EDGE ( 'NONE', *, *, #402, .F. ) ;
#1545 = ORIENTED_EDGE ( 'NONE', *, *, #1829, .F. ) ;
#1546 = VECTOR ( 'NONE', #4088, 1000.000000000000000 ) ;
#1547 = PLANE ( 'NONE',  #1150 ) ;
#1548 = VECTOR ( 'NONE', #276, 1000.000000000000000 ) ;
#1549 = ORIENTED_EDGE ( 'NONE', *, *, #142, .T. ) ;
#1550 = VECTOR ( 'NONE', #1341, 1000.000000000000114 ) ;
#1551 = EDGE_CURVE ( 'NONE', #1569, #3570, #2844, .T. ) ;
#1552 = ORIENTED_EDGE ( 'NONE', *, *, #142, .F. ) ;
#1553 = AXIS2_PLACEMENT_3D ( 'NONE', #2971, #143, #2681 ) ;
#1554 = CARTESIAN_POINT ( 'NONE',  ( 2.092256965349082787, 0.8950000000000009059, -0.4300000000000002709 ) ) ;
#1555 = AXIS2_PLACEMENT_3D ( 'NONE', #3999, #3044, #3689 ) ;
#1556 = PLANE ( 'NONE',  #822 ) ;
#1557 = VECTOR ( 'NONE', #2587, 1000.000000000000000 ) ;
#1558 = EDGE_CURVE ( 'NONE', #1172, #3622, #3537, .T. ) ;
#1559 = PLANE ( 'NONE',  #3206 ) ;
#1560 = FACE_OUTER_BOUND ( 'NONE', #3741, .T. ) ;
#1561 = UNCERTAINTY_MEASURE_WITH_UNIT (LENGTH_MEASURE( 1.000000000000000082E-05 ), #1871, 'distance_accuracy_value', 'NONE');
#1562 = VERTEX_POINT ( 'NONE', #3148 ) ;
#1563 = AXIS2_PLACEMENT_3D ( 'NONE', #618, #3108, #2771 ) ;
#1564 = DIRECTION ( 'NONE',  ( -0.000000000000000000, -0.000000000000000000, -1.000000000000000000 ) ) ;
#1565 = DIRECTION ( 'NONE',  ( -0.000000000000000000, -0.000000000000000000, -1.000000000000000000 ) ) ;
#1566 = CARTESIAN_POINT ( 'NONE',  ( 2.391935491544398218, 0.2698542828618181177, 0.4300000000000000488 ) ) ;
#1567 = EDGE_CURVE ( 'NONE', #3755, #2590, #3508, .T. ) ;
#1568 =( NAMED_UNIT ( * ) SI_UNIT ( $, .STERADIAN. ) SOLID_ANGLE_UNIT ( ) );
#1569 = VERTEX_POINT ( 'NONE', #320 ) ;
#1570 = CIRCLE ( 'NONE', #1899, 0.2278023482549171308 ) ;
#1571 = CARTESIAN_POINT ( 'NONE',  ( -2.985351140513735402, -1.554929984311652099E-18, -0.4300000000000002709 ) ) ;
#1572 = LINE ( 'NONE', #2822, #2520 ) ;
#1573 = VERTEX_POINT ( 'NONE', #1315 ) ;
#1574 = ORIENTED_EDGE ( 'NONE', *, *, #217, .F. ) ;
#1575 = EDGE_CURVE ( 'NONE', #3181, #748, #2523, .T. ) ;
#1576 = DIRECTION ( 'NONE',  ( 1.000000000000000000, 0.000000000000000000, -2.224004456380521903E-16 ) ) ;
#1577 = CARTESIAN_POINT ( 'NONE',  ( -1.950000000000000622, 1.105000000000000870, -0.4300000000000002709 ) ) ;
#1578 = FACE_OUTER_BOUND ( 'NONE', #2803, .T. ) ;
#1579 = CARTESIAN_POINT ( 'NONE',  ( 2.391935491544398218, 0.2698542828618181177, 0.8399999999999998579 ) ) ;
#1580 = ORIENTED_EDGE ( 'NONE', *, *, #2525, .F. ) ;
#1581 = EDGE_CURVE ( 'NONE', #3754, #3076, #1479, .T. ) ;
#1582 = LINE ( 'NONE', #6, #3217 ) ;
#1583 = FILL_AREA_STYLE_COLOUR ( '', #4018 ) ;
#1584 = VERTEX_POINT ( 'NONE', #3867 ) ;
#1585 = CARTESIAN_POINT ( 'NONE',  ( 2.374200886599265647, 0.2683027059770082823, 1.700000000000000178 ) ) ;
#1586 = EDGE_LOOP ( 'NONE', ( #934, #512, #2653, #3028, #2265, #3138, #553, #1593, #1362, #3645, #3787, #538 ) ) ;
#1587 = ORIENTED_EDGE ( 'NONE', *, *, #1435, .T. ) ;
#1588 = FACE_OUTER_BOUND ( 'NONE', #2899, .T. ) ;
#1589 = CYLINDRICAL_SURFACE ( 'NONE', #3347, 0.2278023482549171308 ) ;
#1590 = DIRECTION ( 'NONE',  ( 0.000000000000000000, 0.000000000000000000, 1.000000000000000000 ) ) ;
#1591 = CARTESIAN_POINT ( 'NONE',  ( 2.319192456893480525, 0.8970519346069010247, 0.4300000000000000488 ) ) ;
#1592 = ORIENTED_EDGE ( 'NONE', *, *, #190, .F. ) ;
#1593 = ORIENTED_EDGE ( 'NONE', *, *, #1100, .T. ) ;
#1594 = LINE ( 'NONE', #1864, #2699 ) ;
#1595 = CARTESIAN_POINT ( 'NONE',  ( -2.390693662505769979, 0.2520953002325061476, -1.700000000000000178 ) ) ;
#1596 = CARTESIAN_POINT ( 'NONE',  ( -2.092256965349082787, 0.8950000000000007949, -1.700000000000000178 ) ) ;
#1597 = DIRECTION ( 'NONE',  ( -1.000000000000000000, -6.097147762571766712E-15, 0.000000000000000000 ) ) ;
#1598 = EDGE_LOOP ( 'NONE', ( #2137, #3038, #41, #2870 ) ) ;
#1599 = DIRECTION ( 'NONE',  ( 0.08715574274765926222, 0.9961946980917454342, 0.000000000000000000 ) ) ;
#1600 = CARTESIAN_POINT ( 'NONE',  ( 1.950000000000001066, 0.8950000000000007949, -1.700000000000000178 ) ) ;
#1601 = EDGE_CURVE ( 'NONE', #2220, #146, #959, .T. ) ;
#1602 = DIRECTION ( 'NONE',  ( 0.000000000000000000, -1.000000000000000000, 0.000000000000000000 ) ) ;
#1603 = LINE ( 'NONE', #1999, #1490 ) ;
#1604 = ORIENTED_EDGE ( 'NONE', *, *, #805, .T. ) ;
#1605 = EDGE_CURVE ( 'NONE', #688, #1654, #3941, .T. ) ;
#1606 = CARTESIAN_POINT ( 'NONE',  ( 2.092256965349082787, 0.8950000000000009059, 0.4300000000000000488 ) ) ;
#1607 = CIRCLE ( 'NONE', #1674, 0.2278023482549171308 ) ;
#1608 = VECTOR ( 'NONE', #2043, 1000.000000000000000 ) ;
#1609 = ORIENTED_EDGE ( 'NONE', *, *, #993, .T. ) ;
#1610 = EDGE_CURVE ( 'NONE', #1412, #3438, #1910, .T. ) ;
#1611 = LINE ( 'NONE', #2862, #3058 ) ;
#1612 = ORIENTED_EDGE ( 'NONE', *, *, #3285, .T. ) ;
#1613 = VECTOR ( 'NONE', #3908, 1000.000000000000000 ) ;
#1614 = ORIENTED_EDGE ( 'NONE', *, *, #2346, .T. ) ;
#1615 = DIRECTION ( 'NONE',  ( -0.000000000000000000, -0.000000000000000000, -1.000000000000000000 ) ) ;
#1616 = CARTESIAN_POINT ( 'NONE',  ( -1.205055510833896504, 1.749999999999999334, -1.904999999999998694 ) ) ;
#1617 = DIRECTION ( 'NONE',  ( -0.000000000000000000, -0.000000000000000000, -1.000000000000000000 ) ) ;
#1618 = DIRECTION ( 'NONE',  ( 0.000000000000000000, 1.000000000000000000, 0.000000000000000000 ) ) ;
#1619 = AXIS2_PLACEMENT_3D ( 'NONE', #297, #630, #920 ) ;
#1620 = ORIENTED_EDGE ( 'NONE', *, *, #3446, .T. ) ;
#1621 = AXIS2_PLACEMENT_3D ( 'NONE', #1276, #2539, #986 ) ;
#1622 = VECTOR ( 'NONE', #1602, 1000.000000000000000 ) ;
#1623 = VECTOR ( 'NONE', #1649, 1000.000000000000114 ) ;
#1624 = DIRECTION ( 'NONE',  ( -0.9961946980917455452, 0.08715574274765837404, -4.408475330161682368E-17 ) ) ;
#1625 = CARTESIAN_POINT ( 'NONE',  ( 1.950000000000001066, 0.8950000000000007949, -2.109999999999999876 ) ) ;
#1626 = CARTESIAN_POINT ( 'NONE',  ( 2.092256965349082787, 1.104999999999999538, -0.4300000000000002709 ) ) ;
#1627 = AXIS2_PLACEMENT_3D ( 'NONE', #726, #3876, #1981 ) ;
#1628 = VECTOR ( 'NONE', #597, 1000.000000000000000 ) ;
#1629 = ADVANCED_FACE ( 'NONE', ( #1024 ), #21, .F. ) ;
#1630 = EDGE_LOOP ( 'NONE', ( #1819, #2704, #2006, #3099 ) ) ;
#1631 = CARTESIAN_POINT ( 'NONE',  ( 1.950000000000000844, 1.105000000000000870, 0.4300000000000000488 ) ) ;
#1632 = DIRECTION ( 'NONE',  ( -0.000000000000000000, -0.000000000000000000, -1.000000000000000000 ) ) ;
#1633 = VERTEX_POINT ( 'NONE', #669 ) ;
#1634 = CARTESIAN_POINT ( 'NONE',  ( -1.949999999999999067, 0.8950000000000007949, 2.449999999999999289 ) ) ;
#1635 = VECTOR ( 'NONE', #1053, 1000.000000000000114 ) ;
#1636 = EDGE_CURVE ( 'NONE', #2357, #3039, #3483, .T. ) ;
#1637 = ORIENTED_EDGE ( 'NONE', *, *, #2148, .F. ) ;
#1638 = FACE_OUTER_BOUND ( 'NONE', #2201, .T. ) ;
#1639 = ORIENTED_EDGE ( 'NONE', *, *, #344, .T. ) ;
#1640 = DIRECTION ( 'NONE',  ( -1.000000000000000000, 0.000000000000000000, 0.000000000000000000 ) ) ;
#1641 = DIRECTION ( 'NONE',  ( -9.145721643857650857E-15, -1.000000000000000000, 0.000000000000000000 ) ) ;
#1642 = CARTESIAN_POINT ( 'NONE',  ( -1.205055510833896504, 1.749999999999999334, -1.904999999999998694 ) ) ;
#1643 = UNCERTAINTY_MEASURE_WITH_UNIT (LENGTH_MEASURE( 1.000000000000000082E-05 ), #580, 'distance_accuracy_value', 'NONE');
#1644 = EDGE_LOOP ( 'NONE', ( #3614, #607, #3382, #1604 ) ) ;
#1645 = DIRECTION ( 'NONE',  ( 0.000000000000000000, 0.000000000000000000, 1.000000000000000000 ) ) ;
#1646 = CARTESIAN_POINT ( 'NONE',  ( -1.950000000000000844, 0.8950000000000007949, 0.4300000000000000488 ) ) ;
#1647 = CARTESIAN_POINT ( 'NONE',  ( 3.000000000000000000, 0.2094884505545622777, 0.4300000000000000488 ) ) ;
#1648 = DIRECTION ( 'NONE',  ( 0.9961946980917454342, -0.08715574274765926222, 0.000000000000000000 ) ) ;
#1649 = DIRECTION ( 'NONE',  ( -0.08715574274765924834, -0.9961946980917454342, 0.000000000000000000 ) ) ;
#1650 = ORIENTED_EDGE ( 'NONE', *, *, #3944, .T. ) ;
#1651 = PRESENTATION_STYLE_ASSIGNMENT (( #2917 ) ) ;
#1652 = FACE_OUTER_BOUND ( 'NONE', #2063, .T. ) ;
#1653 = LINE ( 'NONE', #441, #694 ) ;
#1654 = VERTEX_POINT ( 'NONE', #293 ) ;
#1655 = EDGE_LOOP ( 'NONE', ( #3628, #84, #1772, #225 ) ) ;
#1656 = EDGE_CURVE ( 'NONE', #343, #522, #1880, .T. ) ;
#1657 = EDGE_LOOP ( 'NONE', ( #905, #3246, #2997, #2983 ) ) ;
#1658 = PLANE ( 'NONE',  #2918 ) ;
#1659 = LINE ( 'NONE', #1990, #308 ) ;
#1660 = ORIENTED_EDGE ( 'NONE', *, *, #1677, .F. ) ;
#1661 = EDGE_CURVE ( 'NONE', #3913, #2957, #1611, .T. ) ;
#1662 = CARTESIAN_POINT ( 'NONE',  ( 2.391935491544398218, 0.2698542828618181177, -1.700000000000000178 ) ) ;
#1663 = LINE ( 'NONE', #2585, #113 ) ;
#1664 = CARTESIAN_POINT ( 'NONE',  ( 1.893569812025779564, 0.2500000000000006661, 2.393569812025777566 ) ) ;
#1665 = CARTESIAN_POINT ( 'NONE',  ( 2.390693662505769979, 0.2520953002325062031, 2.109999999999999876 ) ) ;
#1666 = ORIENTED_EDGE ( 'NONE', *, *, #501, .T. ) ;
#1667 = CARTESIAN_POINT ( 'NONE',  ( -2.109991570294214913, 0.8787492286298929089, 2.109999999999999876 ) ) ;
#1668 = ORIENTED_EDGE ( 'NONE', *, *, #1317, .F. ) ;
#1669 = CARTESIAN_POINT ( 'NONE',  ( 2.165000000000000036, 0.2500000000000000555, -1.700000000000000178 ) ) ;
#1670 = EDGE_CURVE ( 'NONE', #1654, #3574, #648, .T. ) ;
#1671 = ORIENTED_EDGE ( 'NONE', *, *, #1058, .T. ) ;
#1672 = CARTESIAN_POINT ( 'NONE',  ( 1.950000000000000844, 0.2500000000000006661, 2.393569812025777566 ) ) ;
#1673 = EDGE_LOOP ( 'NONE', ( #1065, #2660, #1719, #954 ) ) ;
#1674 = AXIS2_PLACEMENT_3D ( 'NONE', #3233, #64, #2579 ) ;
#1675 = VERTEX_POINT ( 'NONE', #1309 ) ;
#1676 = AXIS2_PLACEMENT_3D ( 'NONE', #685, #621, #3436 ) ;
#1677 = EDGE_CURVE ( 'NONE', #2714, #3123, #1063, .T. ) ;
#1678 = DIRECTION ( 'NONE',  ( 0.08715574274765874874, 0.9961946980917454342, -0.000000000000000000 ) ) ;
#1679 = DIRECTION ( 'NONE',  ( -1.000000000000000000, 0.000000000000000000, 0.000000000000000000 ) ) ;
#1680 = LINE ( 'NONE', #2603, #3547 ) ;
#1681 = ORIENTED_EDGE ( 'NONE', *, *, #1402, .F. ) ;
#1682 = AXIS2_PLACEMENT_3D ( 'NONE', #233, #2781, #1493 ) ;
#1683 = EDGE_CURVE ( 'NONE', #3092, #3473, #2620, .T. ) ;
#1684 = DIRECTION ( 'NONE',  ( -0.000000000000000000, -0.000000000000000000, -1.000000000000000000 ) ) ;
#1685 = DIRECTION ( 'NONE',  ( 1.000000000000000000, 0.000000000000000000, -0.000000000000000000 ) ) ;
#1686 = VECTOR ( 'NONE', #3145, 1000.000000000000000 ) ;
#1687 = CARTESIAN_POINT ( 'NONE',  ( -2.391935491544398218, 0.2698542828618181177, -0.8400000000000000799 ) ) ;
#1688 = AXIS2_PLACEMENT_3D ( 'NONE', #1105, #189, #2696 ) ;
#1689 = DIRECTION ( 'NONE',  ( -0.08715574274765873486, -0.9961946980917454342, 0.000000000000000000 ) ) ;
#1690 = FACE_OUTER_BOUND ( 'NONE', #449, .T. ) ;
#1691 = VECTOR ( 'NONE', #517, 1000.000000000000000 ) ;
#1692 = AXIS2_PLACEMENT_3D ( 'NONE', #1149, #218, #4038 ) ;
#1693 = ADVANCED_FACE ( 'NONE', ( #2597 ), #2389, .F. ) ;
#1694 = ORIENTED_EDGE ( 'NONE', *, *, #1303, .F. ) ;
#1695 = CARTESIAN_POINT ( 'NONE',  ( -2.391935491544398218, 0.2698542828618181177, -1.700000000000000178 ) ) ;
#1696 = VECTOR ( 'NONE', #3857, 1000.000000000000000 ) ;
#1698 = MECHANICAL_DESIGN_GEOMETRIC_PRESENTATION_REPRESENTATION (  '', ( #3065 ), #2806 ) ;
#1697 = DIRECTION ( 'NONE',  ( 0.000000000000000000, 0.000000000000000000, 1.000000000000000000 ) ) ;
#1699 = CARTESIAN_POINT ( 'NONE',  ( -1.950000000000000844, 1.105000000000000870, 0.8399999999999998579 ) ) ;
#1700 = ORIENTED_EDGE ( 'NONE', *, *, #1339, .T. ) ;
#1701 = EDGE_LOOP ( 'NONE', ( #336, #329, #2163, #1700, #3900, #1849, #1481, #1085, #3482, #1310, #458, #3731 ) ) ;
#1702 = CIRCLE ( 'NONE', #3895, 0.2278023482549169088 ) ;
#1703 = CARTESIAN_POINT ( 'NONE',  ( -2.391935491544398218, 0.2698542828618181177, -0.4300000000000002709 ) ) ;
#1704 = AXIS2_PLACEMENT_3D ( 'NONE', #2992, #2111, #3650 ) ;
#1705 = DIRECTION ( 'NONE',  ( -0.000000000000000000, -0.000000000000000000, -1.000000000000000000 ) ) ;
#1706 = ORIENTED_EDGE ( 'NONE', *, *, #3358, .F. ) ;
#1707 = PLANE ( 'NONE',  #3827 ) ;
#1708 = CARTESIAN_POINT ( 'NONE',  ( 2.092256965349082787, 0.8950000000000009059, -0.8400000000000000799 ) ) ;
#1709 = DIRECTION ( 'NONE',  ( -0.000000000000000000, -0.000000000000000000, -1.000000000000000000 ) ) ;
#1710 = ORIENTED_EDGE ( 'NONE', *, *, #3369, .T. ) ;
#1711 = EDGE_CURVE ( 'NONE', #2759, #3860, #424, .T. ) ;
#1712 = ORIENTED_EDGE ( 'NONE', *, *, #2277, .F. ) ;
#1713 = DIRECTION ( 'NONE',  ( -0.9961946980917455452, 0.08715574274765874874, 0.000000000000000000 ) ) ;
#1714 = SURFACE_STYLE_FILL_AREA ( #3656 ) ;
#1715 = CARTESIAN_POINT ( 'NONE',  ( -2.376044803019505380, 0.04260684967794371725, 0.8399999999999998579 ) ) ;
#1716 = ADVANCED_FACE ( 'NONE', ( #1018 ), #749, .T. ) ;
#1717 = FACE_OUTER_BOUND ( 'NONE', #2507, .T. ) ;
#1718 = ORIENTED_EDGE ( 'NONE', *, *, #1066, .T. ) ;
#1719 = ORIENTED_EDGE ( 'NONE', *, *, #2651, .F. ) ;
#1720 = DIRECTION ( 'NONE',  ( 1.000000000000000000, 0.000000000000000000, -0.000000000000000000 ) ) ;
#1721 = DIRECTION ( 'NONE',  ( -1.000000000000000000, 0.000000000000000000, 0.000000000000000000 ) ) ;
#1722 = LINE ( 'NONE', #2972, #4065 ) ;
#1723 = VERTEX_POINT ( 'NONE', #1770 ) ;
#1724 = CARTESIAN_POINT ( 'NONE',  ( -1.615055510833896424, 1.749999999999999334, 0.000000000000000000 ) ) ;
#1725 = FACE_OUTER_BOUND ( 'NONE', #3330, .T. ) ;
#1726 = EDGE_CURVE ( 'NONE', #748, #3181, #962, .T. ) ;
#1727 = CARTESIAN_POINT ( 'NONE',  ( -1.949999999999998845, 1.105000000000000870, -2.449999999999998401 ) ) ;
#1728 = ORIENTED_EDGE ( 'NONE', *, *, #818, .F. ) ;
#1729 = ORIENTED_EDGE ( 'NONE', *, *, #3093, .F. ) ;
#1730 = DIRECTION ( 'NONE',  ( 0.000000000000000000, 0.000000000000000000, 1.000000000000000000 ) ) ;
#1731 = ADVANCED_FACE ( 'NONE', ( #3605 ), #3682, .T. ) ;
#1732 = PLANE ( 'NONE',  #3951 ) ;
#1733 = DIRECTION ( 'NONE',  ( 0.9961946980917455452, 0.08715574274765874874, -0.000000000000000000 ) ) ;
#1734 = EDGE_CURVE ( 'NONE', #3589, #2654, #203, .T. ) ;
#1735 = ORIENTED_EDGE ( 'NONE', *, *, #1912, .T. ) ;
#1736 = VERTEX_POINT ( 'NONE', #2707 ) ;
#1737 = ORIENTED_EDGE ( 'NONE', *, *, #3114, .F. ) ;
#1738 = EDGE_CURVE ( 'NONE', #838, #4045, #4060, .T. ) ;
#1739 = VERTEX_POINT ( 'NONE', #2433 ) ;
#1740 = AXIS2_PLACEMENT_3D ( 'NONE', #2398, #3688, #847 ) ;
#1741 = CARTESIAN_POINT ( 'NONE',  ( -1.205055510833896504, 1.649999999999999245, -2.109999999999998099 ) ) ;
#1742 = LINE ( 'NONE', #2994, #1156 ) ;
#1743 = DIRECTION ( 'NONE',  ( -0.9961946980917455452, 0.08715574274765874874, 0.000000000000000000 ) ) ;
#1744 = VERTEX_POINT ( 'NONE', #3431 ) ;
#1745 = AXIS2_PLACEMENT_3D ( 'NONE', #37, #4063, #3837 ) ;
#1746 = VECTOR ( 'NONE', #2158, 1000.000000000000000 ) ;
#1747 = AXIS2_PLACEMENT_3D ( 'NONE', #2560, #942, #1891 ) ;
#1748 = DIRECTION ( 'NONE',  ( 0.06975647374411747537, -0.9975640502598247528, 0.000000000000000000 ) ) ;
#1749 = DIRECTION ( 'NONE',  ( -0.000000000000000000, 0.000000000000000000, -1.000000000000000000 ) ) ;
#1750 = LINE ( 'NONE', #3324, #2795 ) ;
#1751 = CYLINDRICAL_SURFACE ( 'NONE', #2673, 0.2278023482549169088 ) ;
#1752 = VECTOR ( 'NONE', #566, 1000.000000000000114 ) ;
#1753 = AXIS2_PLACEMENT_3D ( 'NONE', #2563, #1003, #2248 ) ;
#1754 = EDGE_CURVE ( 'NONE', #3713, #2694, #945, .T. ) ;
#1755 = VECTOR ( 'NONE', #3896, 1000.000000000000000 ) ;
#1756 = ORIENTED_EDGE ( 'NONE', *, *, #2929, .T. ) ;
#1757 = ORIENTED_EDGE ( 'NONE', *, *, #1231, .F. ) ;
#1758 = MECHANICAL_DESIGN_GEOMETRIC_PRESENTATION_REPRESENTATION (  '', ( #3003 ), #1820 ) ;
#1759 = EDGE_CURVE ( 'NONE', #1064, #866, #1830, .T. ) ;
#1760 = ORIENTED_EDGE ( 'NONE', *, *, #1333, .T. ) ;
#1761 = ORIENTED_EDGE ( 'NONE', *, *, #4024, .F. ) ;
#1762 = CARTESIAN_POINT ( 'NONE',  ( -2.092256965349082787, 0.8771976517450829069, 1.700000000000000178 ) ) ;
#1763 = VECTOR ( 'NONE', #2645, 1000.000000000000114 ) ;
#1764 = CARTESIAN_POINT ( 'NONE',  ( 2.390693662505769979, 0.2520953002325062031, 0.8399999999999998579 ) ) ;
#1765 = LINE ( 'NONE', #3651, #3878 ) ;
#1766 = LINE ( 'NONE', #813, #3672 ) ;
#1767 = ORIENTED_EDGE ( 'NONE', *, *, #3335, .F. ) ;
#1768 = PLANE ( 'NONE',  #1941 ) ;
#1769 =( NAMED_UNIT ( * ) SI_UNIT ( $, .STERADIAN. ) SOLID_ANGLE_UNIT ( ) );
#1770 = CARTESIAN_POINT ( 'NONE',  ( 2.092256965349082787, 0.8950000000000009059, -2.109999999999999876 ) ) ;
#1771 =( NAMED_UNIT ( * ) SI_UNIT ( $, .STERADIAN. ) SOLID_ANGLE_UNIT ( ) );
#1772 = ORIENTED_EDGE ( 'NONE', *, *, #2966, .F. ) ;
#1773 = EDGE_CURVE ( 'NONE', #3255, #1108, #491, .T. ) ;
#1774 = DIRECTION ( 'NONE',  ( -0.000000000000000000, -0.000000000000000000, -1.000000000000000000 ) ) ;
#1775 = ORIENTED_EDGE ( 'NONE', *, *, #1726, .F. ) ;
#1776 = ORIENTED_EDGE ( 'NONE', *, *, #3679, .T. ) ;
#1777 = DIRECTION ( 'NONE',  ( -1.000000000000000000, 0.000000000000000000, 0.000000000000000000 ) ) ;
#1778 = CYLINDRICAL_SURFACE ( 'NONE', #4013, 0.2278023482549171308 ) ;
#1779 = EDGE_CURVE ( 'NONE', #838, #3366, #1750, .T. ) ;
#1780 = ORIENTED_EDGE ( 'NONE', *, *, #3450, .F. ) ;
#1781 = DIRECTION ( 'NONE',  ( -1.000000000000000000, 0.000000000000000000, 0.000000000000000000 ) ) ;
#1782 = CARTESIAN_POINT ( 'NONE',  ( -2.092256965349082787, 0.8771976517450829069, -0.8400000000000000799 ) ) ;
#1783 = DIRECTION ( 'NONE',  ( -0.000000000000000000, -0.000000000000000000, -1.000000000000000000 ) ) ;
#1784 = EDGE_CURVE ( 'NONE', #44, #688, #3527, .T. ) ;
#1785 = CARTESIAN_POINT ( 'NONE',  ( -2.109991570294214913, 0.8787492286298929089, -2.109999999999999876 ) ) ;
#1786 = VERTEX_POINT ( 'NONE', #1646 ) ;
#1787 = DIRECTION ( 'NONE',  ( -0.08715574274765873486, 0.9961946980917454342, 0.000000000000000000 ) ) ;
#1788 = DIRECTION ( 'NONE',  ( -1.000000000000000000, 0.000000000000000000, 0.000000000000000000 ) ) ;
#1789 = EDGE_CURVE ( 'NONE', #3981, #112, #2892, .T. ) ;
#1790 = DIRECTION ( 'NONE',  ( -0.000000000000000000, 1.000000000000000000, -0.000000000000000000 ) ) ;
#1791 = PLANE ( 'NONE',  #3349 ) ;
#1792 = ORIENTED_EDGE ( 'NONE', *, *, #880, .T. ) ;
#1793 = ORIENTED_EDGE ( 'NONE', *, *, #2747, .T. ) ;
#1794 = CARTESIAN_POINT ( 'NONE',  ( -2.092256965349082787, 1.104999999999999982, 0.4300000000000000488 ) ) ;
#1795 = DIRECTION ( 'NONE',  ( 0.000000000000000000, 1.000000000000000000, 0.000000000000000000 ) ) ;
#1796 = EDGE_LOOP ( 'NONE', ( #425, #1972, #288, #1947 ) ) ;
#1797 = EDGE_LOOP ( 'NONE', ( #241, #1668, #588, #2166 ) ) ;
#1798 = CARTESIAN_POINT ( 'NONE',  ( 1.950000000000000844, 1.105000000000000870, 1.700000000000000178 ) ) ;
#1799 = EDGE_CURVE ( 'NONE', #582, #4103, #1353, .T. ) ;
#1800 = DIRECTION ( 'NONE',  ( -0.000000000000000000, -0.000000000000000000, -1.000000000000000000 ) ) ;
#1801 = CARTESIAN_POINT ( 'NONE',  ( 1.950000000000000844, 1.105000000000000870, 1.700000000000000178 ) ) ;
#1802 = DIRECTION ( 'NONE',  ( -1.000000000000000000, 0.000000000000000000, 0.000000000000000000 ) ) ;
#1803 = ORIENTED_EDGE ( 'NONE', *, *, #729, .T. ) ;
#1804 = AXIS2_PLACEMENT_3D ( 'NONE', #2244, #3522, #777 ) ;
#1805 = ADVANCED_FACE ( 'NONE', ( #2958 ), #3851, .T. ) ;
#1806 = LINE ( 'NONE', #2432, #2947 ) ;
#1807 = MECHANICAL_DESIGN_GEOMETRIC_PRESENTATION_REPRESENTATION (  '', ( #434 ), #2596 ) ;
#1808 = CARTESIAN_POINT ( 'NONE',  ( 1.950000000000000844, 1.105000000000000870, 0.8399999999999998579 ) ) ;
#1809 = VECTOR ( 'NONE', #1270, 1000.000000000000114 ) ;
#1810 = FACE_OUTER_BOUND ( 'NONE', #869, .T. ) ;
#1811 = ORIENTED_EDGE ( 'NONE', *, *, #10, .T. ) ;
#1812 = AXIS2_PLACEMENT_3D ( 'NONE', #2758, #537, #683 ) ;
#1814 = CIRCLE ( 'NONE', #1417, 0.2278023482549171308 ) ;
#1813 = DIRECTION ( 'NONE',  ( 1.000000000000000000, -0.000000000000000000, -0.000000000000000000 ) ) ;
#1815 = ORIENTED_EDGE ( 'NONE', *, *, #775, .T. ) ;
#1816 = AXIS2_PLACEMENT_3D ( 'NONE', #3104, #240, #1192 ) ;
#1817 = AXIS2_PLACEMENT_3D ( 'NONE', #3512, #1321, #2233 ) ;
#1818 = CARTESIAN_POINT ( 'NONE',  ( -1.949999999999998845, 0.2500000000000006661, -2.393569812025777122 ) ) ;
#1819 = ORIENTED_EDGE ( 'NONE', *, *, #1240, .T. ) ;
#1820 =( GEOMETRIC_REPRESENTATION_CONTEXT ( 3 ) GLOBAL_UNCERTAINTY_ASSIGNED_CONTEXT ( ( #1643 ) ) GLOBAL_UNIT_ASSIGNED_CONTEXT ( ( #580, #286, #2733 ) ) REPRESENTATION_CONTEXT ( 'NONE', 'WORKASPACE' ) );
#1821 = ORIENTED_EDGE ( 'NONE', *, *, #3008, .F. ) ;
#1822 = CARTESIAN_POINT ( 'NONE',  ( -2.092256965349082787, 0.8771976517450829069, -0.4300000000000002709 ) ) ;
#1823 = CARTESIAN_POINT ( 'NONE',  ( -2.109991570294214913, 0.8787492286298929089, 0.4300000000000000488 ) ) ;
#1824 = FACE_OUTER_BOUND ( 'NONE', #3027, .T. ) ;
#1825 = DIRECTION ( 'NONE',  ( -0.08715574274765876261, 0.9961946980917454342, -0.000000000000000000 ) ) ;
#1826 = ORIENTED_EDGE ( 'NONE', *, *, #2656, .T. ) ;
#1827 = CARTESIAN_POINT ( 'NONE',  ( -2.376044803019505380, 0.04260684967794371725, -1.700000000000000178 ) ) ;
#1828 = CARTESIAN_POINT ( 'NONE',  ( 2.165000000000000036, 0.2500000000000000555, 2.109999999999999876 ) ) ;
#1829 = EDGE_CURVE ( 'NONE', #2865, #498, #3590, .T. ) ;
#1830 = LINE ( 'NONE', #267, #765 ) ;
#1831 = DIRECTION ( 'NONE',  ( 1.000000000000000000, 0.000000000000000000, 0.000000000000000000 ) ) ;
#1832 = DIRECTION ( 'NONE',  ( 0.9975640502598246417, -0.06975647374411883539, 0.000000000000000000 ) ) ;
#1833 = EDGE_LOOP ( 'NONE', ( #1526, #4006, #1821, #1609, #3329 ) ) ;
#1834 = SURFACE_SIDE_STYLE ('',( #4102 ) ) ;
#1835 = EDGE_LOOP ( 'NONE', ( #733, #3925, #2002, #2509 ) ) ;
#1836 = EDGE_CURVE ( 'NONE', #2492, #2856, #757, .T. ) ;
#1837 = ORIENTED_EDGE ( 'NONE', *, *, #951, .T. ) ;
#1838 = DIRECTION ( 'NONE',  ( 0.000000000000000000, -0.9961946980917455452, 0.08715574274765836016 ) ) ;
#1839 = CARTESIAN_POINT ( 'NONE',  ( 2.109991570294214913, 0.8787492286298929089, -2.109999999999999876 ) ) ;
#1840 = ORIENTED_EDGE ( 'NONE', *, *, #2830, .T. ) ;
#1841 = ORIENTED_EDGE ( 'NONE', *, *, #1082, .F. ) ;
#1842 = CARTESIAN_POINT ( 'NONE',  ( 2.376044803019505380, 0.04260684967794371725, -0.4300000000000002709 ) ) ;
#1843 = DIRECTION ( 'NONE',  ( -1.000000000000000000, 0.000000000000000000, 1.327594496921026210E-16 ) ) ;
#1844 = CARTESIAN_POINT ( 'NONE',  ( 3.000000000000000000, 0.2094884505545622777, 0.8399999999999998579 ) ) ;
#1845 = DIRECTION ( 'NONE',  ( -0.000000000000000000, -0.000000000000000000, -1.000000000000000000 ) ) ;
#1846 = VERTEX_POINT ( 'NONE', #3889 ) ;
#1847 = CARTESIAN_POINT ( 'NONE',  ( -2.319192456893480081, 0.8970519346069019129, 2.109999999999999876 ) ) ;
#1848 = ADVANCED_FACE ( 'NONE', ( #3844 ), #979, .F. ) ;
#1849 = ORIENTED_EDGE ( 'NONE', *, *, #1853, .T. ) ;
#1850 = CARTESIAN_POINT ( 'NONE',  ( 1.950000000000001066, 1.105000000000000870, -1.700000000000000178 ) ) ;
#1851 = CARTESIAN_POINT ( 'NONE',  ( 3.000000000000000000, 0.2094884505545622777, -1.700000000000000178 ) ) ;
#1852 = DIRECTION ( 'NONE',  ( 1.000000000000000000, 0.000000000000000000, -0.000000000000000000 ) ) ;
#1853 = EDGE_CURVE ( 'NONE', #2738, #3412, #3545, .T. ) ;
#1854 = VERTEX_POINT ( 'NONE', #1049 ) ;
#1855 = FACE_OUTER_BOUND ( 'NONE', #1985, .T. ) ;
#1856 = ORIENTED_EDGE ( 'NONE', *, *, #4052, .F. ) ;
#1857 = LINE ( 'NONE', #331, #624 ) ;
#1858 = DIRECTION ( 'NONE',  ( 0.000000000000000000, 1.000000000000000000, -0.000000000000000000 ) ) ;
#1859 = ADVANCED_FACE ( 'NONE', ( #3567 ), #3011, .F. ) ;
#1860 = ORIENTED_EDGE ( 'NONE', *, *, #489, .F. ) ;
#1861 = CARTESIAN_POINT ( 'NONE',  ( 1.950000000000001066, 0.8950000000000007949, -0.4300000000000002709 ) ) ;
#1862 = ORIENTED_EDGE ( 'NONE', *, *, #494, .F. ) ;
#1863 = ADVANCED_FACE ( 'NONE', ( #2372 ), #2344, .F. ) ;
#1864 = CARTESIAN_POINT ( 'NONE',  ( -2.376044803019505380, 0.04260684967794371725, -1.700000000000000178 ) ) ;
#1865 = DIRECTION ( 'NONE',  ( 0.08715574274765876261, -0.9961946980917454342, 0.000000000000000000 ) ) ;
#1866 = CARTESIAN_POINT ( 'NONE',  ( 1.950000000000000844, 1.105000000000000870, 0.4300000000000000488 ) ) ;
#1867 = DIRECTION ( 'NONE',  ( -1.000000000000000000, 0.000000000000000000, 0.000000000000000000 ) ) ;
#1868 = ORIENTED_EDGE ( 'NONE', *, *, #3277, .T. ) ;
#1869 = FACE_OUTER_BOUND ( 'NONE', #1673, .T. ) ;
#1870 = CARTESIAN_POINT ( 'NONE',  ( 2.092256965349082787, 0.8771976517450829069, 1.700000000000000178 ) ) ;
#1871 =( LENGTH_UNIT ( ) NAMED_UNIT ( * ) SI_UNIT ( .MILLI., .METRE. ) );
#1872 = SURFACE_SIDE_STYLE ('',( #3063 ) ) ;
#1873 = AXIS2_PLACEMENT_3D ( 'NONE', #1332, #2641, #1679 ) ;
#1874 = ORIENTED_EDGE ( 'NONE', *, *, #2982, .F. ) ;
#1875 = CARTESIAN_POINT ( 'NONE',  ( 2.092256965349082787, 0.8771976517450829069, -1.700000000000000178 ) ) ;
#1876 = VECTOR ( 'NONE', #3514, 1000.000000000000000 ) ;
#1877 = ADVANCED_FACE ( 'NONE', ( #776 ), #3631, .T. ) ;
#1878 = DIRECTION ( 'NONE',  ( -0.000000000000000000, -0.000000000000000000, -1.000000000000000000 ) ) ;
#1879 = VECTOR ( 'NONE', #2569, 1000.000000000000114 ) ;
#1880 = CIRCLE ( 'NONE', #2923, 0.2278023482549171308 ) ;
#1881 = ORIENTED_EDGE ( 'NONE', *, *, #501, .F. ) ;
#1882 = UNCERTAINTY_MEASURE_WITH_UNIT (LENGTH_MEASURE( 1.000000000000000082E-05 ), #3578, 'distance_accuracy_value', 'NONE');
#1883 = ORIENTED_EDGE ( 'NONE', *, *, #2877, .T. ) ;
#1884 = ADVANCED_FACE ( 'NONE', ( #166 ), #209, .F. ) ;
#1885 = VECTOR ( 'NONE', #859, 1000.000000000000000 ) ;
#1886 = DIRECTION ( 'NONE',  ( -0.08715574274765924834, -0.9961946980917454342, 0.000000000000000000 ) ) ;
#1887 = AXIS2_PLACEMENT_3D ( 'NONE', #4061, #2462, #865 ) ;
#1888 = LINE ( 'NONE', #318, #3607 ) ;
#1889 = VECTOR ( 'NONE', #696, 1000.000000000000000 ) ;
#1890 = CYLINDRICAL_SURFACE ( 'NONE', #3543, 0.2278023482549171308 ) ;
#1891 = DIRECTION ( 'NONE',  ( -1.000000000000000000, 0.000000000000000000, 0.000000000000000000 ) ) ;
#1892 = ORIENTED_EDGE ( 'NONE', *, *, #2521, .F. ) ;
#1893 = EDGE_CURVE ( 'NONE', #3850, #2162, #3344, .T. ) ;
#1894 = FACE_OUTER_BOUND ( 'NONE', #820, .T. ) ;
#1895 = DIRECTION ( 'NONE',  ( -9.145721643857650857E-15, -1.000000000000000000, 0.000000000000000000 ) ) ;
#1896 = SURFACE_SIDE_STYLE ('',( #7 ) ) ;
#1897 = DIRECTION ( 'NONE',  ( -0.000000000000000000, -0.000000000000000000, -1.000000000000000000 ) ) ;
#1898 = CIRCLE ( 'NONE', #385, 0.01780234825491788103 ) ;
#1899 = AXIS2_PLACEMENT_3D ( 'NONE', #4010, #3393, #484 ) ;
#1900 = LINE ( 'NONE', #2502, #640 ) ;
#1901 = ORIENTED_EDGE ( 'NONE', *, *, #323, .F. ) ;
#1902 = CARTESIAN_POINT ( 'NONE',  ( 1.950000000000001066, 0.8950000000000007949, -0.4300000000000002709 ) ) ;
#1903 = ORIENTED_EDGE ( 'NONE', *, *, #323, .T. ) ;
#1904 = CARTESIAN_POINT ( 'NONE',  ( 2.319192456893480525, 0.8970519346069010247, -2.109999999999999876 ) ) ;
#1905 = VERTEX_POINT ( 'NONE', #854 ) ;
#1906 = ADVANCED_FACE ( 'NONE', ( #3969 ), #2659, .F. ) ;
#1907 = CARTESIAN_POINT ( 'NONE',  ( 2.092256965349082787, 0.8950000000000009059, 2.109999999999999876 ) ) ;
#1908 = CARTESIAN_POINT ( 'NONE',  ( -1.950000000000000622, 1.105000000000000870, -0.8400000000000000799 ) ) ;
#1909 = DIRECTION ( 'NONE',  ( -0.06975647374411747537, 0.9975640502598247528, 0.000000000000000000 ) ) ;
#1910 = LINE ( 'NONE', #3164, #1033 ) ;
#1911 = EDGE_LOOP ( 'NONE', ( #1979, #1892, #3265, #3467 ) ) ;
#1912 = EDGE_CURVE ( 'NONE', #2239, #1123, #2358, .T. ) ;
#1913 = DIRECTION ( 'NONE',  ( -0.000000000000000000, -0.000000000000000000, -1.000000000000000000 ) ) ;
#1914 = FACE_OUTER_BOUND ( 'NONE', #160, .T. ) ;
#1915 = ADVANCED_FACE ( 'NONE', ( #731 ), #3248, .T. ) ;
#1916 = ORIENTED_EDGE ( 'NONE', *, *, #661, .F. ) ;
#1917 = CARTESIAN_POINT ( 'NONE',  ( -2.319192456893480081, 0.8970519346069019129, 2.109999999999999876 ) ) ;
#1918 = CARTESIAN_POINT ( 'NONE',  ( -2.092256965349082787, 0.8771976517450829069, 0.8399999999999998579 ) ) ;
#1919 = LINE ( 'NONE', #2858, #3267 ) ;
#1920 = VERTEX_POINT ( 'NONE', #1966 ) ;
#1921 = ORIENTED_EDGE ( 'NONE', *, *, #196, .T. ) ;
#1922 = EDGE_LOOP ( 'NONE', ( #2735, #3316, #150, #4000 ) ) ;
#1923 = DIRECTION ( 'NONE',  ( -0.000000000000000000, -0.000000000000000000, -1.000000000000000000 ) ) ;
#1924 = CARTESIAN_POINT ( 'NONE',  ( 1.950000000000000844, 1.105000000000000870, 0.8399999999999998579 ) ) ;
#1925 = DIRECTION ( 'NONE',  ( -1.000000000000000000, 0.000000000000000000, 0.000000000000000000 ) ) ;
#1926 = CARTESIAN_POINT ( 'NONE',  ( 1.950000000000001066, 0.8950000000000007949, -1.700000000000000178 ) ) ;
#1927 = ORIENTED_EDGE ( 'NONE', *, *, #2705, .F. ) ;
#1928 = EDGE_CURVE ( 'NONE', #3123, #3409, #77, .T. ) ;
#1929 = DIRECTION ( 'NONE',  ( 0.000000000000000000, 0.000000000000000000, 1.000000000000000000 ) ) ;
#1930 = LINE ( 'NONE', #1600, #1628 ) ;
#1931 = CARTESIAN_POINT ( 'NONE',  ( 1.950000000000000844, 0.8950000000000007949, 0.4300000000000000488 ) ) ;
#1932 = ADVANCED_FACE ( 'NONE', ( #333 ), #3816, .F. ) ;
#1933 = ORIENTED_EDGE ( 'NONE', *, *, #3169, .F. ) ;
#1934 = DIRECTION ( 'NONE',  ( -0.9975640502598247528, 0.06975647374411814150, 0.000000000000000000 ) ) ;
#1935 = PRESENTATION_STYLE_ASSIGNMENT (( #33 ) ) ;
#1936 = CARTESIAN_POINT ( 'NONE',  ( 2.092256965349082787, 0.8950000000000009059, -0.4300000000000002709 ) ) ;
#1937 = AXIS2_PLACEMENT_3D ( 'NONE', #2782, #1232, #2224 ) ;
#1938 = AXIS2_PLACEMENT_3D ( 'NONE', #2368, #1456, #2708 ) ;
#1939 = ORIENTED_EDGE ( 'NONE', *, *, #3742, .T. ) ;
#1940 = ORIENTED_EDGE ( 'NONE', *, *, #3204, .T. ) ;
#1941 = AXIS2_PLACEMENT_3D ( 'NONE', #2749, #3640, #1749 ) ;
#1942 = AXIS2_PLACEMENT_3D ( 'NONE', #3222, #3556, #2915 ) ;
#1943 = CARTESIAN_POINT ( 'NONE',  ( 2.374200886599265647, 0.2683027059770082823, -0.8400000000000000799 ) ) ;
#1944 = LINE ( 'NONE', #921, #1950 ) ;
#1945 = DIRECTION ( 'NONE',  ( -0.000000000000000000, 0.000000000000000000, -1.000000000000000000 ) ) ;
#1946 = AXIS2_PLACEMENT_3D ( 'NONE', #2014, #783, #2036 ) ;
#1947 = ORIENTED_EDGE ( 'NONE', *, *, #2882, .T. ) ;
#1948 = VECTOR ( 'NONE', #2451, 1000.000000000000000 ) ;
#1949 = CYLINDRICAL_SURFACE ( 'NONE', #3882, 0.2049999999999994604 ) ;
#1950 = VECTOR ( 'NONE', #298, 1000.000000000000000 ) ;
#1951 = VECTOR ( 'NONE', #680, 1000.000000000000114 ) ;
#1952 = DIRECTION ( 'NONE',  ( 1.000000000000000000, 0.000000000000000000, 0.000000000000000000 ) ) ;
#1953 = LINE ( 'NONE', #3303, #315 ) ;
#1954 = CARTESIAN_POINT ( 'NONE',  ( -1.950000000000000844, 0.8950000000000007949, 1.700000000000000178 ) ) ;
#1955 = DIRECTION ( 'NONE',  ( 1.000000000000000000, 0.000000000000000000, -0.000000000000000000 ) ) ;
#1956 = PLANE ( 'NONE',  #1942 ) ;
#1957 = VECTOR ( 'NONE', #1151, 1000.000000000000000 ) ;
#1958 = COLOUR_RGB ( '',0.7960784313725489669, 0.8235294117647058432, 0.9372549019607843146 ) ;
#1959 = VECTOR ( 'NONE', #176, 1000.000000000000114 ) ;
#1960 = ADVANCED_FACE ( 'NONE', ( #381 ), #1016, .F. ) ;
#1961 = VECTOR ( 'NONE', #345, 1000.000000000000227 ) ;
#1962 = CARTESIAN_POINT ( 'NONE',  ( 1.893569812025779786, 1.749999999999999334, 2.449999999999998401 ) ) ;
#1963 = LINE ( 'NONE', #2634, #2790 ) ;
#1964 = VECTOR ( 'NONE', #697, 1000.000000000000000 ) ;
#1965 = EDGE_CURVE ( 'NONE', #3632, #3439, #3764, .T. ) ;
#1966 = CARTESIAN_POINT ( 'NONE',  ( 2.109991570294214913, 0.8787492286298929089, -1.700000000000000178 ) ) ;
#1967 = VERTEX_POINT ( 'NONE', #1213 ) ;
#1968 = VERTEX_POINT ( 'NONE', #1847 ) ;
#1969 = ORIENTED_EDGE ( 'NONE', *, *, #316, .T. ) ;
#1970 = CARTESIAN_POINT ( 'NONE',  ( -2.390693662505769979, 0.2520953002325063697, -0.8400000000000000799 ) ) ;
#1971 = CARTESIAN_POINT ( 'NONE',  ( -1.950000000000000844, 0.8950000000000007949, 2.109999999999999876 ) ) ;
#1972 = ORIENTED_EDGE ( 'NONE', *, *, #2802, .F. ) ;
#1973 = DIRECTION ( 'NONE',  ( -0.000000000000000000, -0.000000000000000000, -1.000000000000000000 ) ) ;
#1974 = CARTESIAN_POINT ( 'NONE',  ( 1.950000000000001066, 1.105000000000000870, -0.4300000000000002709 ) ) ;
#1975 = CARTESIAN_POINT ( 'NONE',  ( 2.319192456893480525, 0.8970519346069010247, 0.8399999999999998579 ) ) ;
#1976 = PLANE ( 'NONE',  #2467 ) ;
#1977 = CARTESIAN_POINT ( 'NONE',  ( 2.376044803019505380, 0.04260684967794371725, 1.700000000000000178 ) ) ;
#1978 = EDGE_CURVE ( 'NONE', #1412, #871, #2452, .T. ) ;
#1979 = ORIENTED_EDGE ( 'NONE', *, *, #2435, .T. ) ;
#1980 = CARTESIAN_POINT ( 'NONE',  ( 2.109991570294214913, 0.8787492286298929089, 1.700000000000000178 ) ) ;
#1981 = DIRECTION ( 'NONE',  ( 0.000000000000000000, 0.9961946980917455452, 0.08715574274765836016 ) ) ;
#1982 = EDGE_LOOP ( 'NONE', ( #551, #2710, #2575, #2247 ) ) ;
#1983 = DIRECTION ( 'NONE',  ( -0.9975640502598247528, -0.06975647374411818313, 0.000000000000000000 ) ) ;
#1984 = ADVANCED_FACE ( 'NONE', ( #3426 ), #3445, .F. ) ;
#1985 = EDGE_LOOP ( 'NONE', ( #2679, #2223, #1011, #2630 ) ) ;
#1986 = ORIENTED_EDGE ( 'NONE', *, *, #396, .F. ) ;
#1987 = ADVANCED_FACE ( 'NONE', ( #1869 ), #927, .F. ) ;
#1988 = ORIENTED_EDGE ( 'NONE', *, *, #1201, .F. ) ;
#1989 = CARTESIAN_POINT ( 'NONE',  ( -2.165000000000000036, 0.2500000000000000555, 0.8399999999999998579 ) ) ;
#1990 = CARTESIAN_POINT ( 'NONE',  ( -1.950000000000000844, 0.8950000000000007949, 0.8399999999999998579 ) ) ;
#1991 = ORIENTED_EDGE ( 'NONE', *, *, #2052, .T. ) ;
#1992 = EDGE_CURVE ( 'NONE', #1920, #4036, #274, .T. ) ;
#1993 = CARTESIAN_POINT ( 'NONE',  ( -2.319192456893480081, 0.8970519346069019129, -1.700000000000000178 ) ) ;
#1994 = PLANE ( 'NONE',  #254 ) ;
#1995 = CARTESIAN_POINT ( 'NONE',  ( -1.950000000000000844, 0.8950000000000007949, 0.8399999999999998579 ) ) ;
#1996 = DIRECTION ( 'NONE',  ( -0.9975640502598247528, -0.06975647374411818313, 0.000000000000000000 ) ) ;
#1997 = PLANE ( 'NONE',  #628 ) ;
#1998 = CARTESIAN_POINT ( 'NONE',  ( 1.950000000000001066, 1.105000000000000870, -0.8400000000000000799 ) ) ;
#1999 = CARTESIAN_POINT ( 'NONE',  ( -1.205055510833896504, 1.649999999999999245, -1.699999999999999067 ) ) ;
#2000 = ORIENTED_EDGE ( 'NONE', *, *, #1258, .T. ) ;
#2001 = DIRECTION ( 'NONE',  ( -0.06975647374411814150, 0.9975640502598247528, 0.000000000000000000 ) ) ;
#2002 = ORIENTED_EDGE ( 'NONE', *, *, #2304, .F. ) ;
#2003 = CARTESIAN_POINT ( 'NONE',  ( 2.391935491544398218, 0.2698542828618181177, 2.109999999999999876 ) ) ;
#2004 = ORIENTED_EDGE ( 'NONE', *, *, #373, .F. ) ;
#2005 = AXIS2_PLACEMENT_3D ( 'NONE', #521, #1121, #2695 ) ;
#2006 = ORIENTED_EDGE ( 'NONE', *, *, #3146, .F. ) ;
#2007 = PLANE ( 'NONE',  #357 ) ;
#2008 = ADVANCED_FACE ( 'NONE', ( #585 ), #3386, .F. ) ;
#2009 = DIRECTION ( 'NONE',  ( -0.9961946980917455452, -0.08715574274765877649, 0.000000000000000000 ) ) ;
#2010 = ORIENTED_EDGE ( 'NONE', *, *, #2854, .F. ) ;
#2011 = VECTOR ( 'NONE', #14, 1000.000000000000000 ) ;
#2012 = DIRECTION ( 'NONE',  ( 0.000000000000000000, 1.000000000000000000, 0.000000000000000000 ) ) ;
#2013 = AXIS2_PLACEMENT_3D ( 'NONE', #3728, #3387, #557 ) ;
#2014 = CARTESIAN_POINT ( 'NONE',  ( 2.092256965349082787, 0.8771976517450829069, -0.4300000000000002709 ) ) ;
#2015 = VECTOR ( 'NONE', #1218, 1000.000000000000114 ) ;
#2016 = EDGE_CURVE ( 'NONE', #1139, #3720, #1814, .T. ) ;
#2017 = DIRECTION ( 'NONE',  ( -1.000000000000000000, 0.000000000000000000, 2.224004456380521903E-16 ) ) ;
#2018 = EDGE_LOOP ( 'NONE', ( #3812, #2287, #3413, #922 ) ) ;
#2019 = VECTOR ( 'NONE', #1709, 1000.000000000000000 ) ;
#2020 = AXIS2_PLACEMENT_3D ( 'NONE', #3666, #2956, #145 ) ;
#2021 = VERTEX_POINT ( 'NONE', #747 ) ;
#2022 = CARTESIAN_POINT ( 'NONE',  ( 2.391935491544398218, 0.2698542828618181177, 0.8399999999999998579 ) ) ;
#2023 =( GEOMETRIC_REPRESENTATION_CONTEXT ( 3 ) GLOBAL_UNCERTAINTY_ASSIGNED_CONTEXT ( ( #1882 ) ) GLOBAL_UNIT_ASSIGNED_CONTEXT ( ( #3578, #2522, #972 ) ) REPRESENTATION_CONTEXT ( 'NONE', 'WORKASPACE' ) );
#2025 = VECTOR ( 'NONE', #2611, 1000.000000000000000 ) ;
#2024 =( LENGTH_UNIT ( ) NAMED_UNIT ( * ) SI_UNIT ( .MILLI., .METRE. ) );
#2026 = DIRECTION ( 'NONE',  ( -0.000000000000000000, -0.000000000000000000, -1.000000000000000000 ) ) ;
#2027 = ORIENTED_EDGE ( 'NONE', *, *, #2949, .T. ) ;
#2028 = DIRECTION ( 'NONE',  ( 0.08715574274765837404, -0.9961946980917455452, 0.000000000000000000 ) ) ;
#2029 = ORIENTED_EDGE ( 'NONE', *, *, #86, .T. ) ;
#2030 = ADVANCED_FACE ( 'NONE', ( #1810 ), #4085, .F. ) ;
#2031 = DIRECTION ( 'NONE',  ( 1.000000000000000000, 0.000000000000000000, 0.000000000000000000 ) ) ;
#2032 = CARTESIAN_POINT ( 'NONE',  ( 1.950000000000000844, 1.105000000000000870, 0.8399999999999998579 ) ) ;
#2033 = EDGE_LOOP ( 'NONE', ( #3600, #481, #206, #2453 ) ) ;
#2034 = EDGE_CURVE ( 'NONE', #2909, #2103, #3768, .T. ) ;
#2035 = DIRECTION ( 'NONE',  ( 0.06975647374411758639, 0.9975640502598247528, -0.000000000000000000 ) ) ;
#2036 = DIRECTION ( 'NONE',  ( -1.000000000000000000, 0.000000000000000000, 0.000000000000000000 ) ) ;
#2037 = CARTESIAN_POINT ( 'NONE',  ( -1.949999999999999067, 1.105000000000000870, 2.449999999999999289 ) ) ;
#2038 = ORIENTED_EDGE ( 'NONE', *, *, #3611, .F. ) ;
#2039 = EDGE_CURVE ( 'NONE', #3991, #1326, #893, .T. ) ;
#2040 = VERTEX_POINT ( 'NONE', #3068 ) ;
#2041 =( NAMED_UNIT ( * ) SI_UNIT ( $, .STERADIAN. ) SOLID_ANGLE_UNIT ( ) );
#2042 = DIRECTION ( 'NONE',  ( -0.000000000000000000, -0.000000000000000000, -1.000000000000000000 ) ) ;
#2043 = DIRECTION ( 'NONE',  ( 0.9975640502598247528, -0.06975647374411814150, 0.000000000000000000 ) ) ;
#2044 = EDGE_CURVE ( 'NONE', #3249, #140, #1245, .T. ) ;
#2045 = EDGE_LOOP ( 'NONE', ( #1070, #3910, #1182, #849 ) ) ;
#2046 = VERTEX_POINT ( 'NONE', #269 ) ;
#2047 = ORIENTED_EDGE ( 'NONE', *, *, #2682, .T. ) ;
#2048 = CARTESIAN_POINT ( 'NONE',  ( 3.000000000000000000, 0.2094884505545622777, 0.8399999999999998579 ) ) ;
#2049 = DIRECTION ( 'NONE',  ( 1.000000000000000000, 6.097147762571766712E-15, 0.000000000000000000 ) ) ;
#2050 = LINE ( 'NONE', #487, #2019 ) ;
#2051 = ORIENTED_EDGE ( 'NONE', *, *, #3510, .F. ) ;
#2052 = EDGE_CURVE ( 'NONE', #277, #3439, #2099, .T. ) ;
#2053 = DIRECTION ( 'NONE',  ( 0.06975647374411758639, 0.9975640502598247528, -0.000000000000000000 ) ) ;
#2054 = SURFACE_STYLE_FILL_AREA ( #2096 ) ;
#2055 = CYLINDRICAL_SURFACE ( 'NONE', #42, 0.01780234825491788103 ) ;
#2056 = ADVANCED_FACE ( 'NONE', ( #222 ), #3131, .F. ) ;
#2057 = FILL_AREA_STYLE_COLOUR ( '', #554 ) ;
#2058 = ORIENTED_EDGE ( 'NONE', *, *, #2148, .T. ) ;
#2059 = ADVANCED_FACE ( 'NONE', ( #2393 ), #250, .T. ) ;
#2060 = ORIENTED_EDGE ( 'NONE', *, *, #3486, .F. ) ;
#2061 = CARTESIAN_POINT ( 'NONE',  ( -2.391935491544398218, 0.2698542828618181177, -0.4300000000000002709 ) ) ;
#2062 = VERTEX_POINT ( 'NONE', #3091 ) ;
#2063 = EDGE_LOOP ( 'NONE', ( #3352, #294, #1986, #2335 ) ) ;
#2064 = VECTOR ( 'NONE', #1374, 1000.000000000000114 ) ;
#2065 = LINE ( 'NONE', #542, #122 ) ;
#2066 = DIRECTION ( 'NONE',  ( -0.000000000000000000, -1.000000000000000000, -0.000000000000000000 ) ) ;
#2067 = CARTESIAN_POINT ( 'NONE',  ( 2.109991570294214913, 0.8787492286298929089, 1.700000000000000178 ) ) ;
#2068 = ORIENTED_EDGE ( 'NONE', *, *, #94, .T. ) ;
#2069 = AXIS2_PLACEMENT_3D ( 'NONE', #1385, #137, #2967 ) ;
#2070 = VECTOR ( 'NONE', #2408, 1000.000000000000000 ) ;
#2071 = EDGE_CURVE ( 'NONE', #2979, #262, #1503, .T. ) ;
#2072 = VECTOR ( 'NONE', #3716, 1000.000000000000000 ) ;
#2073 = DIRECTION ( 'NONE',  ( 0.000000000000000000, 0.000000000000000000, 1.000000000000000000 ) ) ;
#2074 = AXIS2_PLACEMENT_3D ( 'NONE', #2409, #2765, #4055 ) ;
#2075 = VECTOR ( 'NONE', #2623, 1000.000000000000114 ) ;
#2076 = CARTESIAN_POINT ( 'NONE',  ( 2.165000000000000036, 0.2500000000000000555, 0.4300000000000000488 ) ) ;
#2077 = EDGE_CURVE ( 'NONE', #2492, #3106, #4041, .T. ) ;
#2078 = VECTOR ( 'NONE', #1375, 1000.000000000000000 ) ;
#2079 = ORIENTED_EDGE ( 'NONE', *, *, #3897, .T. ) ;
#2080 = VECTOR ( 'NONE', #968, 1000.000000000000000 ) ;
#2081 = VERTEX_POINT ( 'NONE', #3224 ) ;
#2082 = ORIENTED_EDGE ( 'NONE', *, *, #2978, .T. ) ;
#2083 = FACE_OUTER_BOUND ( 'NONE', #2316, .T. ) ;
#2084 = ADVANCED_FACE ( 'NONE', ( #3190 ), #2851, .F. ) ;
#2085 = DIRECTION ( 'NONE',  ( -0.06975647374411814150, 0.9975640502598247528, 0.000000000000000000 ) ) ;
#2086 = ORIENTED_EDGE ( 'NONE', *, *, #3762, .T. ) ;
#2087 = CIRCLE ( 'NONE', #2945, 0.2049999999999996825 ) ;
#2088 = DIRECTION ( 'NONE',  ( -0.000000000000000000, -0.000000000000000000, -1.000000000000000000 ) ) ;
#2089 = EDGE_CURVE ( 'NONE', #3261, #2943, #3400, .T. ) ;
#2090 = DIRECTION ( 'NONE',  ( 0.9975640502598248638, 0.06975647374411748924, -0.000000000000000000 ) ) ;
#2091 = DIRECTION ( 'NONE',  ( -4.425314989736755471E-17, 0.000000000000000000, 1.000000000000000000 ) ) ;
#2092 = LINE ( 'NONE', #2722, #3613 ) ;
#2093 = ORIENTED_EDGE ( 'NONE', *, *, #514, .T. ) ;
#2094 = CARTESIAN_POINT ( 'NONE',  ( 2.109991570294214913, 0.8787492286298929089, -1.700000000000000178 ) ) ;
#2095 = DIRECTION ( 'NONE',  ( -0.000000000000000000, -0.000000000000000000, -1.000000000000000000 ) ) ;
#2096 = FILL_AREA_STYLE ('',( #1454 ) ) ;
#2097 = FILL_AREA_STYLE ('',( #929 ) ) ;
#2098 = SURFACE_SIDE_STYLE ('',( #2731 ) ) ;
#2099 = LINE ( 'NONE', #533, #2015 ) ;
#2100 = ORIENTED_EDGE ( 'NONE', *, *, #1485, .F. ) ;
#2101 = DIRECTION ( 'NONE',  ( 0.08715574274765876261, -0.9961946980917454342, 0.000000000000000000 ) ) ;
#2102 = ORIENTED_EDGE ( 'NONE', *, *, #852, .F. ) ;
#2103 = VERTEX_POINT ( 'NONE', #1239 ) ;
#2104 = ADVANCED_FACE ( 'NONE', ( #3125 ), #2230, .F. ) ;
#2105 = CARTESIAN_POINT ( 'NONE',  ( -3.000000000000000000, 0.2094884505545626108, 0.4300000000000000488 ) ) ;
#2106 = CARTESIAN_POINT ( 'NONE',  ( -1.950000000000000844, 0.8950000000000007949, 0.8399999999999998579 ) ) ;
#2107 = ORIENTED_EDGE ( 'NONE', *, *, #3030, .F. ) ;
#2108 = ORIENTED_EDGE ( 'NONE', *, *, #1575, .F. ) ;
#2109 = ADVANCED_FACE ( 'NONE', ( #1894 ), #2831, .F. ) ;
#2110 = CARTESIAN_POINT ( 'NONE',  ( -2.109991570294214913, 0.8787492286298929089, 0.4300000000000000488 ) ) ;
#2111 = DIRECTION ( 'NONE',  ( 1.000000000000000000, 0.000000000000000000, -0.000000000000000000 ) ) ;
#2112 = LINE ( 'NONE', #3374, #2665 ) ;
#2113 = DIRECTION ( 'NONE',  ( -0.9975640502598246417, 0.06975647374411883539, -0.000000000000000000 ) ) ;
#2114 = ORIENTED_EDGE ( 'NONE', *, *, #1175, .F. ) ;
#2115 = SURFACE_STYLE_USAGE ( .BOTH. , #3722 ) ;
#2116 = LINE ( 'NONE', #181, #227 ) ;
#2117 = DIRECTION ( 'NONE',  ( 0.000000000000000000, 0.000000000000000000, 1.000000000000000000 ) ) ;
#2118 = ORIENTED_EDGE ( 'NONE', *, *, #2949, .F. ) ;
#2119 = LINE ( 'NONE', #3073, #291 ) ;
#2120 = CARTESIAN_POINT ( 'NONE',  ( 2.391935491544398218, 0.2698542828618181177, -1.700000000000000178 ) ) ;
#2121 = ORIENTED_EDGE ( 'NONE', *, *, #3398, .F. ) ;
#2122 = DIRECTION ( 'NONE',  ( 1.000000000000000000, 0.000000000000000000, 0.000000000000000000 ) ) ;
#2123 = EDGE_CURVE ( 'NONE', #3927, #2460, #4078, .T. ) ;
#2124 = DIRECTION ( 'NONE',  ( -0.000000000000000000, -0.000000000000000000, -1.000000000000000000 ) ) ;
#2125 = DIRECTION ( 'NONE',  ( 1.000000000000000000, 0.000000000000000000, -2.224004456380521903E-16 ) ) ;
#2126 = CARTESIAN_POINT ( 'NONE',  ( 2.092256965349082787, 1.104999999999999538, -1.700000000000000178 ) ) ;
#2127 = ORIENTED_EDGE ( 'NONE', *, *, #3698, .T. ) ;
#2128 = VECTOR ( 'NONE', #1878, 1000.000000000000000 ) ;
#2129 = EDGE_CURVE ( 'NONE', #2598, #2185, #1230, .T. ) ;
#2130 = CARTESIAN_POINT ( 'NONE',  ( -3.000000000000000000, 0.2094884505545626108, 2.109999999999999876 ) ) ;
#2131 = CARTESIAN_POINT ( 'NONE',  ( -2.985351140513735402, -1.554929984311652099E-18, -0.8400000000000000799 ) ) ;
#2132 = CARTESIAN_POINT ( 'NONE',  ( -2.165000000000000036, 0.2500000000000000555, -0.4300000000000002709 ) ) ;
#2133 = AXIS2_PLACEMENT_3D ( 'NONE', #2488, #2240, #378 ) ;
#2134 = AXIS2_PLACEMENT_3D ( 'NONE', #266, #3680, #1788 ) ;
#2135 = VECTOR ( 'NONE', #874, 1000.000000000000114 ) ;
#2136 = AXIS2_PLACEMENT_3D ( 'NONE', #1212, #1564, #2515 ) ;
#2137 = ORIENTED_EDGE ( 'NONE', *, *, #3169, .T. ) ;
#2138 = EDGE_LOOP ( 'NONE', ( #2470, #4057, #482, #1840 ) ) ;
#2139 = FACE_OUTER_BOUND ( 'NONE', #2193, .T. ) ;
#2140 = VECTOR ( 'NONE', #2349, 1000.000000000000000 ) ;
#2141 = AXIS2_PLACEMENT_3D ( 'NONE', #2970, #2657, #2198 ) ;
#2142 = LINE ( 'NONE', #1012, #1879 ) ;
#2143 = ORIENTED_EDGE ( 'NONE', *, *, #2753, .T. ) ;
#2144 = CIRCLE ( 'NONE', #3746, 0.01780234825491788103 ) ;
#2145 = ORIENTED_EDGE ( 'NONE', *, *, #4020, .F. ) ;
#2146 = VECTOR ( 'NONE', #3288, 1000.000000000000000 ) ;
#2147 = LINE ( 'NONE', #1842, #3340 ) ;
#2148 = EDGE_CURVE ( 'NONE', #3858, #3365, #926, .T. ) ;
#2149 = FACE_OUTER_BOUND ( 'NONE', #464, .T. ) ;
#2150 = DIRECTION ( 'NONE',  ( 0.08715574274765874874, -0.9961946980917454342, 0.000000000000000000 ) ) ;
#2151 = LINE ( 'NONE', #876, #3133 ) ;
#2152 = ORIENTED_EDGE ( 'NONE', *, *, #1759, .T. ) ;
#2153 = FACE_OUTER_BOUND ( 'NONE', #3232, .T. ) ;
#2154 = ADVANCED_FACE ( 'NONE', ( #3236 ), #50, .F. ) ;
#2155 = DIRECTION ( 'NONE',  ( -0.000000000000000000, -0.000000000000000000, -1.000000000000000000 ) ) ;
#2156 = ORIENTED_EDGE ( 'NONE', *, *, #821, .F. ) ;
#2157 = CARTESIAN_POINT ( 'NONE',  ( -1.950000000000000622, 1.105000000000000870, -2.109999999999999876 ) ) ;
#2158 = DIRECTION ( 'NONE',  ( -0.000000000000000000, -0.000000000000000000, -1.000000000000000000 ) ) ;
#2159 = ADVANCED_FACE ( 'NONE', ( #695 ), #1949, .T. ) ;
#2160 = ORIENTED_EDGE ( 'NONE', *, *, #3358, .T. ) ;
#2161 = DIRECTION ( 'NONE',  ( 0.9975640502598247528, -0.06975647374411814150, 0.000000000000000000 ) ) ;
#2162 = VERTEX_POINT ( 'NONE', #187 ) ;
#2163 = ORIENTED_EDGE ( 'NONE', *, *, #3957, .T. ) ;
#2164 = ADVANCED_FACE ( 'NONE', ( #3694 ), #1778, .T. ) ;
#2165 = DIRECTION ( 'NONE',  ( -0.000000000000000000, -1.000000000000000000, -0.000000000000000000 ) ) ;
#2166 = ORIENTED_EDGE ( 'NONE', *, *, #423, .T. ) ;
#2167 = ORIENTED_EDGE ( 'NONE', *, *, #2387, .F. ) ;
#2168 = DIRECTION ( 'NONE',  ( 0.08715574274765874874, 0.9961946980917454342, -0.000000000000000000 ) ) ;
#2169 = LINE ( 'NONE', #981, #2993 ) ;
#2170 = DIRECTION ( 'NONE',  ( -0.000000000000000000, -0.000000000000000000, -1.000000000000000000 ) ) ;
#2171 = EDGE_LOOP ( 'NONE', ( #1587, #2100, #3503, #2160 ) ) ;
#2172 = CARTESIAN_POINT ( 'NONE',  ( 2.376044803019505380, 0.04260684967794371725, -0.4300000000000002709 ) ) ;
#2173 = DIRECTION ( 'NONE',  ( -0.7057575568079520467, -0.7057575568079516026, 0.06174578541844936985 ) ) ;
#2174 = ADVANCED_FACE ( 'NONE', ( #466 ), #853, .F. ) ;
#2175 = ORIENTED_EDGE ( 'NONE', *, *, #1399, .T. ) ;
#2176 = EDGE_CURVE ( 'NONE', #1064, #3346, #3810, .T. ) ;
#2177 = DIRECTION ( 'NONE',  ( -0.000000000000000000, -0.000000000000000000, -1.000000000000000000 ) ) ;
#2178 = DIRECTION ( 'NONE',  ( -0.000000000000000000, -0.000000000000000000, -1.000000000000000000 ) ) ;
#2179 = LINE ( 'NONE', #1591, #34 ) ;
#2180 = EDGE_LOOP ( 'NONE', ( #693, #2281, #2837, #3687 ) ) ;
#2181 = DIRECTION ( 'NONE',  ( 0.9961946980917455452, 0.08715574274765874874, -0.000000000000000000 ) ) ;
#2182 = CARTESIAN_POINT ( 'NONE',  ( -2.319192456893480081, 0.8970519346069019129, 0.8399999999999998579 ) ) ;
#2183 = LINE ( 'NONE', #1596, #2933 ) ;
#2184 = DIRECTION ( 'NONE',  ( -0.000000000000000000, -0.000000000000000000, -1.000000000000000000 ) ) ;
#2185 = VERTEX_POINT ( 'NONE', #3481 ) ;
#2186 = LINE ( 'NONE', #3151, #912 ) ;
#2187 = VECTOR ( 'NONE', #3029, 1000.000000000000000 ) ;
#2188 = CARTESIAN_POINT ( 'NONE',  ( -2.390693662505769979, 0.2520953002325061476, -0.4300000000000002709 ) ) ;
#2189 = EDGE_CURVE ( 'NONE', #1045, #3365, #3744, .T. ) ;
#2190 = DIRECTION ( 'NONE',  ( -0.000000000000000000, -0.000000000000000000, -1.000000000000000000 ) ) ;
#2191 = VECTOR ( 'NONE', #2285, 1000.000000000000000 ) ;
#2192 = CARTESIAN_POINT ( 'NONE',  ( 1.950000000000000844, 1.105000000000000870, 0.4300000000000000488 ) ) ;
#2193 = EDGE_LOOP ( 'NONE', ( #1457, #4091, #1372, #1081 ) ) ;
#2194 = AXIS2_PLACEMENT_3D ( 'NONE', #1642, #2888, #361 ) ;
#2195 = DIRECTION ( 'NONE',  ( 0.9975640502598247528, -0.06975647374411814150, 0.000000000000000000 ) ) ;
#2196 = ADVANCED_FACE ( 'NONE', ( #332 ), #1589, .T. ) ;
#2197 = AXIS2_PLACEMENT_3D ( 'NONE', #1924, #674, #359 ) ;
#2198 = DIRECTION ( 'NONE',  ( 1.000000000000000000, 0.000000000000000000, 0.000000000000000000 ) ) ;
#2199 = AXIS2_PLACEMENT_3D ( 'NONE', #1328, #353, #3202 ) ;
#2200 = EDGE_LOOP ( 'NONE', ( #3155, #504, #2342, #1289 ) ) ;
#2201 = EDGE_LOOP ( 'NONE', ( #1101, #1002, #1933, #3135 ) ) ;
#2202 = VECTOR ( 'NONE', #1051, 1000.000000000000114 ) ;
#2203 = STYLED_ITEM ( 'NONE', ( #1651 ), #2402 ) ;
#2204 = EDGE_CURVE ( 'NONE', #1123, #1172, #2179, .T. ) ;
#2205 = FACE_OUTER_BOUND ( 'NONE', #2171, .T. ) ;
#2206 = VECTOR ( 'NONE', #2177, 1000.000000000000000 ) ;
#2207 = LINE ( 'NONE', #2182, #2383 ) ;
#2208 = CIRCLE ( 'NONE', #445, 0.2278023482549171308 ) ;
#2209 = FACE_OUTER_BOUND ( 'NONE', #825, .T. ) ;
#2210 = CARTESIAN_POINT ( 'NONE',  ( -1.205055510833896504, 1.649999999999999245, -1.904999999999998694 ) ) ;
#2211 = ORIENTED_EDGE ( 'NONE', *, *, #1738, .F. ) ;
#2212 = EDGE_CURVE ( 'NONE', #112, #606, #1162, .T. ) ;
#2213 = CARTESIAN_POINT ( 'NONE',  ( 2.092256965349082787, 0.8771976517450829069, -0.8400000000000000799 ) ) ;
#2214 = FILL_AREA_STYLE ('',( #1583 ) ) ;
#2215 = AXIS2_PLACEMENT_3D ( 'NONE', #1850, #1895, #305 ) ;
#2216 = FACE_OUTER_BOUND ( 'NONE', #175, .T. ) ;
#2217 = DIRECTION ( 'NONE',  ( 0.000000000000000000, 0.000000000000000000, 1.000000000000000000 ) ) ;
#2218 = ORIENTED_EDGE ( 'NONE', *, *, #252, .F. ) ;
#2219 = CARTESIAN_POINT ( 'NONE',  ( -2.391935491544398218, 0.2698542828618181177, 2.109999999999999876 ) ) ;
#2220 = VERTEX_POINT ( 'NONE', #3018 ) ;
#2221 = EDGE_CURVE ( 'NONE', #2040, #2979, #198, .T. ) ;
#2222 = ORIENTED_EDGE ( 'NONE', *, *, #3786, .T. ) ;
#2223 = ORIENTED_EDGE ( 'NONE', *, *, #4024, .T. ) ;
#2224 = DIRECTION ( 'NONE',  ( 0.9975640502598247528, 0.06975647374411818313, 0.000000000000000000 ) ) ;
#2225 = CARTESIAN_POINT ( 'NONE',  ( 3.000000000000000000, 0.2094884505545622777, 2.109999999999999876 ) ) ;
#2226 = ADVANCED_FACE ( 'NONE', ( #3336 ), #191, .F. ) ;
#2227 = DIRECTION ( 'NONE',  ( -1.000000000000000000, 0.000000000000000000, 0.000000000000000000 ) ) ;
#2228 = LINE ( 'NONE', #2869, #368 ) ;
#2229 = VERTEX_POINT ( 'NONE', #167 ) ;
#2230 = PLANE ( 'NONE',  #3674 ) ;
#2231 = DIRECTION ( 'NONE',  ( 0.06975647374411747537, -0.9975640502598247528, 0.000000000000000000 ) ) ;
#2232 =( NAMED_UNIT ( * ) PLANE_ANGLE_UNIT ( ) SI_UNIT ( $, .RADIAN. ) );
#2233 = DIRECTION ( 'NONE',  ( -1.000000000000000000, 0.000000000000000000, 0.000000000000000000 ) ) ;
#2234 = CARTESIAN_POINT ( 'NONE',  ( 1.950000000000001066, 0.8950000000000007949, -0.8400000000000000799 ) ) ;
#2235 = ORIENTED_EDGE ( 'NONE', *, *, #1107, .F. ) ;
#2236 = PLANE ( 'NONE',  #1355 ) ;
#2237 = FILL_AREA_STYLE ('',( #2836 ) ) ;
#2238 = ORIENTED_EDGE ( 'NONE', *, *, #2861, .F. ) ;
#2239 = VERTEX_POINT ( 'NONE', #1428 ) ;
#2240 = DIRECTION ( 'NONE',  ( -0.9961946980917455452, 0.08715574274765874874, 0.000000000000000000 ) ) ;
#2241 = VERTEX_POINT ( 'NONE', #3648 ) ;
#2242 = VERTEX_POINT ( 'NONE', #808 ) ;
#2243 = ORIENTED_EDGE ( 'NONE', *, *, #529, .F. ) ;
#2244 = CARTESIAN_POINT ( 'NONE',  ( 2.092256965349082787, 0.8771976517450829069, -0.8400000000000000799 ) ) ;
#2245 = LINE ( 'NONE', #1866, #1419 ) ;
#2246 = PLANE ( 'NONE',  #26 ) ;
#2247 = ORIENTED_EDGE ( 'NONE', *, *, #367, .T. ) ;
#2248 = DIRECTION ( 'NONE',  ( 1.000000000000000000, 0.000000000000000000, -0.000000000000000000 ) ) ;
#2249 = ADVANCED_FACE ( 'NONE', ( #503 ), #3237, .T. ) ;
#2250 = LINE ( 'NONE', #2583, #1889 ) ;
#2251 = DIRECTION ( 'NONE',  ( -1.000000000000000000, 0.000000000000000000, 0.000000000000000000 ) ) ;
#2252 = CARTESIAN_POINT ( 'NONE',  ( 1.950000000000001066, 0.8950000000000007949, -2.109999999999999876 ) ) ;
#2253 = CARTESIAN_POINT ( 'NONE',  ( 2.319192456893480525, 0.8970519346069010247, -0.8400000000000000799 ) ) ;
#2254 = CARTESIAN_POINT ( 'NONE',  ( 2.319192456893480525, 0.8970519346069010247, -1.700000000000000178 ) ) ;
#2255 = EDGE_CURVE ( 'NONE', #44, #232, #1167, .T. ) ;
#2256 = ORIENTED_EDGE ( 'NONE', *, *, #1010, .T. ) ;
#2257 = DIRECTION ( 'NONE',  ( -0.000000000000000000, -0.000000000000000000, -1.000000000000000000 ) ) ;
#2258 = FILL_AREA_STYLE_COLOUR ( '', #1285 ) ;
#2259 = CIRCLE ( 'NONE', #492, 0.2278023482549169088 ) ;
#2260 = ORIENTED_EDGE ( 'NONE', *, *, #190, .T. ) ;
#2261 = VECTOR ( 'NONE', #61, 1000.000000000000000 ) ;
#2262 = ORIENTED_EDGE ( 'NONE', *, *, #2884, .F. ) ;
#2263 = ORIENTED_EDGE ( 'NONE', *, *, #1542, .F. ) ;
#2264 = VECTOR ( 'NONE', #340, 1000.000000000000000 ) ;
#2265 = ORIENTED_EDGE ( 'NONE', *, *, #800, .T. ) ;
#2266 = CARTESIAN_POINT ( 'NONE',  ( 2.985351140513735402, -1.554929984311652099E-18, 0.4300000000000000488 ) ) ;
#2267 = LINE ( 'NONE', #2932, #1691 ) ;
#2268 = DIRECTION ( 'NONE',  ( 1.000000000000000000, 0.000000000000000000, 0.000000000000000000 ) ) ;
#2269 = VECTOR ( 'NONE', #3871, 1000.000000000000114 ) ;
#2270 = VERTEX_POINT ( 'NONE', #2872 ) ;
#2271 = EDGE_CURVE ( 'NONE', #1854, #2405, #2250, .T. ) ;
#2272 = VECTOR ( 'NONE', #3563, 1000.000000000000000 ) ;
#2273 = VECTOR ( 'NONE', #3798, 1000.000000000000000 ) ;
#2274 = DIRECTION ( 'NONE',  ( -1.000000000000000000, 0.000000000000000000, 0.000000000000000000 ) ) ;
#2275 = PLANE ( 'NONE',  #1174 ) ;
#2276 = CARTESIAN_POINT ( 'NONE',  ( -2.319192456893480081, 0.8970519346069019129, -0.4300000000000002709 ) ) ;
#2277 = EDGE_CURVE ( 'NONE', #1342, #183, #3476, .T. ) ;
#2278 = COLOUR_RGB ( '',0.7960784313725489669, 0.8235294117647058432, 0.9372549019607843146 ) ;
#2279 = PRESENTATION_LAYER_ASSIGNMENT (  '', '', ( #774 ) ) ;
#2280 =( GEOMETRIC_REPRESENTATION_CONTEXT ( 3 ) GLOBAL_UNCERTAINTY_ASSIGNED_CONTEXT ( ( #2739 ) ) GLOBAL_UNIT_ASSIGNED_CONTEXT ( ( #2024, #1397, #1769 ) ) REPRESENTATION_CONTEXT ( 'NONE', 'WORKASPACE' ) );
#2281 = ORIENTED_EDGE ( 'NONE', *, *, #993, .F. ) ;
#2282 = DIRECTION ( 'NONE',  ( -1.000000000000000000, 0.000000000000000000, 0.000000000000000000 ) ) ;
#2283 = EDGE_CURVE ( 'NONE', #362, #3106, #2999, .T. ) ;
#2284 = EDGE_LOOP ( 'NONE', ( #2395, #3071, #330, #2840 ) ) ;
#2285 = DIRECTION ( 'NONE',  ( 1.327594496921026210E-16, -0.000000000000000000, 1.000000000000000000 ) ) ;
#2286 = ADVANCED_FACE ( 'NONE', ( #1318 ), #3218, .F. ) ;
#2287 = ORIENTED_EDGE ( 'NONE', *, *, #2686, .F. ) ;
#2288 = VERTEX_POINT ( 'NONE', #2253 ) ;
#2289 = CARTESIAN_POINT ( 'NONE',  ( -2.391935491544398218, 0.2698542828618181177, 0.8399999999999998579 ) ) ;
#2290 = DIRECTION ( 'NONE',  ( -0.000000000000000000, -0.000000000000000000, -1.000000000000000000 ) ) ;
#2291 = EDGE_LOOP ( 'NONE', ( #3835, #1020, #994, #1826 ) ) ;
#2292 = CARTESIAN_POINT ( 'NONE',  ( -2.092256965349082787, 0.8771976517450829069, 2.109999999999999876 ) ) ;
#2293 = DIRECTION ( 'NONE',  ( -0.000000000000000000, -0.000000000000000000, -1.000000000000000000 ) ) ;
#2294 = LINE ( 'NONE', #2612, #2140 ) ;
#2295 = CARTESIAN_POINT ( 'NONE',  ( 1.950000000000000844, 0.8950000000000007949, 2.449999999999998401 ) ) ;
#2296 = EDGE_CURVE ( 'NONE', #2865, #2688, #3221, .T. ) ;
#2297 = EDGE_LOOP ( 'NONE', ( #3356, #2760, #807, #3116 ) ) ;
#2298 = CARTESIAN_POINT ( 'NONE',  ( -2.109991570294214913, 0.8787492286298929089, 0.8399999999999998579 ) ) ;
#2299 = CARTESIAN_POINT ( 'NONE',  ( 2.985351140513735402, -1.554929984311652099E-18, -2.109999999999999876 ) ) ;
#2300 = VERTEX_POINT ( 'NONE', #3530 ) ;
#2301 = EDGE_CURVE ( 'NONE', #1967, #1329, #72, .T. ) ;
#2302 = ORIENTED_EDGE ( 'NONE', *, *, #818, .T. ) ;
#2303 = ORIENTED_EDGE ( 'NONE', *, *, #1361, .T. ) ;
#2304 = EDGE_CURVE ( 'NONE', #2590, #3594, #3186, .T. ) ;
#2305 = ORIENTED_EDGE ( 'NONE', *, *, #1126, .T. ) ;
#2306 = CARTESIAN_POINT ( 'NONE',  ( -2.376044803019505380, 0.04260684967794371725, -2.109999999999999876 ) ) ;
#2307 = CARTESIAN_POINT ( 'NONE',  ( 2.319192456893480525, 0.8970519346069010247, 2.109999999999999876 ) ) ;
#2308 = ORIENTED_EDGE ( 'NONE', *, *, #2482, .F. ) ;
#2309 = FACE_OUTER_BOUND ( 'NONE', #1228, .T. ) ;
#2310 = CARTESIAN_POINT ( 'NONE',  ( 1.950000000000000844, 1.105000000000000870, 2.449999999999998401 ) ) ;
#2311 = DIRECTION ( 'NONE',  ( -0.000000000000000000, -0.000000000000000000, -1.000000000000000000 ) ) ;
#2312 = EDGE_LOOP ( 'NONE', ( #2582, #1544, #3176, #1524 ) ) ;
#2313 = CARTESIAN_POINT ( 'NONE',  ( -3.000000000000000000, 0.2094884505545626108, -0.8400000000000000799 ) ) ;
#2314 = LINE ( 'NONE', #1669, #3662 ) ;
#2315 = VERTEX_POINT ( 'NONE', #3831 ) ;
#2316 = EDGE_LOOP ( 'NONE', ( #1308, #785, #2121, #3337 ) ) ;
#2317 = DIRECTION ( 'NONE',  ( -1.000000000000000000, 0.000000000000000000, 0.000000000000000000 ) ) ;
#2318 = ORIENTED_EDGE ( 'NONE', *, *, #998, .T. ) ;
#2319 = VECTOR ( 'NONE', #2825, 1000.000000000000000 ) ;
#2320 = ADVANCED_FACE ( 'NONE', ( #988 ), #55, .F. ) ;
#2321 = AXIS2_PLACEMENT_3D ( 'NONE', #268, #1522, #1831 ) ;
#2322 = DIRECTION ( 'NONE',  ( -0.000000000000000000, -0.000000000000000000, -1.000000000000000000 ) ) ;
#2323 = CARTESIAN_POINT ( 'NONE',  ( -1.949999999999999067, 0.8950000000000007949, 2.449999999999999289 ) ) ;
#2324 = EDGE_LOOP ( 'NONE', ( #2883, #2805, #779, #3418, #3500, #3165, #3868, #1434, #2118, #3863, #995, #2617 ) ) ;
#2325 = EDGE_CURVE ( 'NONE', #1736, #309, #641, .T. ) ;
#2326 = AXIS2_PLACEMENT_3D ( 'NONE', #4007, #2375, #1781 ) ;
#2327 = CARTESIAN_POINT ( 'NONE',  ( -2.376044803019505380, 0.04260684967794371725, -1.700000000000000178 ) ) ;
#2328 = AXIS2_PLACEMENT_3D ( 'NONE', #2120, #990, #3417 ) ;
#2329 = CARTESIAN_POINT ( 'NONE',  ( 3.000000000000000000, 0.2094884505545622777, 1.700000000000000178 ) ) ;
#2330 = AXIS2_PLACEMENT_3D ( 'NONE', #3367, #2988, #1721 ) ;
#2331 = CARTESIAN_POINT ( 'NONE',  ( 2.376044803019505380, 0.04260684967794371725, 2.109999999999999876 ) ) ;
#2332 = EDGE_LOOP ( 'NONE', ( #3427, #22, #973, #1403, #2821, #2472, #1811, #3606, #3942, #292, #2574, #2554 ) ) ;
#2333 = EDGE_CURVE ( 'NONE', #2962, #2040, #3544, .T. ) ;
#2334 = VECTOR ( 'NONE', #1358, 1000.000000000000000 ) ;
#2335 = ORIENTED_EDGE ( 'NONE', *, *, #2577, .T. ) ;
#2336 = FILL_AREA_STYLE ('',( #1382 ) ) ;
#2337 = AXIS2_PLACEMENT_3D ( 'NONE', #3902, #2282, #2217 ) ;
#2339 = MECHANICAL_DESIGN_GEOMETRIC_PRESENTATION_REPRESENTATION (  '', ( #774 ), #39 ) ;
#2338 = DIRECTION ( 'NONE',  ( 1.000000000000000000, 0.000000000000000000, 0.000000000000000000 ) ) ;
#2340 = LINE ( 'NONE', #1699, #2261 ) ;
#2341 = EDGE_LOOP ( 'NONE', ( #131, #2601, #3533, #2977 ) ) ;
#2342 = ORIENTED_EDGE ( 'NONE', *, *, #3456, .F. ) ;
#2343 = EDGE_CURVE ( 'NONE', #838, #603, #247, .T. ) ;
#2344 = PLANE ( 'NONE',  #638 ) ;
#2345 = ORIENTED_EDGE ( 'NONE', *, *, #347, .T. ) ;
#2346 = EDGE_CURVE ( 'NONE', #3690, #1491, #567, .T. ) ;
#2347 = LINE ( 'NONE', #2048, #513 ) ;
#2348 = LINE ( 'NONE', #3318, #27 ) ;
#2349 = DIRECTION ( 'NONE',  ( -0.000000000000000000, -0.000000000000000000, -1.000000000000000000 ) ) ;
#2350 = ORIENTED_EDGE ( 'NONE', *, *, #647, .T. ) ;
#2351 = EDGE_LOOP ( 'NONE', ( #3825, #2920, #3931, #121 ) ) ;
#2352 = CARTESIAN_POINT ( 'NONE',  ( -2.109991570294214913, 0.8787492286298929089, 0.8399999999999998579 ) ) ;
#2353 = DIRECTION ( 'NONE',  ( -0.000000000000000000, 1.000000000000000000, -0.000000000000000000 ) ) ;
#2354 = CARTESIAN_POINT ( 'NONE',  ( -1.950000000000000844, 1.105000000000000870, 1.700000000000000178 ) ) ;
#2355 = VERTEX_POINT ( 'NONE', #2130 ) ;
#2356 = ORIENTED_EDGE ( 'NONE', *, *, #162, .F. ) ;
#2357 = VERTEX_POINT ( 'NONE', #244 ) ;
#2358 = LINE ( 'NONE', #2441, #2272 ) ;
#2359 = EDGE_LOOP ( 'NONE', ( #397, #2263, #1079, #1792 ) ) ;
#2360 = CARTESIAN_POINT ( 'NONE',  ( -2.165000000000000036, 0.2500000000000000555, 2.109999999999999876 ) ) ;
#2361 = DIRECTION ( 'NONE',  ( 0.08715574274765874874, -0.9961946980917454342, 0.000000000000000000 ) ) ;
#2362 = CARTESIAN_POINT ( 'NONE',  ( 3.000000000000000000, 0.2094884505545622777, 1.700000000000000178 ) ) ;
#2363 = ORIENTED_EDGE ( 'NONE', *, *, #2189, .F. ) ;
#2364 = ADVANCED_FACE ( 'NONE', ( #2153 ), #3703, .T. ) ;
#2365 = CARTESIAN_POINT ( 'NONE',  ( 2.390693662505769979, 0.2520953002325064252, -1.700000000000000178 ) ) ;
#2366 = FACE_OUTER_BOUND ( 'NONE', #2550, .T. ) ;
#2367 = EDGE_CURVE ( 'NONE', #3438, #226, #3425, .T. ) ;
#2368 = CARTESIAN_POINT ( 'NONE',  ( -2.390693662505769979, 0.2520953002325063697, 2.109999999999999876 ) ) ;
#2369 = ORIENTED_EDGE ( 'NONE', *, *, #2861, .T. ) ;
#2370 = ORIENTED_EDGE ( 'NONE', *, *, #3325, .F. ) ;
#2371 = FACE_OUTER_BOUND ( 'NONE', #4062, .T. ) ;
#2372 = FACE_OUTER_BOUND ( 'NONE', #2200, .T. ) ;
#2373 = VECTOR ( 'NONE', #2168, 1000.000000000000114 ) ;
#2374 = ORIENTED_EDGE ( 'NONE', *, *, #3030, .T. ) ;
#2375 = DIRECTION ( 'NONE',  ( -0.000000000000000000, -0.000000000000000000, -1.000000000000000000 ) ) ;
#2376 = PRESENTATION_LAYER_ASSIGNMENT (  '', '', ( #3128 ) ) ;
#2377 = CARTESIAN_POINT ( 'NONE',  ( -1.949999999999998845, 0.8950000000000007949, -2.449999999999998401 ) ) ;
#2378 = DIRECTION ( 'NONE',  ( 1.000000000000000000, -0.000000000000000000, -0.000000000000000000 ) ) ;
#2379 = CARTESIAN_POINT ( 'NONE',  ( -2.092256965349082787, 1.104999999999999982, -1.700000000000000178 ) ) ;
#2380 = MANIFOLD_SOLID_BREP ( 'LPattern1[3]', #3750 ) ;
#2381 = ORIENTED_EDGE ( 'NONE', *, *, #636, .F. ) ;
#2382 = AXIS2_PLACEMENT_3D ( 'NONE', #2537, #1618, #335 ) ;
#2383 = VECTOR ( 'NONE', #1517, 1000.000000000000114 ) ;
#2384 = VECTOR ( 'NONE', #52, 1000.000000000000000 ) ;
#2385 = CARTESIAN_POINT ( 'NONE',  ( -2.391935491544398218, 0.2698542828618181177, 2.109999999999999876 ) ) ;
#2386 = LINE ( 'NONE', #1828, #3005 ) ;
#2387 = EDGE_CURVE ( 'NONE', #1739, #1179, #723, .T. ) ;
#2388 = CARTESIAN_POINT ( 'NONE',  ( 1.950000000000000844, 1.105000000000000870, 2.109999999999999876 ) ) ;
#2389 = CYLINDRICAL_SURFACE ( 'NONE', #3470, 0.01780234825491788103 ) ;
#2390 = AXIS2_PLACEMENT_3D ( 'NONE', #941, #958, #1314 ) ;
#2391 = VECTOR ( 'NONE', #2752, 1000.000000000000000 ) ;
#2392 =( NAMED_UNIT ( * ) SI_UNIT ( $, .STERADIAN. ) SOLID_ANGLE_UNIT ( ) );
#2393 = FACE_OUTER_BOUND ( 'NONE', #1701, .T. ) ;
#2394 = AXIS2_PLACEMENT_3D ( 'NONE', #1918, #1632, #399 ) ;
#2395 = ORIENTED_EDGE ( 'NONE', *, *, #1605, .T. ) ;
#2396 = PRESENTATION_LAYER_ASSIGNMENT (  '', '', ( #1042 ) ) ;
#2397 = ADVANCED_FACE ( 'NONE', ( #3496 ), #925, .F. ) ;
#2398 = CARTESIAN_POINT ( 'NONE',  ( -2.391935491544398218, 0.2698542828618181177, -2.109999999999999876 ) ) ;
#2399 = CARTESIAN_POINT ( 'NONE',  ( 1.950000000000000844, 1.105000000000000870, 2.449999999999998401 ) ) ;
#2400 = VERTEX_POINT ( 'NONE', #1998 ) ;
#2401 = DIRECTION ( 'NONE',  ( 0.9975640502598247528, 0.06975647374411814150, -0.000000000000000000 ) ) ;
#2402 = MANIFOLD_SOLID_BREP ( 'LPattern1[6]', #3143 ) ;
#2403 = CARTESIAN_POINT ( 'NONE',  ( 3.000000000000000000, 0.2094884505545622777, -1.700000000000000178 ) ) ;
#2404 = ORIENTED_EDGE ( 'NONE', *, *, #477, .T. ) ;
#2405 = VERTEX_POINT ( 'NONE', #2313 ) ;
#2406 = LINE ( 'NONE', #524, #302 ) ;
#2407 = LINE ( 'NONE', #525, #4092 ) ;
#2408 = DIRECTION ( 'NONE',  ( -0.000000000000000000, 1.000000000000000000, -0.000000000000000000 ) ) ;
#2409 = CARTESIAN_POINT ( 'NONE',  ( 2.092256965349082787, 0.8771976517450829069, -2.109999999999999876 ) ) ;
#2410 = ORIENTED_EDGE ( 'NONE', *, *, #1928, .T. ) ;
#2411 = FACE_OUTER_BOUND ( 'NONE', #1598, .T. ) ;
#2412 = CARTESIAN_POINT ( 'NONE',  ( 3.000000000000000000, 0.2094884505545622777, 0.8399999999999998579 ) ) ;
#2413 = ADVANCED_FACE ( 'NONE', ( #3558 ), #2897, .F. ) ;
#2414 = DIRECTION ( 'NONE',  ( -0.000000000000000000, -0.000000000000000000, -1.000000000000000000 ) ) ;
#2415 = EDGE_LOOP ( 'NONE', ( #283, #2235, #3196, #2345 ) ) ;
#2416 = LINE ( 'NONE', #2773, #3479 ) ;
#2417 = ORIENTED_EDGE ( 'NONE', *, *, #761, .F. ) ;
#2418 = DIRECTION ( 'NONE',  ( 4.425314989736754855E-17, 0.000000000000000000, -1.000000000000000000 ) ) ;
#2419 = ADVANCED_FACE ( 'NONE', ( #3960 ), #1116, .F. ) ;
#2420 = DIRECTION ( 'NONE',  ( 0.000000000000000000, 0.000000000000000000, 1.000000000000000000 ) ) ;
#2421 = CYLINDRICAL_SURFACE ( 'NONE', #3945, 0.2049999999999996825 ) ;
#2422 = ORIENTED_EDGE ( 'NONE', *, *, #1773, .T. ) ;
#2423 = ORIENTED_EDGE ( 'NONE', *, *, #13, .T. ) ;
#2424 = DIRECTION ( 'NONE',  ( -0.000000000000000000, -0.000000000000000000, -1.000000000000000000 ) ) ;
#2425 = EDGE_CURVE ( 'NONE', #2688, #1247, #709, .T. ) ;
#2426 = LINE ( 'NONE', #609, #3918 ) ;
#2427 = DIRECTION ( 'NONE',  ( 0.9975640502598247528, 0.06975647374411814150, -0.000000000000000000 ) ) ;
#2428 = DIRECTION ( 'NONE',  ( -0.000000000000000000, -0.000000000000000000, -1.000000000000000000 ) ) ;
#2429 = MANIFOLD_SOLID_BREP ( 'Boss-Extrude5', #2615 ) ;
#2430 = EDGE_LOOP ( 'NONE', ( #1119, #794, #1227, #1756 ) ) ;
#2431 = DIRECTION ( 'NONE',  ( 0.000000000000000000, 1.000000000000000000, 0.000000000000000000 ) ) ;
#2432 = CARTESIAN_POINT ( 'NONE',  ( 3.000000000000000000, 0.2094884505545622777, -0.8400000000000000799 ) ) ;
#2433 = CARTESIAN_POINT ( 'NONE',  ( 2.092256965349082787, 1.104999999999999538, 0.8399999999999998579 ) ) ;
#2434 = FACE_OUTER_BOUND ( 'NONE', #2045, .T. ) ;
#2435 = EDGE_CURVE ( 'NONE', #3473, #2605, #152, .T. ) ;
#2436 = DIRECTION ( 'NONE',  ( 0.06975647374411747537, -0.9975640502598247528, 0.000000000000000000 ) ) ;
#2437 = ORIENTED_EDGE ( 'NONE', *, *, #8, .T. ) ;
#2438 = ORIENTED_EDGE ( 'NONE', *, *, #3938, .T. ) ;
#2439 = FACE_OUTER_BOUND ( 'NONE', #4001, .T. ) ;
#2440 = DIRECTION ( 'NONE',  ( -1.000000000000000000, 9.145721643857650857E-15, -0.000000000000000000 ) ) ;
#2441 = CARTESIAN_POINT ( 'NONE',  ( 2.374200886599265647, 0.2683027059770082823, 0.8399999999999998579 ) ) ;
#2442 = ADVANCED_FACE ( 'NONE', ( #2671 ), #3901, .F. ) ;
#2443 = ORIENTED_EDGE ( 'NONE', *, *, #3307, .F. ) ;
#2444 = DIRECTION ( 'NONE',  ( -0.000000000000000000, -0.000000000000000000, -1.000000000000000000 ) ) ;
#2445 = DIRECTION ( 'NONE',  ( 6.097147762571766712E-15, -1.000000000000000000, 0.000000000000000000 ) ) ;
#2446 = FACE_OUTER_BOUND ( 'NONE', #3920, .T. ) ;
#2447 = ADVANCED_FACE ( 'NONE', ( #744, #2965 ), #879, .T. ) ;
#2448 = LINE ( 'NONE', #1235, #4084 ) ;
#2449 = ORIENTED_EDGE ( 'NONE', *, *, #2830, .F. ) ;
#2450 = VECTOR ( 'NONE', #3998, 1000.000000000000000 ) ;
#2451 = DIRECTION ( 'NONE',  ( 0.9975640502598247528, 0.06975647374411814150, -0.000000000000000000 ) ) ;
#2452 = LINE ( 'NONE', #904, #2463 ) ;
#2453 = ORIENTED_EDGE ( 'NONE', *, *, #3526, .T. ) ;
#2454 =( NAMED_UNIT ( * ) PLANE_ANGLE_UNIT ( ) SI_UNIT ( $, .RADIAN. ) );
#2455 = AXIS2_PLACEMENT_3D ( 'NONE', #3939, #728, #124 ) ;
#2456 = EDGE_CURVE ( 'NONE', #2355, #1569, #2770, .T. ) ;
#2457 = AXIS2_PLACEMENT_3D ( 'NONE', #2298, #1713, #3577 ) ;
#2458 = AXIS2_PLACEMENT_3D ( 'NONE', #3794, #652, #337 ) ;
#2459 = CARTESIAN_POINT ( 'NONE',  ( 3.000000000000000000, 0.2094884505545622777, -0.4300000000000002709 ) ) ;
#2460 = VERTEX_POINT ( 'NONE', #200 ) ;
#2461 = VECTOR ( 'NONE', #3394, 1000.000000000000000 ) ;
#2463 = VECTOR ( 'NONE', #2155, 1000.000000000000000 ) ;
#2462 = DIRECTION ( 'NONE',  ( 0.000000000000000000, 1.000000000000000000, 0.000000000000000000 ) ) ;
#2464 = ORIENTED_EDGE ( 'NONE', *, *, #923, .F. ) ;
#2465 = ORIENTED_EDGE ( 'NONE', *, *, #2614, .T. ) ;
#2466 = CARTESIAN_POINT ( 'NONE',  ( -1.950000000000000622, 1.105000000000000870, -0.8400000000000000799 ) ) ;
#2467 = AXIS2_PLACEMENT_3D ( 'NONE', #3320, #3259, #116 ) ;
#2468 = AXIS2_PLACEMENT_3D ( 'NONE', #1093, #1730, #475 ) ;
#2469 = CARTESIAN_POINT ( 'NONE',  ( 1.950000000000001066, 0.8950000000000007949, -1.700000000000000178 ) ) ;
#2470 = ORIENTED_EDGE ( 'NONE', *, *, #1661, .T. ) ;
#2471 = VECTOR ( 'NONE', #2353, 1000.000000000000000 ) ;
#2472 = ORIENTED_EDGE ( 'NONE', *, *, #2304, .T. ) ;
#2473 = DIRECTION ( 'NONE',  ( 0.000000000000000000, -1.000000000000000000, 0.000000000000000000 ) ) ;
#2474 = VECTOR ( 'NONE', #861, 1000.000000000000000 ) ;
#2475 = ADVANCED_FACE ( 'NONE', ( #177 ), #1768, .F. ) ;
#2476 = CARTESIAN_POINT ( 'NONE',  ( -2.319192456893480081, 0.8970519346069019129, -2.109999999999999876 ) ) ;
#2477 = DIRECTION ( 'NONE',  ( -1.000000000000000000, -6.097147762571766712E-15, 0.000000000000000000 ) ) ;
#2478 = FACE_OUTER_BOUND ( 'NONE', #3985, .T. ) ;
#2479 = ORIENTED_EDGE ( 'NONE', *, *, #761, .T. ) ;
#2480 = DIRECTION ( 'NONE',  ( -0.000000000000000000, -0.000000000000000000, -1.000000000000000000 ) ) ;
#2481 = DIRECTION ( 'NONE',  ( 0.000000000000000000, 0.000000000000000000, 1.000000000000000000 ) ) ;
#2482 = EDGE_CURVE ( 'NONE', #3111, #2738, #3197, .T. ) ;
#2483 = LINE ( 'NONE', #284, #3297 ) ;
#2484 = DIRECTION ( 'NONE',  ( 1.000000000000000000, 0.000000000000000000, 0.000000000000000000 ) ) ;
#2485 = LINE ( 'NONE', #3770, #2206 ) ;
#2486 = ORIENTED_EDGE ( 'NONE', *, *, #2686, .T. ) ;
#2487 = VERTEX_POINT ( 'NONE', #220 ) ;
#2488 = CARTESIAN_POINT ( 'NONE',  ( -2.109991570294214913, 0.8787492286298929089, 2.109999999999999876 ) ) ;
#2489 = ORIENTED_EDGE ( 'NONE', *, *, #3633, .T. ) ;
#2490 = CARTESIAN_POINT ( 'NONE',  ( -2.391935491544398218, 0.2698542828618181177, -1.700000000000000178 ) ) ;
#2491 = DIRECTION ( 'NONE',  ( -1.000000000000000000, 0.000000000000000000, 0.000000000000000000 ) ) ;
#2492 = VERTEX_POINT ( 'NONE', #2132 ) ;
#2493 = CARTESIAN_POINT ( 'NONE',  ( -1.950000000000000844, 1.105000000000000870, 1.700000000000000178 ) ) ;
#2494 = CARTESIAN_POINT ( 'NONE',  ( -1.950000000000000622, 1.105000000000000870, -0.4300000000000002709 ) ) ;
#2495 = LINE ( 'NONE', #2842, #3539 ) ;
#2496 = DIRECTION ( 'NONE',  ( -1.000000000000000000, 9.145721643857650857E-15, -0.000000000000000000 ) ) ;
#2497 = LINE ( 'NONE', #1256, #1225 ) ;
#2498 = ORIENTED_EDGE ( 'NONE', *, *, #1446, .T. ) ;
#2499 = CARTESIAN_POINT ( 'NONE',  ( -3.000000000000000000, 0.2094884505545626108, -1.700000000000000178 ) ) ;
#2500 = LINE ( 'NONE', #1851, #1746 ) ;
#2501 = ADVANCED_FACE ( 'NONE', ( #2411 ), #3001, .T. ) ;
#2502 = CARTESIAN_POINT ( 'NONE',  ( 2.376044803019505380, 0.04260684967794371725, -2.109999999999999876 ) ) ;
#2503 = ADVANCED_FACE ( 'NONE', ( #2689 ), #3023, .T. ) ;
#2504 = ORIENTED_EDGE ( 'NONE', *, *, #2890, .F. ) ;
#2505 = DIRECTION ( 'NONE',  ( 0.000000000000000000, 1.000000000000000000, 0.000000000000000000 ) ) ;
#2506 = DIRECTION ( 'NONE',  ( 0.000000000000000000, 1.000000000000000000, -0.000000000000000000 ) ) ;
#2507 = EDGE_LOOP ( 'NONE', ( #3749, #3333, #192, #1868 ) ) ;
#2508 = EDGE_CURVE ( 'NONE', #1408, #1736, #575, .T. ) ;
#2509 = ORIENTED_EDGE ( 'NONE', *, *, #3407, .T. ) ;
#2510 = DIRECTION ( 'NONE',  ( 0.06975647374411814150, 0.9975640502598247528, -0.000000000000000000 ) ) ;
#2511 = FACE_OUTER_BOUND ( 'NONE', #2351, .T. ) ;
#2512 = CARTESIAN_POINT ( 'NONE',  ( 3.000000000000000000, 0.2094884505545622777, -1.700000000000000178 ) ) ;
#2513 = LINE ( 'NONE', #3465, #3198 ) ;
#2514 = ORIENTED_EDGE ( 'NONE', *, *, #4003, .F. ) ;
#2515 = DIRECTION ( 'NONE',  ( -1.000000000000000000, 0.000000000000000000, 0.000000000000000000 ) ) ;
#2516 = CARTESIAN_POINT ( 'NONE',  ( 1.893569812025778898, 0.2500000000000006661, -2.393569812025778010 ) ) ;
#2517 = AXIS2_PLACEMENT_3D ( 'NONE', #2494, #2445, #3177 ) ;
#2518 = CARTESIAN_POINT ( 'NONE',  ( 2.109991570294214913, 0.8787492286298929089, -0.8400000000000000799 ) ) ;
#2519 = MANIFOLD_SOLID_BREP ( 'LPattern1[1]', #839 ) ;
#2520 = VECTOR ( 'NONE', #4104, 1000.000000000000000 ) ;
#2521 = EDGE_CURVE ( 'NONE', #442, #2605, #2386, .T. ) ;
#2522 =( NAMED_UNIT ( * ) PLANE_ANGLE_UNIT ( ) SI_UNIT ( $, .RADIAN. ) );
#2523 = CIRCLE ( 'NONE', #2194, 0.2049999999999996825 ) ;
#2524 = CARTESIAN_POINT ( 'NONE',  ( -1.949999999999999067, 1.105000000000000870, 2.449999999999999289 ) ) ;
#2525 = EDGE_CURVE ( 'NONE', #3084, #3858, #698, .T. ) ;
#2526 = CIRCLE ( 'NONE', #1812, 0.01780234825491788103 ) ;
#2527 = VECTOR ( 'NONE', #1455, 1000.000000000000000 ) ;
#2528 = ORIENTED_EDGE ( 'NONE', *, *, #1978, .T. ) ;
#2529 = VECTOR ( 'NONE', #1996, 1000.000000000000000 ) ;
#2530 = COLOUR_RGB ( '',1.000000000000000000, 1.000000000000000000, 1.000000000000000000 ) ;
#2531 = ORIENTED_EDGE ( 'NONE', *, *, #3325, .T. ) ;
#2532 = LINE ( 'NONE', #1907, #3118 ) ;
#2533 = AXIS2_PLACEMENT_3D ( 'NONE', #4043, #3724, #883 ) ;
#2534 = DIRECTION ( 'NONE',  ( 0.08715574274765874874, 0.9961946980917454342, -0.000000000000000000 ) ) ;
#2535 =( GEOMETRIC_REPRESENTATION_CONTEXT ( 3 ) GLOBAL_UNCERTAINTY_ASSIGNED_CONTEXT ( ( #3260 ) ) GLOBAL_UNIT_ASSIGNED_CONTEXT ( ( #490, #1500, #816 ) ) REPRESENTATION_CONTEXT ( 'NONE', 'WORKASPACE' ) );
#2536 = CARTESIAN_POINT ( 'NONE',  ( 2.376044803019505380, 0.04260684967794371725, -1.700000000000000178 ) ) ;
#2537 = CARTESIAN_POINT ( 'NONE',  ( 1.950000000000000844, 0.8950000000000007949, 2.109999999999999876 ) ) ;
#2538 = ORIENTED_EDGE ( 'NONE', *, *, #3840, .F. ) ;
#2539 = DIRECTION ( 'NONE',  ( 0.000000000000000000, 0.000000000000000000, 1.000000000000000000 ) ) ;
#2540 = DIRECTION ( 'NONE',  ( -1.000000000000000000, 0.000000000000000000, 0.000000000000000000 ) ) ;
#2541 = CARTESIAN_POINT ( 'NONE',  ( 1.950000000000001066, 1.105000000000000870, -1.700000000000000178 ) ) ;
#2542 = CARTESIAN_POINT ( 'NONE',  ( 3.000000000000000000, 0.2094884505545622777, -1.700000000000000178 ) ) ;
#2543 = CARTESIAN_POINT ( 'NONE',  ( 1.950000000000001066, 1.105000000000000870, -0.4300000000000002709 ) ) ;
#2544 = AXIS2_PLACEMENT_3D ( 'NONE', #1870, #1929, #659 ) ;
#2545 = ORIENTED_EDGE ( 'NONE', *, *, #29, .T. ) ;
#2546 = AXIS2_PLACEMENT_3D ( 'NONE', #259, #564, #2720 ) ;
#2547 = CARTESIAN_POINT ( 'NONE',  ( 1.950000000000000844, 1.105000000000000870, 2.109999999999999876 ) ) ;
#2548 = LINE ( 'NONE', #1962, #3408 ) ;
#2549 = EDGE_LOOP ( 'NONE', ( #2626, #3292, #3917, #2489 ) ) ;
#2550 = EDGE_LOOP ( 'NONE', ( #73, #3389, #705, #1508 ) ) ;
#2551 = LINE ( 'NONE', #2838, #1347 ) ;
#2552 = DIRECTION ( 'NONE',  ( 0.000000000000000000, 0.000000000000000000, 1.000000000000000000 ) ) ;
#2553 = MANIFOLD_SOLID_BREP ( 'LPattern1[4]', #908 ) ;
#2554 = ORIENTED_EDGE ( 'NONE', *, *, #2632, .T. ) ;
#2555 = EDGE_CURVE ( 'NONE', #2185, #3432, #1475, .T. ) ;
#2556 = CARTESIAN_POINT ( 'NONE',  ( 2.092256965349082787, 0.8771976517450829069, 0.8399999999999998579 ) ) ;
#2557 = EDGE_LOOP ( 'NONE', ( #2350, #3205, #1860, #1186 ) ) ;
#2558 = CARTESIAN_POINT ( 'NONE',  ( 1.950000000000001066, 1.105000000000000870, -0.8400000000000000799 ) ) ;
#2559 = CARTESIAN_POINT ( 'NONE',  ( -2.092256965349082787, 0.8950000000000007949, -0.4300000000000002709 ) ) ;
#2560 = CARTESIAN_POINT ( 'NONE',  ( 2.092256965349082787, 0.8771976517450829069, 0.4300000000000000488 ) ) ;
#2561 = ORIENTED_EDGE ( 'NONE', *, *, #3195, .F. ) ;
#2562 = ADVANCED_FACE ( 'NONE', ( #3448 ), #2875, .F. ) ;
#2563 = CARTESIAN_POINT ( 'NONE',  ( -2.092256965349082787, 0.8771976517450829069, -0.8400000000000000799 ) ) ;
#2564 = DIRECTION ( 'NONE',  ( 1.000000000000000000, 0.000000000000000000, 0.000000000000000000 ) ) ;
#2565 = LINE ( 'NONE', #3511, #3899 ) ;
#2566 = LINE ( 'NONE', #3853, #2146 ) ;
#2567 = MANIFOLD_SOLID_BREP ( 'Boss-Extrude4[1]', #1173 ) ;
#2568 = EDGE_LOOP ( 'NONE', ( #3726, #3231, #334, #3970, #3371, #1421, #1074, #943, #3132, #1426, #1874, #2363 ) ) ;
#2569 = DIRECTION ( 'NONE',  ( 0.06975647374411758639, 0.9975640502598247528, -0.000000000000000000 ) ) ;
#2570 = LINE ( 'NONE', #328, #1696 ) ;
#2571 = ORIENTED_EDGE ( 'NONE', *, *, #1683, .F. ) ;
#2572 = CARTESIAN_POINT ( 'NONE',  ( 2.092256965349082787, 0.8771976517450829069, 0.4300000000000000488 ) ) ;
#2573 = ADVANCED_FACE ( 'NONE', ( #907 ), #3185, .F. ) ;
#2574 = ORIENTED_EDGE ( 'NONE', *, *, #3486, .T. ) ;
#2575 = ORIENTED_EDGE ( 'NONE', *, *, #3182, .F. ) ;
#2576 = EDGE_LOOP ( 'NONE', ( #3298, #2648, #2619, #351 ) ) ;
#2577 = EDGE_CURVE ( 'NONE', #3647, #4027, #966, .T. ) ;
#2578 = DIRECTION ( 'NONE',  ( -0.06975647374411884927, -0.9975640502598247528, 0.000000000000000000 ) ) ;
#2579 = DIRECTION ( 'NONE',  ( 1.000000000000000000, 0.000000000000000000, 0.000000000000000000 ) ) ;
#2580 = CARTESIAN_POINT ( 'NONE',  ( -1.205055510833896504, 1.749999999999999334, -1.699999999999999067 ) ) ;
#2581 = DIRECTION ( 'NONE',  ( 0.000000000000000000, -0.000000000000000000, 1.000000000000000000 ) ) ;
#2582 = ORIENTED_EDGE ( 'NONE', *, *, #2927, .T. ) ;
#2583 = CARTESIAN_POINT ( 'NONE',  ( -3.000000000000000000, 0.2094884505545626108, -0.4300000000000002709 ) ) ;
#2584 = EDGE_CURVE ( 'NONE', #3353, #1507, #1930, .T. ) ;
#2585 = CARTESIAN_POINT ( 'NONE',  ( -1.949999999999999067, 1.749999999999999334, 2.393569812025778454 ) ) ;
#2586 = CARTESIAN_POINT ( 'NONE',  ( 2.109991570294214913, 0.8787492286298929089, -0.8400000000000000799 ) ) ;
#2587 = DIRECTION ( 'NONE',  ( -0.000000000000000000, -0.000000000000000000, -1.000000000000000000 ) ) ;
#2588 = CARTESIAN_POINT ( 'NONE',  ( 1.950000000000000178, 0.8950000000000007949, -2.449999999999998845 ) ) ;
#2589 = EDGE_CURVE ( 'NONE', #3594, #3509, #2500, .T. ) ;
#2590 = VERTEX_POINT ( 'NONE', #285 ) ;
#2591 = SURFACE_SIDE_STYLE ('',( #3266 ) ) ;
#2592 = FACE_OUTER_BOUND ( 'NONE', #1833, .T. ) ;
#2593 = CYLINDRICAL_SURFACE ( 'NONE', #4002, 0.2278023482549171308 ) ;
#2594 = CIRCLE ( 'NONE', #2005, 0.2278023482549169088 ) ;
#2595 = ORIENTED_EDGE ( 'NONE', *, *, #583, .T. ) ;
#2596 =( GEOMETRIC_REPRESENTATION_CONTEXT ( 3 ) GLOBAL_UNCERTAINTY_ASSIGNED_CONTEXT ( ( #2913 ) ) GLOBAL_UNIT_ASSIGNED_CONTEXT ( ( #3580, #1177, #2392 ) ) REPRESENTATION_CONTEXT ( 'NONE', 'WORKASPACE' ) );
#2597 = FACE_OUTER_BOUND ( 'NONE', #2284, .T. ) ;
#2598 = VERTEX_POINT ( 'NONE', #4081 ) ;
#2599 = VECTOR ( 'NONE', #2378, 1000.000000000000000 ) ;
#2600 = VECTOR ( 'NONE', #4051, 1000.000000000000000 ) ;
#2601 = ORIENTED_EDGE ( 'NONE', *, *, #1784, .F. ) ;
#2602 = CARTESIAN_POINT ( 'NONE',  ( 2.374200886599265647, 0.2683027059770082823, -0.4300000000000002709 ) ) ;
#2603 = CARTESIAN_POINT ( 'NONE',  ( 1.950000000000001066, 1.105000000000000870, -0.8400000000000000799 ) ) ;
#2604 = AXIS2_PLACEMENT_3D ( 'NONE', #2037, #760, #2017 ) ;
#2605 = VERTEX_POINT ( 'NONE', #366 ) ;
#2606 = AXIS2_PLACEMENT_3D ( 'NONE', #3043, #578, #1832 ) ;
#2607 = EDGE_CURVE ( 'NONE', #2605, #97, #2208, .T. ) ;
#2608 = VECTOR ( 'NONE', #3708, 1000.000000000000000 ) ;
#2609 = VECTOR ( 'NONE', #1499, 1000.000000000000000 ) ;
#2610 = CARTESIAN_POINT ( 'NONE',  ( -2.092256965349082787, 0.8950000000000007949, 0.8399999999999998579 ) ) ;
#2611 = DIRECTION ( 'NONE',  ( 1.000000000000000000, -0.000000000000000000, -0.000000000000000000 ) ) ;
#2612 = CARTESIAN_POINT ( 'NONE',  ( -2.165000000000000036, 0.2500000000000000555, -1.700000000000000178 ) ) ;
#2613 = CARTESIAN_POINT ( 'NONE',  ( -2.165000000000000036, 0.2500000000000000555, 0.8399999999999998579 ) ) ;
#2614 = EDGE_CURVE ( 'NONE', #2734, #1739, #2732, .T. ) ;
#2615 = CLOSED_SHELL ( 'NONE', ( #894, #2159, #755, #1505 ) ) ;
#2616 = ORIENTED_EDGE ( 'NONE', *, *, #2835, .F. ) ;
#2617 = ORIENTED_EDGE ( 'NONE', *, *, #3328, .F. ) ;
#2618 = DIRECTION ( 'NONE',  ( -0.000000000000000000, -0.000000000000000000, -1.000000000000000000 ) ) ;
#2619 = ORIENTED_EDGE ( 'NONE', *, *, #2632, .F. ) ;
#2620 = LINE ( 'NONE', #78, #1613 ) ;
#2621 = EDGE_LOOP ( 'NONE', ( #3007, #1706, #3776, #3453 ) ) ;
#2622 = VERTEX_POINT ( 'NONE', #25 ) ;
#2623 = DIRECTION ( 'NONE',  ( -0.08715574274765924834, -0.9961946980917454342, 0.000000000000000000 ) ) ;
#2624 = LINE ( 'NONE', #1989, #3596 ) ;
#2625 = FACE_OUTER_BOUND ( 'NONE', #80, .T. ) ;
#2626 = ORIENTED_EDGE ( 'NONE', *, *, #3601, .T. ) ;
#2627 = CARTESIAN_POINT ( 'NONE',  ( -2.319192456893480081, 0.8970519346069019129, -0.8400000000000000799 ) ) ;
#2628 = PLANE ( 'NONE',  #3471 ) ;
#2629 = LINE ( 'NONE', #2961, #2529 ) ;
#2630 = ORIENTED_EDGE ( 'NONE', *, *, #3938, .F. ) ;
#2631 = PRESENTATION_STYLE_ASSIGNMENT (( #706 ) ) ;
#2632 = EDGE_CURVE ( 'NONE', #2638, #3353, #1300, .T. ) ;
#2633 = LINE ( 'NONE', #3978, #1370 ) ;
#2634 = CARTESIAN_POINT ( 'NONE',  ( -2.390693662505769979, 0.2520953002325063697, -1.700000000000000178 ) ) ;
#2635 = EDGE_CURVE ( 'NONE', #2315, #1123, #969, .T. ) ;
#2636 = VERTEX_POINT ( 'NONE', #2310 ) ;
#2637 = DIRECTION ( 'NONE',  ( -1.000000000000000000, 0.000000000000000000, 0.000000000000000000 ) ) ;
#2638 = VERTEX_POINT ( 'NONE', #3592 ) ;
#2639 = DIRECTION ( 'NONE',  ( -0.000000000000000000, -1.000000000000000000, -0.000000000000000000 ) ) ;
#2640 = ADVANCED_FACE ( 'NONE', ( #1725 ), #71, .F. ) ;
#2641 = DIRECTION ( 'NONE',  ( -0.000000000000000000, -0.000000000000000000, -1.000000000000000000 ) ) ;
#2642 = CARTESIAN_POINT ( 'NONE',  ( 2.165000000000000036, 0.2500000000000000555, 0.8399999999999998579 ) ) ;
#2643 = ORIENTED_EDGE ( 'NONE', *, *, #781, .F. ) ;
#2644 = APPLICATION_CONTEXT ( 'automotive_design' ) ;
#2645 = DIRECTION ( 'NONE',  ( 0.08682659386424780579, -0.9924325091389669673, 0.08682659386424777803 ) ) ;
#2646 = CARTESIAN_POINT ( 'NONE',  ( -2.092256965349082787, 0.8950000000000007949, -0.8400000000000000799 ) ) ;
#2647 = CARTESIAN_POINT ( 'NONE',  ( 1.950000000000001066, 0.8950000000000007949, -1.700000000000000178 ) ) ;
#2648 = ORIENTED_EDGE ( 'NONE', *, *, #3166, .F. ) ;
#2649 = LINE ( 'NONE', #123, #3484 ) ;
#2650 = DIRECTION ( 'NONE',  ( -0.9975640502598247528, -0.06975647374411814150, 0.000000000000000000 ) ) ;
#2651 = EDGE_CURVE ( 'NONE', #309, #914, #1378, .T. ) ;
#2652 = DIRECTION ( 'NONE',  ( 1.000000000000000000, 0.000000000000000000, 0.000000000000000000 ) ) ;
#2653 = ORIENTED_EDGE ( 'NONE', *, *, #2890, .T. ) ;
#2654 = VERTEX_POINT ( 'NONE', #2646 ) ;
#2655 = CIRCLE ( 'NONE', #3331, 0.01780234825491788103 ) ;
#2656 = EDGE_CURVE ( 'NONE', #2734, #1172, #2566, .T. ) ;
#2657 = DIRECTION ( 'NONE',  ( 0.000000000000000000, 0.000000000000000000, 1.000000000000000000 ) ) ;
#2658 = CIRCLE ( 'NONE', #436, 0.01780234825491788103 ) ;
#2659 = PLANE ( 'NONE',  #563 ) ;
#2660 = ORIENTED_EDGE ( 'NONE', *, *, #3693, .F. ) ;
#2661 =( GEOMETRIC_REPRESENTATION_CONTEXT ( 3 ) GLOBAL_UNCERTAINTY_ASSIGNED_CONTEXT ( ( #1561 ) ) GLOBAL_UNIT_ASSIGNED_CONTEXT ( ( #1871, #2454, #1216 ) ) REPRESENTATION_CONTEXT ( 'NONE', 'WORKASPACE' ) );
#2662 = CIRCLE ( 'NONE', #2724, 0.01780234825491788103 ) ;
#2663 = EDGE_CURVE ( 'NONE', #1491, #3690, #1302, .T. ) ;
#2664 = DIRECTION ( 'NONE',  ( 0.06975647374411758639, 0.9975640502598247528, -0.000000000000000000 ) ) ;
#2665 = VECTOR ( 'NONE', #836, 1000.000000000000000 ) ;
#2666 = CYLINDRICAL_SURFACE ( 'NONE', #3739, 0.2278023482549171308 ) ;
#2667 = VECTOR ( 'NONE', #3021, 1000.000000000000000 ) ;
#2668 = LINE ( 'NONE', #134, #168 ) ;
#2669 = VERTEX_POINT ( 'NONE', #1708 ) ;
#2670 = AXIS2_PLACEMENT_3D ( 'NONE', #568, #899, #3675 ) ;
#2671 = FACE_OUTER_BOUND ( 'NONE', #2934, .T. ) ;
#2672 = DIRECTION ( 'NONE',  ( -0.000000000000000000, 0.000000000000000000, -1.000000000000000000 ) ) ;
#2673 = AXIS2_PLACEMENT_3D ( 'NONE', #804, #2042, #1439 ) ;
#2674 = AXIS2_PLACEMENT_3D ( 'NONE', #346, #3429, #660 ) ;
#2675 = DIRECTION ( 'NONE',  ( 0.000000000000000000, 0.000000000000000000, 1.000000000000000000 ) ) ;
#2676 = ORIENTED_EDGE ( 'NONE', *, *, #930, .T. ) ;
#2677 = CIRCLE ( 'NONE', #452, 0.01780234825491788103 ) ;
#2678 = ORIENTED_EDGE ( 'NONE', *, *, #3944, .F. ) ;
#2679 = ORIENTED_EDGE ( 'NONE', *, *, #2346, .F. ) ;
#2680 = ORIENTED_EDGE ( 'NONE', *, *, #2966, .T. ) ;
#2681 = DIRECTION ( 'NONE',  ( 1.000000000000000000, 0.000000000000000000, 0.000000000000000000 ) ) ;
#2682 = EDGE_CURVE ( 'NONE', #146, #1723, #455, .T. ) ;
#2683 = ORIENTED_EDGE ( 'NONE', *, *, #3788, .T. ) ;
#2684 = DIRECTION ( 'NONE',  ( 0.000000000000000000, 0.000000000000000000, 1.000000000000000000 ) ) ;
#2685 = LINE ( 'NONE', #1128, #2070 ) ;
#2686 = EDGE_CURVE ( 'NONE', #2355, #262, #2894, .T. ) ;
#2687 = LINE ( 'NONE', #414, #1487 ) ;
#2688 = VERTEX_POINT ( 'NONE', #1338 ) ;
#2689 = FACE_OUTER_BOUND ( 'NONE', #3308, .T. ) ;
#2690 = FACE_OUTER_BOUND ( 'NONE', #1644, .T. ) ;
#2691 = DIRECTION ( 'NONE',  ( -0.000000000000000000, -0.000000000000000000, -1.000000000000000000 ) ) ;
#2692 = ORIENTED_EDGE ( 'NONE', *, *, #1532, .T. ) ;
#2693 = ORIENTED_EDGE ( 'NONE', *, *, #1240, .F. ) ;
#2694 = VERTEX_POINT ( 'NONE', #699 ) ;
#2695 = DIRECTION ( 'NONE',  ( 1.000000000000000000, 0.000000000000000000, 0.000000000000000000 ) ) ;
#2696 = DIRECTION ( 'NONE',  ( -1.000000000000000000, 0.000000000000000000, 0.000000000000000000 ) ) ;
#2697 = ORIENTED_EDGE ( 'NONE', *, *, #1605, .F. ) ;
#2698 = LINE ( 'NONE', #1798, #156 ) ;
#2699 = VECTOR ( 'NONE', #1923, 1000.000000000000000 ) ;
#2700 = EDGE_CURVE ( 'NONE', #2774, #4027, #1356, .T. ) ;
#2701 = PLANE ( 'NONE',  #2876 ) ;
#2702 = DIRECTION ( 'NONE',  ( 0.08715574274765874874, -0.9961946980917454342, 0.000000000000000000 ) ) ;
#2703 = DIRECTION ( 'NONE',  ( -0.000000000000000000, -0.000000000000000000, -1.000000000000000000 ) ) ;
#2704 = ORIENTED_EDGE ( 'NONE', *, *, #3526, .F. ) ;
#2705 = EDGE_CURVE ( 'NONE', #1460, #3261, #394, .T. ) ;
#2706 = CARTESIAN_POINT ( 'NONE',  ( -2.376044803019505380, 0.04260684967794371725, 2.109999999999999876 ) ) ;
#2707 = CARTESIAN_POINT ( 'NONE',  ( -2.109991570294214913, 0.8787492286298929089, 0.8399999999999998579 ) ) ;
#2708 = DIRECTION ( 'NONE',  ( 0.9975640502598247528, 0.06975647374411818313, 0.000000000000000000 ) ) ;
#2709 = EDGE_CURVE ( 'NONE', #1744, #2694, #703, .T. ) ;
#2710 = ORIENTED_EDGE ( 'NONE', *, *, #1912, .F. ) ;
#2711 = CARTESIAN_POINT ( 'NONE',  ( -2.391935491544398218, 0.2698542828618181177, -1.700000000000000178 ) ) ;
#2712 = CARTESIAN_POINT ( 'NONE',  ( -1.950000000000000622, 1.105000000000000870, -2.109999999999999876 ) ) ;
#2713 = EDGE_LOOP ( 'NONE', ( #3579, #3384, #2443, #1735 ) ) ;
#2714 = VERTEX_POINT ( 'NONE', #3258 ) ;
#2715 = DIRECTION ( 'NONE',  ( -0.9961946980917455452, -0.08715574274765877649, 0.000000000000000000 ) ) ;
#2716 = DIRECTION ( 'NONE',  ( 0.000000000000000000, 1.000000000000000000, -0.000000000000000000 ) ) ;
#2717 = VECTOR ( 'NONE', #2401, 1000.000000000000000 ) ;
#2718 = ORIENTED_EDGE ( 'NONE', *, *, #3153, .T. ) ;
#2719 = CARTESIAN_POINT ( 'NONE',  ( -2.390693662505769979, 0.2520953002325063697, -0.4300000000000002709 ) ) ;
#2720 = DIRECTION ( 'NONE',  ( 0.000000000000000000, -0.000000000000000000, 1.000000000000000000 ) ) ;
#2721 = LINE ( 'NONE', #3360, #3275 ) ;
#2722 = CARTESIAN_POINT ( 'NONE',  ( -2.376044803019505380, 0.04260684967794371725, -0.4300000000000002709 ) ) ;
#2723 = ORIENTED_EDGE ( 'NONE', *, *, #3291, .T. ) ;
#2724 = AXIS2_PLACEMENT_3D ( 'NONE', #1168, #3391, #834 ) ;
#2725 = AXIS2_PLACEMENT_3D ( 'NONE', #868, #1795, #1324 ) ;
#2726 = AXIS2_PLACEMENT_3D ( 'NONE', #2106, #2506, #2420 ) ;
#2727 = LINE ( 'NONE', #2365, #1959 ) ;
#2728 = FILL_AREA_STYLE ('',( #1520 ) ) ;
#2729 = EDGE_CURVE ( 'NONE', #95, #3351, #470, .T. ) ;
#2730 = VECTOR ( 'NONE', #1774, 1000.000000000000000 ) ;
#2731 = SURFACE_STYLE_FILL_AREA ( #2751 ) ;
#2732 = CIRCLE ( 'NONE', #901, 0.2278023482549169088 ) ;
#2733 =( NAMED_UNIT ( * ) SI_UNIT ( $, .STERADIAN. ) SOLID_ANGLE_UNIT ( ) );
#2734 = VERTEX_POINT ( 'NONE', #1975 ) ;
#2735 = ORIENTED_EDGE ( 'NONE', *, *, #446, .T. ) ;
#2736 = PLANE ( 'NONE',  #3997 ) ;
#2737 = LINE ( 'NONE', #1631, #1622 ) ;
#2738 = VERTEX_POINT ( 'NONE', #2938 ) ;
#2739 = UNCERTAINTY_MEASURE_WITH_UNIT (LENGTH_MEASURE( 1.000000000000000082E-05 ), #2024, 'distance_accuracy_value', 'NONE');
#2740 = ORIENTED_EDGE ( 'NONE', *, *, #4067, .T. ) ;
#2741 = LINE ( 'NONE', #4032, #2072 ) ;
#2742 = CIRCLE ( 'NONE', #3494, 0.2278023482549169088 ) ;
#2743 = DIRECTION ( 'NONE',  ( -0.06975647374411884927, -0.9975640502598247528, 0.000000000000000000 ) ) ;
#2744 = CARTESIAN_POINT ( 'NONE',  ( -2.319192456893480081, 0.8970519346069019129, -2.109999999999999876 ) ) ;
#2745 = CARTESIAN_POINT ( 'NONE',  ( -2.376044803019505380, 0.04260684967794371725, -0.4300000000000002709 ) ) ;
#2746 = ORIENTED_EDGE ( 'NONE', *, *, #3153, .F. ) ;
#2747 = EDGE_CURVE ( 'NONE', #3975, #4086, #1320, .T. ) ;
#2748 = CARTESIAN_POINT ( 'NONE',  ( -1.205055510833896504, 1.649999999999999245, -1.904999999999998694 ) ) ;
#2749 = CARTESIAN_POINT ( 'NONE',  ( 1.950000000000001066, 1.105000000000000870, -1.700000000000000178 ) ) ;
#2750 = CARTESIAN_POINT ( 'NONE',  ( -0.1630532621813005623, 3.202002248652593863, -2.266536075854525212 ) ) ;
#2751 = FILL_AREA_STYLE ('',( #2057 ) ) ;
#2752 = DIRECTION ( 'NONE',  ( -0.9975640502598247528, -0.06975647374411818313, 0.000000000000000000 ) ) ;
#2753 = EDGE_CURVE ( 'NONE', #2738, #1584, #1032, .T. ) ;
#2754 = EDGE_LOOP ( 'NONE', ( #3397, #2793, #4098, #1504 ) ) ;
#2755 = FACE_OUTER_BOUND ( 'NONE', #216, .T. ) ;
#2756 = PLANE ( 'NONE',  #817 ) ;
#2757 = ADVANCED_FACE ( 'NONE', ( #3553 ), #3240, .T. ) ;
#2758 = CARTESIAN_POINT ( 'NONE',  ( 2.391935491544398218, 0.2698542828618181177, 0.8399999999999998579 ) ) ;
#2759 = VERTEX_POINT ( 'NONE', #1664 ) ;
#2760 = ORIENTED_EDGE ( 'NONE', *, *, #347, .F. ) ;
#2761 = CARTESIAN_POINT ( 'NONE',  ( 3.000000000000000000, 0.2094884505545622777, -2.109999999999999876 ) ) ;
#2762 = ADVANCED_FACE ( 'NONE', ( #2911 ), #2628, .F. ) ;
#2763 = CARTESIAN_POINT ( 'NONE',  ( -1.949999999999999067, 1.105000000000000870, 2.449999999999999289 ) ) ;
#2764 = CARTESIAN_POINT ( 'NONE',  ( 1.950000000000001066, 0.8950000000000007949, -0.8400000000000000799 ) ) ;
#2765 = DIRECTION ( 'NONE',  ( -0.000000000000000000, -0.000000000000000000, -1.000000000000000000 ) ) ;
#2766 = ORIENTED_EDGE ( 'NONE', *, *, #2435, .F. ) ;
#2767 = DIRECTION ( 'NONE',  ( -1.000000000000000000, 0.000000000000000000, 0.000000000000000000 ) ) ;
#2768 = CARTESIAN_POINT ( 'NONE',  ( -2.109991570294214913, 0.8787492286298929089, -1.700000000000000178 ) ) ;
#2769 = DIRECTION ( 'NONE',  ( 0.06975647374411814150, 0.9975640502598247528, -0.000000000000000000 ) ) ;
#2770 = LINE ( 'NONE', #3402, #3070 ) ;
#2771 = DIRECTION ( 'NONE',  ( 1.000000000000000000, 0.000000000000000000, 0.000000000000000000 ) ) ;
#2772 = CARTESIAN_POINT ( 'NONE',  ( 2.092256965349082787, 0.8771976517450829069, -1.700000000000000178 ) ) ;
#2773 = CARTESIAN_POINT ( 'NONE',  ( -3.000000000000000000, 0.2094884505545626108, -2.109999999999999876 ) ) ;
#2774 = VERTEX_POINT ( 'NONE', #1072 ) ;
#2775 = ORIENTED_EDGE ( 'NONE', *, *, #81, .F. ) ;
#2776 = EDGE_CURVE ( 'NONE', #587, #1541, #633, .T. ) ;
#2777 = LINE ( 'NONE', #3774, #2128 ) ;
#2778 = DIRECTION ( 'NONE',  ( 0.06975647374411814150, 0.9975640502598247528, -0.000000000000000000 ) ) ;
#2779 = VERTEX_POINT ( 'NONE', #3304 ) ;
#2780 = EDGE_CURVE ( 'NONE', #502, #2636, #1496, .T. ) ;
#2781 = DIRECTION ( 'NONE',  ( -0.000000000000000000, -0.000000000000000000, -1.000000000000000000 ) ) ;
#2782 = CARTESIAN_POINT ( 'NONE',  ( -2.390693662505769979, 0.2520953002325063697, -0.4300000000000002709 ) ) ;
#2783 = LINE ( 'NONE', #1595, #1686 ) ;
#2784 = LINE ( 'NONE', #2745, #3881 ) ;
#2785 = ORIENTED_EDGE ( 'NONE', *, *, #2807, .F. ) ;
#2786 = EDGE_CURVE ( 'NONE', #498, #3493, #1406, .T. ) ;
#2787 = AXIS2_PLACEMENT_3D ( 'NONE', #734, #1389, #1640 ) ;
#2788 = DIRECTION ( 'NONE',  ( 1.000000000000000000, 0.000000000000000000, -2.224004456380522396E-16 ) ) ;
#2789 = CARTESIAN_POINT ( 'NONE',  ( -3.000000000000000000, 0.2094884505545626108, 1.700000000000000178 ) ) ;
#2790 = VECTOR ( 'NONE', #1983, 1000.000000000000000 ) ;
#2791 = VECTOR ( 'NONE', #1111, 1000.000000000000000 ) ;
#2792 = AXIS2_PLACEMENT_3D ( 'NONE', #66, #1335, #2268 ) ;
#2793 = ORIENTED_EDGE ( 'NONE', *, *, #2077, .F. ) ;
#2794 = AXIS2_PLACEMENT_3D ( 'NONE', #3507, #3163, #1925 ) ;
#2795 = VECTOR ( 'NONE', #3002, 1000.000000000000114 ) ;
#2796 = ORIENTED_EDGE ( 'NONE', *, *, #3375, .T. ) ;
#2797 = VERTEX_POINT ( 'NONE', #1801 ) ;
#2798 = LINE ( 'NONE', #1936, #3334 ) ;
#2799 = CARTESIAN_POINT ( 'NONE',  ( 2.109991570294214913, 0.8787492286298929089, -1.700000000000000178 ) ) ;
#2800 = AXIS2_PLACEMENT_3D ( 'NONE', #3916, #3955, #3573 ) ;
#2801 = MECHANICAL_DESIGN_GEOMETRIC_PRESENTATION_REPRESENTATION (  '', ( #1042 ), #239 ) ;
#2802 = EDGE_CURVE ( 'NONE', #301, #1221, #2112, .T. ) ;
#2803 = EDGE_LOOP ( 'NONE', ( #2260, #3629, #3702, #2486 ) ) ;
#2804 = AXIS2_PLACEMENT_3D ( 'NONE', #1875, #1525, #1199 ) ;
#2805 = ORIENTED_EDGE ( 'NONE', *, *, #2927, .F. ) ;
#2806 =( GEOMETRIC_REPRESENTATION_CONTEXT ( 3 ) GLOBAL_UNCERTAINTY_ASSIGNED_CONTEXT ( ( #740 ) ) GLOBAL_UNIT_ASSIGNED_CONTEXT ( ( #1363, #1040, #1413 ) ) REPRESENTATION_CONTEXT ( 'NONE', 'WORKASPACE' ) );
#2807 = EDGE_CURVE ( 'NONE', #2229, #1090, #1765, .T. ) ;
#2808 = DIRECTION ( 'NONE',  ( 1.327594496921026210E-16, 0.000000000000000000, 1.000000000000000000 ) ) ;
#2809 = VECTOR ( 'NONE', #1337, 1000.000000000000000 ) ;
#2810 = DIRECTION ( 'NONE',  ( 0.9975640502598247528, 0.06975647374411818313, 0.000000000000000000 ) ) ;
#2811 = CARTESIAN_POINT ( 'NONE',  ( 1.950000000000000844, 1.105000000000000870, 0.8399999999999998579 ) ) ;
#2812 = PLANE ( 'NONE',  #3670 ) ;
#2813 = VERTEX_POINT ( 'NONE', #811 ) ;
#2814 = VECTOR ( 'NONE', #3107, 1000.000000000000114 ) ;
#2815 = EDGE_CURVE ( 'NONE', #1633, #634, #797, .T. ) ;
#2816 = CARTESIAN_POINT ( 'NONE',  ( -2.092256965349082787, 0.8771976517450829069, 0.4300000000000000488 ) ) ;
#2817 = DIRECTION ( 'NONE',  ( -0.000000000000000000, -0.000000000000000000, -1.000000000000000000 ) ) ;
#2818 = ADVANCED_FACE ( 'NONE', ( #4034 ), #3016, .F. ) ;
#2819 = VERTEX_POINT ( 'NONE', #3055 ) ;
#2820 = CARTESIAN_POINT ( 'NONE',  ( -2.985351140513735402, -1.554929984311652099E-18, -1.700000000000000178 ) ) ;
#2821 = ORIENTED_EDGE ( 'NONE', *, *, #1567, .T. ) ;
#2822 = CARTESIAN_POINT ( 'NONE',  ( -2.390693662505769979, 0.2520953002325063697, 0.4300000000000000488 ) ) ;
#2823 = UNCERTAINTY_MEASURE_WITH_UNIT (LENGTH_MEASURE( 1.000000000000000082E-05 ), #1217, 'distance_accuracy_value', 'NONE');
#2824 = ORIENTED_EDGE ( 'NONE', *, *, #514, .F. ) ;
#2825 = DIRECTION ( 'NONE',  ( -0.000000000000000000, -0.000000000000000000, -1.000000000000000000 ) ) ;
#2826 = DIRECTION ( 'NONE',  ( -0.06975647374411758639, -0.9975640502598247528, 0.000000000000000000 ) ) ;
#2827 = DIRECTION ( 'NONE',  ( -0.000000000000000000, 0.000000000000000000, -1.000000000000000000 ) ) ;
#2828 = DIRECTION ( 'NONE',  ( 0.000000000000000000, 0.000000000000000000, 1.000000000000000000 ) ) ;
#2829 = ORIENTED_EDGE ( 'NONE', *, *, #2882, .F. ) ;
#2830 = EDGE_CURVE ( 'NONE', #1968, #3913, #1432, .T. ) ;
#2831 = CYLINDRICAL_SURFACE ( 'NONE', #2136, 0.01780234825491788103 ) ;
#2832 = LINE ( 'NONE', #2789, #1961 ) ;
#2833 = DIRECTION ( 'NONE',  ( -1.000000000000000000, 0.000000000000000000, 0.000000000000000000 ) ) ;
#2834 = DIRECTION ( 'NONE',  ( -1.327594496921026210E-16, -0.000000000000000000, -1.000000000000000000 ) ) ;
#2835 = EDGE_CURVE ( 'NONE', #1786, #3836, #195, .T. ) ;
#2836 = FILL_AREA_STYLE_COLOUR ( '', #444 ) ;
#2837 = ORIENTED_EDGE ( 'NONE', *, *, #3971, .F. ) ;
#2838 = CARTESIAN_POINT ( 'NONE',  ( -2.376044803019505380, 0.04260684967794371725, 0.8399999999999998579 ) ) ;
#2839 = ORIENTED_EDGE ( 'NONE', *, *, #1829, .T. ) ;
#2840 = ORIENTED_EDGE ( 'NONE', *, *, #1784, .T. ) ;
#2841 = PLANE ( 'NONE',  #1937 ) ;
#2842 = CARTESIAN_POINT ( 'NONE',  ( 2.109991570294214913, 0.8787492286298929089, 0.4300000000000000488 ) ) ;
#2843 = LINE ( 'NONE', #3464, #1161 ) ;
#2844 = LINE ( 'NONE', #3781, #93 ) ;
#2845 = ORIENTED_EDGE ( 'NONE', *, *, #3256, .F. ) ;
#2846 = DIRECTION ( 'NONE',  ( 0.08715574274765874874, 0.9961946980917454342, -0.000000000000000000 ) ) ;
#2847 = DIRECTION ( 'NONE',  ( 0.000000000000000000, 0.000000000000000000, 1.000000000000000000 ) ) ;
#2848 = ADVANCED_FACE ( 'NONE', ( #1191 ), #2666, .T. ) ;
#2849 = EDGE_CURVE ( 'NONE', #3570, #1108, #3954, .T. ) ;
#2850 = VECTOR ( 'NONE', #690, 1000.000000000000000 ) ;
#2851 = PLANE ( 'NONE',  #235 ) ;
#2852 = AXIS2_PLACEMENT_3D ( 'NONE', #3986, #1448, #1188 ) ;
#2853 = DIRECTION ( 'NONE',  ( -0.000000000000000000, -0.000000000000000000, -1.000000000000000000 ) ) ;
#2854 = EDGE_CURVE ( 'NONE', #140, #112, #510, .T. ) ;
#2855 = CARTESIAN_POINT ( 'NONE',  ( -3.000000000000000000, 0.2094884505545626108, -1.700000000000000178 ) ) ;
#2856 = VERTEX_POINT ( 'NONE', #1451 ) ;
#2857 = VECTOR ( 'NONE', #3583, 1000.000000000000000 ) ;
#2858 = CARTESIAN_POINT ( 'NONE',  ( 2.319192456893480525, 0.8970519346069010247, -0.4300000000000002709 ) ) ;
#2859 = VECTOR ( 'NONE', #2257, 1000.000000000000000 ) ;
#2860 = AXIS2_PLACEMENT_3D ( 'NONE', #2902, #2672, #3541 ) ;
#2861 = EDGE_CURVE ( 'NONE', #183, #3975, #858, .T. ) ;
#2862 = CARTESIAN_POINT ( 'NONE',  ( -2.319192456893480081, 0.8970519346069019129, 1.700000000000000178 ) ) ;
#2863 = ORIENTED_EDGE ( 'NONE', *, *, #1333, .F. ) ;
#2864 = VECTOR ( 'NONE', #3760, 1000.000000000000000 ) ;
#2865 = VERTEX_POINT ( 'NONE', #1170 ) ;
#2866 = CARTESIAN_POINT ( 'NONE',  ( 2.376044803019505380, 0.04260684967794371725, 0.4300000000000000488 ) ) ;
#2867 = DIRECTION ( 'NONE',  ( 0.000000000000000000, 0.000000000000000000, 1.000000000000000000 ) ) ;
#2868 = DIRECTION ( 'NONE',  ( 1.000000000000000000, -9.145721643857650857E-15, 0.000000000000000000 ) ) ;
#2869 = CARTESIAN_POINT ( 'NONE',  ( 2.985351140513735402, -1.554929984311652099E-18, 2.109999999999999876 ) ) ;
#2870 = ORIENTED_EDGE ( 'NONE', *, *, #1178, .T. ) ;
#2871 = VECTOR ( 'NONE', #2231, 1000.000000000000227 ) ;
#2872 = CARTESIAN_POINT ( 'NONE',  ( 1.950000000000001066, 1.105000000000000870, -0.4300000000000002709 ) ) ;
#2873 = CARTESIAN_POINT ( 'NONE',  ( -2.376044803019505380, 0.04260684967794371725, 0.8399999999999998579 ) ) ;
#2874 = LINE ( 'NONE', #639, #2814 ) ;
#2875 = PLANE ( 'NONE',  #887 ) ;
#2876 = AXIS2_PLACEMENT_3D ( 'NONE', #1127, #2090, #857 ) ;
#2877 = EDGE_CURVE ( 'NONE', #1541, #1675, #2348, .T. ) ;
#2878 = CARTESIAN_POINT ( 'NONE',  ( -2.109991570294214913, 0.8787492286298929089, 1.700000000000000178 ) ) ;
#2879 = DIRECTION ( 'NONE',  ( -1.000000000000000000, 0.000000000000000000, 0.000000000000000000 ) ) ;
#2880 = ORIENTED_EDGE ( 'NONE', *, *, #529, .T. ) ;
#2881 = DIRECTION ( 'NONE',  ( -1.000000000000000000, 0.000000000000000000, 0.000000000000000000 ) ) ;
#2882 = EDGE_CURVE ( 'NONE', #3346, #3521, #486, .T. ) ;
#2883 = ORIENTED_EDGE ( 'NONE', *, *, #446, .F. ) ;
#2884 = EDGE_CURVE ( 'NONE', #914, #727, #1742, .T. ) ;
#2885 = ORIENTED_EDGE ( 'NONE', *, *, #3350, .F. ) ;
#2886 = CARTESIAN_POINT ( 'NONE',  ( -1.205055510833896504, 1.749999999999999334, -1.699999999999999067 ) ) ;
#2887 = DIRECTION ( 'NONE',  ( -1.000000000000000000, 0.000000000000000000, 0.000000000000000000 ) ) ;
#2888 = DIRECTION ( 'NONE',  ( 0.000000000000000000, 1.000000000000000000, 0.000000000000000000 ) ) ;
#2889 = ORIENTED_EDGE ( 'NONE', *, *, #1485, .T. ) ;
#2890 = EDGE_CURVE ( 'NONE', #3139, #1412, #2685, .T. ) ;
#2891 = CARTESIAN_POINT ( 'NONE',  ( 2.391935491544398218, 0.2698542828618181177, -1.700000000000000178 ) ) ;
#2892 = LINE ( 'NONE', #3238, #2928 ) ;
#2893 = DIRECTION ( 'NONE',  ( -1.000000000000000000, 0.000000000000000000, 0.000000000000000000 ) ) ;
#2894 = LINE ( 'NONE', #1054, #3211 ) ;
#2895 = LINE ( 'NONE', #3575, #1550 ) ;
#2896 = ORIENTED_EDGE ( 'NONE', *, *, #344, .F. ) ;
#2897 = CYLINDRICAL_SURFACE ( 'NONE', #3282, 0.01780234825491788103 ) ;
#2898 = CARTESIAN_POINT ( 'NONE',  ( -2.985351140513735402, -1.554929984311652099E-18, 0.4300000000000000488 ) ) ;
#2899 = EDGE_LOOP ( 'NONE', ( #3582, #2643, #2004, #2422 ) ) ;
#2900 = CARTESIAN_POINT ( 'NONE',  ( -2.391935491544398218, 0.2698542828618181177, 1.700000000000000178 ) ) ;
#2901 = CARTESIAN_POINT ( 'NONE',  ( 2.391935491544398218, 0.2698542828618181177, 0.4300000000000000488 ) ) ;
#2902 = CARTESIAN_POINT ( 'NONE',  ( 2.092256965349082787, 0.8771976517450829069, 1.700000000000000178 ) ) ;
#2903 = ORIENTED_EDGE ( 'NONE', *, *, #2982, .T. ) ;
#2904 = EDGE_CURVE ( 'NONE', #383, #1786, #543, .T. ) ;
#2905 = ORIENTED_EDGE ( 'NONE', *, *, #2508, .T. ) ;
#2906 = LINE ( 'NONE', #1970, #2850 ) ;
#2907 = EDGE_CURVE ( 'NONE', #3858, #3754, #2721, .T. ) ;
#2908 = CARTESIAN_POINT ( 'NONE',  ( 2.165000000000000036, 0.2500000000000000555, -0.4300000000000002709 ) ) ;
#2909 = VERTEX_POINT ( 'NONE', #526 ) ;
#2910 = CARTESIAN_POINT ( 'NONE',  ( 2.092256965349082787, 0.8771976517450829069, -0.8400000000000000799 ) ) ;
#2911 = FACE_OUTER_BOUND ( 'NONE', #2549, .T. ) ;
#2912 = CARTESIAN_POINT ( 'NONE',  ( 3.000000000000000000, 0.2094884505545622777, -0.4300000000000002709 ) ) ;
#2913 = UNCERTAINTY_MEASURE_WITH_UNIT (LENGTH_MEASURE( 1.000000000000000082E-05 ), #3580, 'distance_accuracy_value', 'NONE');
#2914 = ADVANCED_BREP_SHAPE_REPRESENTATION ( 'ACS712ELCTR20AT', ( #2567, #2519, #3828, #2380, #1194, #2553, #3962, #2402, #1137, #2429, #1563 ), #2280 ) ;
#2915 = DIRECTION ( 'NONE',  ( -0.08715574274765873486, 0.9961946980917454342, 0.000000000000000000 ) ) ;
#2916 = ORIENTED_EDGE ( 'NONE', *, *, #3693, .T. ) ;
#2917 = SURFACE_STYLE_USAGE ( .BOTH. , #2591 ) ;
#2918 = AXIS2_PLACEMENT_3D ( 'NONE', #82, #1348, #3890 ) ;
#2919 = DIRECTION ( 'NONE',  ( 0.08715574274765874874, 0.9961946980917454342, -0.000000000000000000 ) ) ;
#2920 = ORIENTED_EDGE ( 'NONE', *, *, #903, .F. ) ;
#2921 = PRESENTATION_STYLE_ASSIGNMENT (( #420 ) ) ;
#2922 = VECTOR ( 'NONE', #1790, 1000.000000000000000 ) ;
#2923 = AXIS2_PLACEMENT_3D ( 'NONE', #2490, #1590, #3457 ) ;
#2924 = ORIENTED_EDGE ( 'NONE', *, *, #1754, .T. ) ;
#2925 = ORIENTED_EDGE ( 'NONE', *, *, #775, .F. ) ;
#2926 = CIRCLE ( 'NONE', #2725, 0.2049999999999996825 ) ;
#2927 = EDGE_CURVE ( 'NONE', #3106, #2973, #2169, .T. ) ;
#2928 = VECTOR ( 'NONE', #411, 1000.000000000000000 ) ;
#2929 = EDGE_CURVE ( 'NONE', #1247, #1193, #2783, .T. ) ;
#2930 = VERTEX_POINT ( 'NONE', #3759 ) ;
#2931 = DIRECTION ( 'NONE',  ( 0.08715574274765837404, 0.9961946980917455452, 0.000000000000000000 ) ) ;
#2932 = CARTESIAN_POINT ( 'NONE',  ( 1.950000000000001066, 1.105000000000000870, -0.4300000000000002709 ) ) ;
#2933 = VECTOR ( 'NONE', #1334, 1000.000000000000000 ) ;
#2934 = EDGE_LOOP ( 'NONE', ( #1760, #3368, #3956, #4005 ) ) ;
#2935 = AXIS2_PLACEMENT_3D ( 'NONE', #1141, #829, #1720 ) ;
#2936 = ADVANCED_FACE ( 'NONE', ( #2511 ), #4054, .F. ) ;
#2937 = FACE_OUTER_BOUND ( 'NONE', #2713, .T. ) ;
#2938 = CARTESIAN_POINT ( 'NONE',  ( -2.319192456893480081, 0.8970519346069019129, -0.4300000000000002709 ) ) ;
#2939 = FACE_OUTER_BOUND ( 'NONE', #877, .T. ) ;
#2940 = DIRECTION ( 'NONE',  ( -1.000000000000000000, 0.000000000000000000, 0.000000000000000000 ) ) ;
#2941 = EDGE_CURVE ( 'NONE', #1193, #3627, #1888, .T. ) ;
#2942 = CLOSED_SHELL ( 'NONE', ( #977, #1184, #1148, #1112, #1984, #3643, #4073, #1311, #2936, #3992, #326, #275, #1473, #263 ) ) ;
#2943 = VERTEX_POINT ( 'NONE', #281 ) ;
#2944 = DIRECTION ( 'NONE',  ( -0.000000000000000000, -0.000000000000000000, -1.000000000000000000 ) ) ;
#2945 = AXIS2_PLACEMENT_3D ( 'NONE', #3870, #2012, #1071 ) ;
#2946 = CARTESIAN_POINT ( 'NONE',  ( 2.165000000000000036, 0.2500000000000000555, -1.700000000000000178 ) ) ;
#2947 = VECTOR ( 'NONE', #2053, 1000.000000000000114 ) ;
#2948 = DIRECTION ( 'NONE',  ( -1.000000000000000000, 0.000000000000000000, 0.000000000000000000 ) ) ;
#2949 = EDGE_CURVE ( 'NONE', #1336, #1584, #300, .T. ) ;
#2950 = CIRCLE ( 'NONE', #2544, 0.2278023482549169088 ) ;
#2951 = ORIENTED_EDGE ( 'NONE', *, *, #184, .F. ) ;
#2952 = DIRECTION ( 'NONE',  ( 0.9975640502598247528, -0.06975647374411814150, 0.000000000000000000 ) ) ;
#2953 = ORIENTED_EDGE ( 'NONE', *, *, #3328, .T. ) ;
#2954 = FACE_OUTER_BOUND ( 'NONE', #1130, .T. ) ;
#2955 = CARTESIAN_POINT ( 'NONE',  ( 2.376044803019505380, 0.04260684967794371725, -1.700000000000000178 ) ) ;
#2956 = DIRECTION ( 'NONE',  ( 0.9975640502598248638, 0.06975647374411748924, -0.000000000000000000 ) ) ;
#2957 = VERTEX_POINT ( 'NONE', #610 ) ;
#2958 = FACE_OUTER_BOUND ( 'NONE', #1630, .T. ) ;
#2959 = PLANE ( 'NONE',  #841 ) ;
#2960 = CARTESIAN_POINT ( 'NONE',  ( -1.205055510833896504, 1.649999999999999245, -1.904999999999998694 ) ) ;
#2961 = CARTESIAN_POINT ( 'NONE',  ( -2.390693662505769979, 0.2520953002325063697, 0.8399999999999998579 ) ) ;
#2962 = VERTEX_POINT ( 'NONE', #3442 ) ;
#2963 = ADVANCED_FACE ( 'NONE', ( #3120 ), #1556, .F. ) ;
#2964 = ORIENTED_EDGE ( 'NONE', *, *, #2044, .F. ) ;
#2965 = FACE_OUTER_BOUND ( 'NONE', #422, .T. ) ;
#2966 = EDGE_CURVE ( 'NONE', #1441, #2242, #3162, .T. ) ;
#2967 = DIRECTION ( 'NONE',  ( -0.06975647374411747537, 0.9975640502598247528, 0.000000000000000000 ) ) ;
#2968 = ORIENTED_EDGE ( 'NONE', *, *, #4003, .T. ) ;
#2969 = ORIENTED_EDGE ( 'NONE', *, *, #135, .T. ) ;
#2970 = CARTESIAN_POINT ( 'NONE',  ( -2.092256965349082787, 0.8771976517450829069, 0.8399999999999998579 ) ) ;
#2971 = CARTESIAN_POINT ( 'NONE',  ( -2.092256965349082787, 0.8771976517450829069, 2.109999999999999876 ) ) ;
#2972 = CARTESIAN_POINT ( 'NONE',  ( -2.165000000000000036, 0.2500000000000000555, 2.109999999999999876 ) ) ;
#2973 = VERTEX_POINT ( 'NONE', #940 ) ;
#2974 = DIRECTION ( 'NONE',  ( 0.000000000000000000, 0.000000000000000000, -1.000000000000000000 ) ) ;
#2975 = DIRECTION ( 'NONE',  ( 6.097147762571766712E-15, -1.000000000000000000, 0.000000000000000000 ) ) ;
#2976 = CARTESIAN_POINT ( 'NONE',  ( -2.376044803019505380, 0.04260684967794371725, 2.109999999999999876 ) ) ;
#2977 = ORIENTED_EDGE ( 'NONE', *, *, #2589, .T. ) ;
#2978 = EDGE_CURVE ( 'NONE', #3346, #301, #2207, .T. ) ;
#2979 = VERTEX_POINT ( 'NONE', #1254 ) ;
#2980 = DIRECTION ( 'NONE',  ( 0.06975647374411758639, 0.9975640502598247528, -0.000000000000000000 ) ) ;
#2981 = PLANE ( 'NONE',  #3271 ) ;
#2982 = EDGE_CURVE ( 'NONE', #3365, #1139, #2495, .T. ) ;
#2983 = ORIENTED_EDGE ( 'NONE', *, *, #3950, .T. ) ;
#2984 = VERTEX_POINT ( 'NONE', #1577 ) ;
#2985 = CIRCLE ( 'NONE', #1804, 0.01780234825491788103 ) ;
#2986 = ADVANCED_FACE ( 'NONE', ( #1824 ), #1291, .F. ) ;
#2987 = AXIS2_PLACEMENT_3D ( 'NONE', #2900, #1043, #2881 ) ;
#2988 = DIRECTION ( 'NONE',  ( -0.000000000000000000, 0.000000000000000000, -1.000000000000000000 ) ) ;
#2989 = EDGE_LOOP ( 'NONE', ( #736, #741, #991, #465 ) ) ;
#2990 = VECTOR ( 'NONE', #4101, 1000.000000000000000 ) ;
#2991 = VECTOR ( 'NONE', #2834, 1000.000000000000000 ) ;
#2992 = CARTESIAN_POINT ( 'NONE',  ( 1.950000000000000844, 1.105000000000000870, 2.109999999999999876 ) ) ;
#2993 = VECTOR ( 'NONE', #2534, 1000.000000000000114 ) ;
#2994 = CARTESIAN_POINT ( 'NONE',  ( -1.950000000000000844, 1.105000000000000870, 0.8399999999999998579 ) ) ;
#2995 = VECTOR ( 'NONE', #2190, 1000.000000000000000 ) ;
#2996 = DIRECTION ( 'NONE',  ( -0.000000000000000000, -0.000000000000000000, -1.000000000000000000 ) ) ;
#2997 = ORIENTED_EDGE ( 'NONE', *, *, #3957, .F. ) ;
#2998 = VECTOR ( 'NONE', #784, 1000.000000000000000 ) ;
#2999 = CIRCLE ( 'NONE', #898, 0.2278023482549171308 ) ;
#3000 = DIRECTION ( 'NONE',  ( -0.9975640502598247528, 0.06975647374411814150, 0.000000000000000000 ) ) ;
#3001 = PLANE ( 'NONE',  #246 ) ;
#3002 = DIRECTION ( 'NONE',  ( -0.08682659386424779191, -0.9924325091389669673, -0.08682659386424777803 ) ) ;
#3003 = STYLED_ITEM ( 'NONE', ( #3154 ), #3828 ) ;
#3005 = VECTOR ( 'NONE', #3062, 1000.000000000000000 ) ;
#3004 = LINE ( 'NONE', #180, #3416 ) ;
#3006 = EDGE_LOOP ( 'NONE', ( #354, #646, #1881, #612, #1198, #3965, #2107, #984, #3516, #3793, #2766, #3046 ) ) ;
#3007 = ORIENTED_EDGE ( 'NONE', *, *, #2607, .T. ) ;
#3008 = EDGE_CURVE ( 'NONE', #2813, #4045, #1534, .T. ) ;
#3009 = CARTESIAN_POINT ( 'NONE',  ( 2.319192456893480525, 0.8970519346069010247, -1.700000000000000178 ) ) ;
#3010 = ORIENTED_EDGE ( 'NONE', *, *, #1636, .T. ) ;
#3011 = PLANE ( 'NONE',  #1688 ) ;
#3012 = VERTEX_POINT ( 'NONE', #1844 ) ;
#3013 = EDGE_CURVE ( 'NONE', #2636, #1442, #2, .T. ) ;
#3014 = LINE ( 'NONE', #193, #496 ) ;
#3015 = PLANE ( 'NONE',  #2546 ) ;
#3016 = PLANE ( 'NONE',  #163 ) ;
#3017 = CARTESIAN_POINT ( 'NONE',  ( -2.391935491544398218, 0.2698542828618181177, -1.700000000000000178 ) ) ;
#3018 = CARTESIAN_POINT ( 'NONE',  ( 1.950000000000001066, 1.105000000000000870, -2.109999999999999876 ) ) ;
#3019 = ORIENTED_EDGE ( 'NONE', *, *, #2555, .T. ) ;
#3020 = ADVANCED_FACE ( 'NONE', ( #3081 ), #3797, .F. ) ;
#3021 = DIRECTION ( 'NONE',  ( -0.000000000000000000, -0.000000000000000000, -1.000000000000000000 ) ) ;
#3022 = LINE ( 'NONE', #3401, #3150 ) ;
#3023 = PLANE ( 'NONE',  #158 ) ;
#3024 = DIRECTION ( 'NONE',  ( 0.000000000000000000, 0.000000000000000000, 1.000000000000000000 ) ) ;
#3025 = CARTESIAN_POINT ( 'NONE',  ( -2.390693662505769979, 0.2520953002325061476, -2.109999999999999876 ) ) ;
#3026 = CYLINDRICAL_SURFACE ( 'NONE', #1555, 0.01780234825491788103 ) ;
#3027 = EDGE_LOOP ( 'NONE', ( #43, #3435, #1025, #2889 ) ) ;
#3028 = ORIENTED_EDGE ( 'NONE', *, *, #1610, .T. ) ;
#3029 = DIRECTION ( 'NONE',  ( -0.000000000000000000, -0.000000000000000000, -1.000000000000000000 ) ) ;
#3030 = EDGE_CURVE ( 'NONE', #3351, #2930, #4072, .T. ) ;
#3031 = DIRECTION ( 'NONE',  ( -0.9975640502598247528, -0.06975647374411814150, 0.000000000000000000 ) ) ;
#3032 = ORIENTED_EDGE ( 'NONE', *, *, #1661, .F. ) ;
#3033 = LINE ( 'NONE', #1466, #955 ) ;
#3034 = EDGE_CURVE ( 'NONE', #1052, #1336, #260, .T. ) ;
#3035 = CARTESIAN_POINT ( 'NONE',  ( 2.165000000000000036, 0.2500000000000000555, 2.109999999999999876 ) ) ;
#3036 = CARTESIAN_POINT ( 'NONE',  ( -1.950000000000000844, 1.105000000000000870, 0.8399999999999998579 ) ) ;
#3037 = LINE ( 'NONE', #197, #565 ) ;
#3038 = ORIENTED_EDGE ( 'NONE', *, *, #1136, .T. ) ;
#3039 = VERTEX_POINT ( 'NONE', #2764 ) ;
#3040 = DIRECTION ( 'NONE',  ( 0.06975647374411747537, -0.9975640502598247528, 0.000000000000000000 ) ) ;
#3041 = SURFACE_SIDE_STYLE ('',( #1714 ) ) ;
#3042 = DIRECTION ( 'NONE',  ( 0.000000000000000000, 1.000000000000000000, 0.000000000000000000 ) ) ;
#3043 = CARTESIAN_POINT ( 'NONE',  ( 2.390693662505769979, 0.2520953002325064252, 0.8399999999999998579 ) ) ;
#3044 = DIRECTION ( 'NONE',  ( -0.000000000000000000, -0.000000000000000000, -1.000000000000000000 ) ) ;
#3045 = ORIENTED_EDGE ( 'NONE', *, *, #463, .T. ) ;
#3046 = ORIENTED_EDGE ( 'NONE', *, *, #3742, .F. ) ;
#3047 = DIRECTION ( 'NONE',  ( 0.000000000000000000, 0.000000000000000000, -1.000000000000000000 ) ) ;
#3048 = CARTESIAN_POINT ( 'NONE',  ( -2.092256965349082787, 1.104999999999999982, 2.109999999999999876 ) ) ;
#3049 = VECTOR ( 'NONE', #3609, 1000.000000000000000 ) ;
#3050 = ORIENTED_EDGE ( 'NONE', *, *, #367, .F. ) ;
#3051 = CYLINDRICAL_SURFACE ( 'NONE', #1682, 0.2278023482549169088 ) ;
#3052 = PRODUCT_RELATED_PRODUCT_CATEGORY ( 'part', '', ( #662 ) ) ;
#3053 = AXIS2_PLACEMENT_3D ( 'NONE', #2219, #667, #3173 ) ;
#3054 = FACE_OUTER_BOUND ( 'NONE', #3790, .T. ) ;
#3055 = CARTESIAN_POINT ( 'NONE',  ( -2.165000000000000036, 0.2500000000000000555, 0.4300000000000000488 ) ) ;
#3056 = DIRECTION ( 'NONE',  ( -0.9975640502598246417, 0.06975647374411883539, -0.000000000000000000 ) ) ;
#3057 = ORIENTED_EDGE ( 'NONE', *, *, #1010, .F. ) ;
#3058 = VECTOR ( 'NONE', #625, 1000.000000000000114 ) ;
#3059 = ADVANCED_FACE ( 'NONE', ( #2446 ), #3735, .F. ) ;
#3060 = CIRCLE ( 'NONE', #495, 0.2049999999999996825 ) ;
#3061 = VECTOR ( 'NONE', #1438, 1000.000000000000000 ) ;
#3062 = DIRECTION ( 'NONE',  ( -0.000000000000000000, -0.000000000000000000, -1.000000000000000000 ) ) ;
#3063 = SURFACE_STYLE_FILL_AREA ( #2097 ) ;
#3064 = VECTOR ( 'NONE', #3241, 1000.000000000000114 ) ;
#3065 = STYLED_ITEM ( 'NONE', ( #2631 ), #2429 ) ;
#3066 = EDGE_CURVE ( 'NONE', #1573, #474, #3060, .T. ) ;
#3067 = CARTESIAN_POINT ( 'NONE',  ( 2.319192456893480525, 0.8970519346069010247, 0.4300000000000000488 ) ) ;
#3068 = CARTESIAN_POINT ( 'NONE',  ( -2.390693662505769979, 0.2520953002325061476, 2.109999999999999876 ) ) ;
#3069 = CIRCLE ( 'NONE', #1364, 0.01780234825491788103 ) ;
#3070 = VECTOR ( 'NONE', #3040, 1000.000000000000227 ) ;
#3071 = ORIENTED_EDGE ( 'NONE', *, *, #3919, .F. ) ;
#3072 = EDGE_CURVE ( 'NONE', #961, #593, #1203, .T. ) ;
#3073 = CARTESIAN_POINT ( 'NONE',  ( -2.374200886599265647, 0.2683027059770077827, -0.4300000000000002709 ) ) ;
#3074 = CARTESIAN_POINT ( 'NONE',  ( -2.165000000000000036, 0.2500000000000000555, -0.8400000000000000799 ) ) ;
#3075 = ORIENTED_EDGE ( 'NONE', *, *, #3773, .T. ) ;
#3076 = VERTEX_POINT ( 'NONE', #3171 ) ;
#3077 = CIRCLE ( 'NONE', #4029, 0.01780234825491788103 ) ;
#3078 = CARTESIAN_POINT ( 'NONE',  ( -2.374200886599265647, 0.2683027059770077827, -1.700000000000000178 ) ) ;
#3079 = VECTOR ( 'NONE', #3239, 1000.000000000000000 ) ;
#3080 = CARTESIAN_POINT ( 'NONE',  ( 2.092256965349082787, 0.8771976517450829069, -2.109999999999999876 ) ) ;
#3081 = FACE_OUTER_BOUND ( 'NONE', #713, .T. ) ;
#3082 = PLANE ( 'NONE',  #1816 ) ;
#3083 = ORIENTED_EDGE ( 'NONE', *, *, #3182, .T. ) ;
#3084 = VERTEX_POINT ( 'NONE', #1511 ) ;
#3085 = ORIENTED_EDGE ( 'NONE', *, *, #139, .F. ) ;
#3086 = DIRECTION ( 'NONE',  ( 1.000000000000000000, 0.000000000000000000, 0.000000000000000000 ) ) ;
#3087 = EDGE_CURVE ( 'NONE', #961, #754, #255, .T. ) ;
#3088 = CARTESIAN_POINT ( 'NONE',  ( 2.391935491544398218, 0.2698542828618181177, -0.8400000000000000799 ) ) ;
#3089 =( NAMED_UNIT ( * ) PLANE_ANGLE_UNIT ( ) SI_UNIT ( $, .RADIAN. ) );
#3090 = DIRECTION ( 'NONE',  ( -0.000000000000000000, -0.000000000000000000, -1.000000000000000000 ) ) ;
#3091 = CARTESIAN_POINT ( 'NONE',  ( -3.000000000000000000, 0.2094884505545626108, 0.4300000000000000488 ) ) ;
#3092 = VERTEX_POINT ( 'NONE', #3712 ) ;
#3093 = EDGE_CURVE ( 'NONE', #474, #1573, #2926, .T. ) ;
#3094 = ORIENTED_EDGE ( 'NONE', *, *, #1799, .T. ) ;
#3095 = ORIENTED_EDGE ( 'NONE', *, *, #3311, .T. ) ;
#3096 = CARTESIAN_POINT ( 'NONE',  ( -1.950000000000000622, 1.105000000000000870, -2.109999999999999876 ) ) ;
#3097 = ORIENTED_EDGE ( 'NONE', *, *, #2802, .T. ) ;
#3098 = DIRECTION ( 'NONE',  ( 1.000000000000000000, -0.000000000000000000, -2.224004456380522396E-16 ) ) ;
#3099 = ORIENTED_EDGE ( 'NONE', *, *, #1107, .T. ) ;
#3100 = ORIENTED_EDGE ( 'NONE', *, *, #3532, .F. ) ;
#3101 = DIRECTION ( 'NONE',  ( -0.000000000000000000, -0.000000000000000000, -1.000000000000000000 ) ) ;
#3102 = LINE ( 'NONE', #590, #17 ) ;
#3103 = CARTESIAN_POINT ( 'NONE',  ( 1.950000000000000844, 1.105000000000000870, 2.449999999999998401 ) ) ;
#3104 = CARTESIAN_POINT ( 'NONE',  ( -2.109991570294214913, 0.8787492286298929089, -1.700000000000000178 ) ) ;
#3105 = ORIENTED_EDGE ( 'NONE', *, *, #2176, .T. ) ;
#3106 = VERTEX_POINT ( 'NONE', #3074 ) ;
#3107 = DIRECTION ( 'NONE',  ( -0.9975640502598246417, 0.06975647374411883539, -0.000000000000000000 ) ) ;
#3108 = DIRECTION ( 'NONE',  ( 0.000000000000000000, 0.000000000000000000, 1.000000000000000000 ) ) ;
#3109 = ADVANCED_FACE ( 'NONE', ( #2216 ), #2421, .F. ) ;
#3110 = ORIENTED_EDGE ( 'NONE', *, *, #3686, .F. ) ;
#3111 = VERTEX_POINT ( 'NONE', #889 ) ;
#3112 = ORIENTED_EDGE ( 'NONE', *, *, #681, .F. ) ;
#3113 = PLANE ( 'NONE',  #2133 ) ;
#3114 = EDGE_CURVE ( 'NONE', #313, #4086, #3856, .T. ) ;
#3115 = ORIENTED_EDGE ( 'NONE', *, *, #1284, .T. ) ;
#3116 = ORIENTED_EDGE ( 'NONE', *, *, #1201, .T. ) ;
#3117 = ADVANCED_FACE ( 'NONE', ( #31 ), #2236, .F. ) ;
#3118 = VECTOR ( 'NONE', #1208, 1000.000000000000000 ) ;
#3119 = DIRECTION ( 'NONE',  ( -1.000000000000000000, 9.145721643857650857E-15, -0.000000000000000000 ) ) ;
#3120 = FACE_OUTER_BOUND ( 'NONE', #2430, .T. ) ;
#3121 = CARTESIAN_POINT ( 'NONE',  ( -3.000000000000000000, 0.2094884505545626108, -2.109999999999999876 ) ) ;
#3122 = DIRECTION ( 'NONE',  ( 0.000000000000000000, 1.000000000000000000, 0.000000000000000000 ) ) ;
#3123 = VERTEX_POINT ( 'NONE', #4064 ) ;
#3124 = AXIS2_PLACEMENT_3D ( 'NONE', #339, #3441, #1516 ) ;
#3125 = FACE_OUTER_BOUND ( 'NONE', #59, .T. ) ;
#3126 = DIRECTION ( 'NONE',  ( 0.06975647374411814150, 0.9975640502598247528, -0.000000000000000000 ) ) ;
#3127 = CYLINDRICAL_SURFACE ( 'NONE', #1047, 0.2278023482549171308 ) ;
#3128 = STYLED_ITEM ( 'NONE', ( #515 ), #1194 ) ;
#3129 = SURFACE_STYLE_USAGE ( .BOTH. , #1872 ) ;
#3130 = AXIS2_PLACEMENT_3D ( 'NONE', #1762, #2088, #2122 ) ;
#3131 = PLANE ( 'NONE',  #3540 ) ;
#3132 = ORIENTED_EDGE ( 'NONE', *, *, #701, .F. ) ;
#3133 = VECTOR ( 'NONE', #3056, 1000.000000000000114 ) ;
#3134 = FILL_AREA_STYLE_COLOUR ( '', #2278 ) ;
#3135 = ORIENTED_EDGE ( 'NONE', *, *, #681, .T. ) ;
#3136 = FACE_OUTER_BOUND ( 'NONE', #3290, .T. ) ;
#3137 = VECTOR ( 'NONE', #1325, 1000.000000000000000 ) ;
#3138 = ORIENTED_EDGE ( 'NONE', *, *, #2296, .T. ) ;
#3139 = VERTEX_POINT ( 'NONE', #372 ) ;
#3140 = EDGE_CURVE ( 'NONE', #3123, #3249, #2142, .T. ) ;
#3141 = MECHANICAL_DESIGN_GEOMETRIC_PRESENTATION_REPRESENTATION (  '', ( #3958 ), #1243 ) ;
#3142 = EDGE_LOOP ( 'NONE', ( #1837, #672, #2370, #3967 ) ) ;
#3143 = CLOSED_SHELL ( 'NONE', ( #3757, #2762, #405, #3020, #2196, #2640, #3430, #2963, #451, #76, #786, #3460, #2757, #2419 ) ) ;
#3144 = DIRECTION ( 'NONE',  ( -1.000000000000000000, -0.000000000000000000, 2.224004456380522396E-16 ) ) ;
#3145 = DIRECTION ( 'NONE',  ( -0.000000000000000000, -0.000000000000000000, -1.000000000000000000 ) ) ;
#3146 = EDGE_CURVE ( 'NONE', #4036, #3755, #960, .T. ) ;
#3147 = CARTESIAN_POINT ( 'NONE',  ( -2.092256965349082787, 0.8771976517450829069, -1.700000000000000178 ) ) ;
#3148 = CARTESIAN_POINT ( 'NONE',  ( -2.092256965349082787, 0.8950000000000007949, -1.700000000000000178 ) ) ;
#3149 = EDGE_LOOP ( 'NONE', ( #519, #3235, #890, #850, #1592, #1461, #3841, #3032, #1395, #1465, #2114, #1381 ) ) ;
#3150 = VECTOR ( 'NONE', #574, 1000.000000000000000 ) ;
#3151 = CARTESIAN_POINT ( 'NONE',  ( -2.374200886599265647, 0.2683027059770077827, 2.109999999999999876 ) ) ;
#3152 =( NAMED_UNIT ( * ) SI_UNIT ( $, .STERADIAN. ) SOLID_ANGLE_UNIT ( ) );
#3153 = EDGE_CURVE ( 'NONE', #313, #961, #98, .T. ) ;
#3154 = PRESENTATION_STYLE_ASSIGNMENT (( #642 ) ) ;
#3155 = ORIENTED_EDGE ( 'NONE', *, *, #875, .T. ) ;
#3156 = DIRECTION ( 'NONE',  ( 0.08682659386424777803, -0.9924325091389669673, -0.08682659386424780579 ) ) ;
#3157 = DIRECTION ( 'NONE',  ( -1.000000000000000000, 0.000000000000000000, 0.000000000000000000 ) ) ;
#3158 = VERTEX_POINT ( 'NONE', #3048 ) ;
#3159 = VERTEX_POINT ( 'NONE', #664 ) ;
#3160 = LINE ( 'NONE', #3487, #1809 ) ;
#3161 = DIRECTION ( 'NONE',  ( -0.08715574274765876261, 0.9961946980917454342, -0.000000000000000000 ) ) ;
#3162 = LINE ( 'NONE', #4095, #2264 ) ;
#3163 = DIRECTION ( 'NONE',  ( 0.000000000000000000, 0.000000000000000000, 1.000000000000000000 ) ) ;
#3164 = CARTESIAN_POINT ( 'NONE',  ( -1.950000000000000622, 1.105000000000000870, -1.700000000000000178 ) ) ;
#3165 = ORIENTED_EDGE ( 'NONE', *, *, #724, .F. ) ;
#3166 = EDGE_CURVE ( 'NONE', #3353, #146, #586, .T. ) ;
#3167 = DIRECTION ( 'NONE',  ( 1.000000000000000000, 0.000000000000000000, 0.000000000000000000 ) ) ;
#3168 = CARTESIAN_POINT ( 'NONE',  ( -1.950000000000000844, 0.8950000000000007949, 2.109999999999999876 ) ) ;
#3169 = EDGE_CURVE ( 'NONE', #936, #79, #4030, .T. ) ;
#3170 = ORIENTED_EDGE ( 'NONE', *, *, #800, .F. ) ;
#3171 = CARTESIAN_POINT ( 'NONE',  ( 2.376044803019505380, 0.04260684967794371725, 0.8399999999999998579 ) ) ;
#3172 = CYLINDRICAL_SURFACE ( 'NONE', #4017, 0.01780234825491788103 ) ;
#3173 = DIRECTION ( 'NONE',  ( -1.000000000000000000, 0.000000000000000000, 0.000000000000000000 ) ) ;
#3174 = ORIENTED_EDGE ( 'NONE', *, *, #201, .F. ) ;
#3175 = ORIENTED_EDGE ( 'NONE', *, *, #3873, .T. ) ;
#3176 = ORIENTED_EDGE ( 'NONE', *, *, #1836, .F. ) ;
#3177 = DIRECTION ( 'NONE',  ( 1.000000000000000000, 6.097147762571766712E-15, 0.000000000000000000 ) ) ;
#3178 = DIRECTION ( 'NONE',  ( 0.000000000000000000, 1.000000000000000000, 0.000000000000000000 ) ) ;
#3179 = DIRECTION ( 'NONE',  ( -0.000000000000000000, -0.000000000000000000, -1.000000000000000000 ) ) ;
#3180 = DIRECTION ( 'NONE',  ( -1.000000000000000000, -6.097147762571766712E-15, 0.000000000000000000 ) ) ;
#3181 = VERTEX_POINT ( 'NONE', #3517 ) ;
#3182 = EDGE_CURVE ( 'NONE', #2046, #2239, #2526, .T. ) ;
#3183 = CARTESIAN_POINT ( 'NONE',  ( -2.376044803019505380, 0.04260684967794371725, 0.4300000000000000488 ) ) ;
#3184 = DIRECTION ( 'NONE',  ( 0.9975640502598247528, -0.06975647374411814150, 0.000000000000000000 ) ) ;
#3185 = PLANE ( 'NONE',  #2674 ) ;
#3186 = LINE ( 'NONE', #2542, #1951 ) ;
#3187 = AXIS2_PLACEMENT_3D ( 'NONE', #867, #3385, #536 ) ;
#3188 = EDGE_CURVE ( 'NONE', #1854, #3843, #1304, .T. ) ;
#3189 = LINE ( 'NONE', #1977, #230 ) ;
#3190 = FACE_OUTER_BOUND ( 'NONE', #3377, .T. ) ;
#3191 = AXIS2_PLACEMENT_3D ( 'NONE', #2572, #3880, #712 ) ;
#3192 = ORIENTED_EDGE ( 'NONE', *, *, #1280, .T. ) ;
#3193 = CARTESIAN_POINT ( 'NONE',  ( 2.319192456893480525, 0.8970519346069010247, 2.109999999999999876 ) ) ;
#3194 = FACE_OUTER_BOUND ( 'NONE', #169, .T. ) ;
#3195 = EDGE_CURVE ( 'NONE', #1429, #1187, #4049, .T. ) ;
#3196 = ORIENTED_EDGE ( 'NONE', *, *, #1992, .F. ) ;
#3197 = CIRCLE ( 'NONE', #508, 0.2278023482549169088 ) ;
#3198 = VECTOR ( 'NONE', #632, 1000.000000000000000 ) ;
#3199 = CARTESIAN_POINT ( 'NONE',  ( -2.165000000000000036, 0.2500000000000000555, 1.700000000000000178 ) ) ;
#3200 = AXIS2_PLACEMENT_3D ( 'NONE', #722, #3934, #413 ) ;
#3201 = AXIS2_PLACEMENT_3D ( 'NONE', #1662, #453, #87 ) ;
#3202 = DIRECTION ( 'NONE',  ( -1.000000000000000000, 0.000000000000000000, 0.000000000000000000 ) ) ;
#3203 = EDGE_LOOP ( 'NONE', ( #3208, #404, #3832, #1422 ) ) ;
#3204 = EDGE_CURVE ( 'NONE', #1968, #2962, #1489, .T. ) ;
#3205 = ORIENTED_EDGE ( 'NONE', *, *, #1636, .F. ) ;
#3206 = AXIS2_PLACEMENT_3D ( 'NONE', #691, #2827, #2227 ) ;
#3207 = AXIS2_PLACEMENT_3D ( 'NONE', #1237, #4037, #2767 ) ;
#3208 = ORIENTED_EDGE ( 'NONE', *, *, #2849, .T. ) ;
#3209 = DIRECTION ( 'NONE',  ( -1.000000000000000000, 0.000000000000000000, 0.000000000000000000 ) ) ;
#3210 = CIRCLE ( 'NONE', #2804, 0.01780234825491788103 ) ;
#3211 = VECTOR ( 'NONE', #2293, 1000.000000000000000 ) ;
#3212 = DIRECTION ( 'NONE',  ( -0.000000000000000000, -0.000000000000000000, -1.000000000000000000 ) ) ;
#3213 = DIRECTION ( 'NONE',  ( 0.9975640502598247528, -0.06975647374411814150, 0.000000000000000000 ) ) ;
#3214 = ORIENTED_EDGE ( 'NONE', *, *, #2089, .T. ) ;
#3215 = VECTOR ( 'NONE', #1748, 1000.000000000000227 ) ;
#3216 = AXIS2_PLACEMENT_3D ( 'NONE', #154, #1076, #136 ) ;
#3217 = VECTOR ( 'NONE', #3802, 1000.000000000000000 ) ;
#3218 = PLANE ( 'NONE',  #106 ) ;
#3219 = CARTESIAN_POINT ( 'NONE',  ( -2.376044803019505380, 0.04260684967794371725, -0.8400000000000000799 ) ) ;
#3220 = DIRECTION ( 'NONE',  ( 1.000000000000000000, -0.000000000000000000, -0.000000000000000000 ) ) ;
#3221 = LINE ( 'NONE', #1008, #1623 ) ;
#3222 = CARTESIAN_POINT ( 'NONE',  ( 2.109991570294214913, 0.8787492286298929089, 0.8399999999999998579 ) ) ;
#3223 = AXIS2_PLACEMENT_3D ( 'NONE', #2816, #965, #1241 ) ;
#3224 = CARTESIAN_POINT ( 'NONE',  ( -1.205055510833896504, 1.649999999999999245, -1.699999999999999067 ) ) ;
#3225 = EDGE_CURVE ( 'NONE', #3855, #917, #2737, .T. ) ;
#3226 = DIRECTION ( 'NONE',  ( -0.000000000000000000, -0.000000000000000000, -1.000000000000000000 ) ) ;
#3227 = DIRECTION ( 'NONE',  ( -0.000000000000000000, 1.000000000000000000, -0.000000000000000000 ) ) ;
#3228 = VERTEX_POINT ( 'NONE', #2878 ) ;
#3229 = DIRECTION ( 'NONE',  ( -0.000000000000000000, -0.000000000000000000, -1.000000000000000000 ) ) ;
#3230 = ADVANCED_FACE ( 'NONE', ( #57 ), #90, .F. ) ;
#3231 = ORIENTED_EDGE ( 'NONE', *, *, #3225, .F. ) ;
#3232 = EDGE_LOOP ( 'NONE', ( #1400, #799, #1916, #2676 ) ) ;
#3233 = CARTESIAN_POINT ( 'NONE',  ( 2.391935491544398218, 0.2698542828618181177, -0.4300000000000002709 ) ) ;
#3234 = LINE ( 'NONE', #2323, #1165 ) ;
#3235 = ORIENTED_EDGE ( 'NONE', *, *, #583, .F. ) ;
#3236 = FACE_OUTER_BOUND ( 'NONE', #2324, .T. ) ;
#3237 = PLANE ( 'NONE',  #3405 ) ;
#3238 = CARTESIAN_POINT ( 'NONE',  ( 2.390693662505769979, 0.2520953002325062031, -0.4300000000000002709 ) ) ;
#3239 = DIRECTION ( 'NONE',  ( -0.000000000000000000, -0.000000000000000000, -1.000000000000000000 ) ) ;
#3240 = PLANE ( 'NONE',  #3200 ) ;
#3241 = DIRECTION ( 'NONE',  ( -0.08715574274765876261, 0.9961946980917454342, -0.000000000000000000 ) ) ;
#3242 = CARTESIAN_POINT ( 'NONE',  ( 1.950000000000000844, 0.8950000000000007949, 2.109999999999999876 ) ) ;
#3243 = ORIENTED_EDGE ( 'NONE', *, *, #3140, .F. ) ;
#3244 =( NAMED_UNIT ( * ) PLANE_ANGLE_UNIT ( ) SI_UNIT ( $, .RADIAN. ) );
#3245 = CARTESIAN_POINT ( 'NONE',  ( 2.319192456893480525, 0.8970519346069010247, -1.700000000000000178 ) ) ;
#3246 = ORIENTED_EDGE ( 'NONE', *, *, #880, .F. ) ;
#3247 = FILL_AREA_STYLE ('',( #2258 ) ) ;
#3248 = PLANE ( 'NONE',  #2860 ) ;
#3249 = VERTEX_POINT ( 'NONE', #2912 ) ;
#3250 = ORIENTED_EDGE ( 'NONE', *, *, #3066, .F. ) ;
#3251 = EDGE_CURVE ( 'NONE', #3943, #663, #2668, .T. ) ;
#3252 = ORIENTED_EDGE ( 'NONE', *, *, #1965, .F. ) ;
#3253 = DIRECTION ( 'NONE',  ( 0.9961946980917455452, -0.08715574274765837404, -1.322542599048504834E-16 ) ) ;
#3254 = FACE_OUTER_BOUND ( 'NONE', #2180, .T. ) ;
#3255 = VERTEX_POINT ( 'NONE', #2976 ) ;
#3256 = EDGE_CURVE ( 'NONE', #2487, #2220, #1129, .T. ) ;
#3257 = DIRECTION ( 'NONE',  ( 1.000000000000000000, -0.000000000000000000, -2.224004456380521903E-16 ) ) ;
#3258 = CARTESIAN_POINT ( 'NONE',  ( 2.376044803019505380, 0.04260684967794371725, -0.4300000000000002709 ) ) ;
#3259 = DIRECTION ( 'NONE',  ( 0.9961946980917454342, -0.08715574274765926222, 0.000000000000000000 ) ) ;
#3260 = UNCERTAINTY_MEASURE_WITH_UNIT (LENGTH_MEASURE( 1.000000000000000082E-05 ), #490, 'distance_accuracy_value', 'NONE');
#3261 = VERTEX_POINT ( 'NONE', #798 ) ;
#3262 = CARTESIAN_POINT ( 'NONE',  ( 2.092256965349082787, 0.8771976517450829069, 0.8399999999999998579 ) ) ;
#3263 = ADVANCED_FACE ( 'NONE', ( #2939 ), #1433, .T. ) ;
#3264 = CARTESIAN_POINT ( 'NONE',  ( -2.319192456893480081, 0.8970519346069019129, -0.4300000000000002709 ) ) ;
#3265 = ORIENTED_EDGE ( 'NONE', *, *, #1446, .F. ) ;
#3266 = SURFACE_STYLE_FILL_AREA ( #788 ) ;
#3267 = VECTOR ( 'NONE', #1306, 1000.000000000000000 ) ;
#3268 = CARTESIAN_POINT ( 'NONE',  ( -2.092256965349082787, 0.8771976517450829069, 0.8399999999999998579 ) ) ;
#3269 = ORIENTED_EDGE ( 'NONE', *, *, #3369, .F. ) ;
#3270 = CARTESIAN_POINT ( 'NONE',  ( -2.092256965349082787, 1.104999999999999982, 0.8399999999999998579 ) ) ;
#3271 = AXIS2_PLACEMENT_3D ( 'NONE', #2412, #1478, #1153 ) ;
#3272 = VECTOR ( 'NONE', #3213, 1000.000000000000000 ) ;
#3273 = ORIENTED_EDGE ( 'NONE', *, *, #2904, .F. ) ;
#3274 = EDGE_LOOP ( 'NONE', ( #3661, #3906, #1767, #3010 ) ) ;
#3275 = VECTOR ( 'NONE', #2361, 1000.000000000000114 ) ;
#3276 = AXIS2_PLACEMENT_3D ( 'NONE', #1080, #772, #2028 ) ;
#3277 = EDGE_CURVE ( 'NONE', #1541, #1460, #149, .T. ) ;
#3278 = CYLINDRICAL_SURFACE ( 'NONE', #1873, 0.01780234825491788103 ) ;
#3279 = CARTESIAN_POINT ( 'NONE',  ( 2.092256965349082787, 0.8771976517450829069, 1.700000000000000178 ) ) ;
#3280 = VECTOR ( 'NONE', #1113, 1000.000000000000000 ) ;
#3281 = EDGE_LOOP ( 'NONE', ( #1386, #128, #3667, #2303, #3105, #2082, #1102, #2531, #2437, #3094, #1512, #2905 ) ) ;
#3282 = AXIS2_PLACEMENT_3D ( 'NONE', #2022, #3309, #437 ) ;
#3283 = STYLED_ITEM ( 'NONE', ( #1935 ), #3962 ) ;
#3284 = AXIS2_PLACEMENT_3D ( 'NONE', #1566, #2817, #89 ) ;
#3285 = EDGE_CURVE ( 'NONE', #3754, #1139, #2050, .T. ) ;
#3286 = CARTESIAN_POINT ( 'NONE',  ( -2.109991570294214913, 0.8787492286298929089, -0.4300000000000002709 ) ) ;
#3287 = DIRECTION ( 'NONE',  ( -0.000000000000000000, -0.000000000000000000, -1.000000000000000000 ) ) ;
#3288 = DIRECTION ( 'NONE',  ( -0.000000000000000000, -0.000000000000000000, -1.000000000000000000 ) ) ;
#3289 = LINE ( 'NONE', #2331, #2998 ) ;
#3290 = EDGE_LOOP ( 'NONE', ( #2824, #900, #1275, #746 ) ) ;
#3291 = EDGE_CURVE ( 'NONE', #1846, #3084, #1407, .T. ) ;
#3292 = ORIENTED_EDGE ( 'NONE', *, *, #279, .F. ) ;
#3293 = DIRECTION ( 'NONE',  ( -1.000000000000000000, 0.000000000000000000, 0.000000000000000000 ) ) ;
#3294 = DIRECTION ( 'NONE',  ( -0.000000000000000000, -0.000000000000000000, -1.000000000000000000 ) ) ;
#3295 = AXIS2_PLACEMENT_3D ( 'NONE', #1827, #4058, #3469 ) ;
#3296 = CARTESIAN_POINT ( 'NONE',  ( 2.374200886599265647, 0.2683027059770082823, 0.4300000000000000488 ) ) ;
#3297 = VECTOR ( 'NONE', #2846, 1000.000000000000114 ) ;
#3298 = ORIENTED_EDGE ( 'NONE', *, *, #1601, .T. ) ;
#3299 = EDGE_LOOP ( 'NONE', ( #3551, #210, #3649, #3115 ) ) ;
#3300 = FACE_OUTER_BOUND ( 'NONE', #4042, .T. ) ;
#3301 = FACE_OUTER_BOUND ( 'NONE', #528, .T. ) ;
#3302 = ORIENTED_EDGE ( 'NONE', *, *, #3639, .T. ) ;
#3303 = CARTESIAN_POINT ( 'NONE',  ( -1.950000000000000622, 0.8950000000000007949, -1.700000000000000178 ) ) ;
#3304 = CARTESIAN_POINT ( 'NONE',  ( -2.092256965349082787, 1.104999999999999982, 1.700000000000000178 ) ) ;
#3305 = CARTESIAN_POINT ( 'NONE',  ( -1.615055510833896424, 1.749999999999999334, 2.393569812025778454 ) ) ;
#3306 = ORIENTED_EDGE ( 'NONE', *, *, #2123, .T. ) ;
#3307 = EDGE_CURVE ( 'NONE', #2239, #2734, #174, .T. ) ;
#3308 = EDGE_LOOP ( 'NONE', ( #3885, #1614 ) ) ;
#3309 = DIRECTION ( 'NONE',  ( -0.000000000000000000, -0.000000000000000000, -1.000000000000000000 ) ) ;
#3310 = CARTESIAN_POINT ( 'NONE',  ( -1.950000000000000844, 0.8950000000000007949, 1.700000000000000178 ) ) ;
#3311 = EDGE_CURVE ( 'NONE', #522, #277, #2294, .T. ) ;
#3312 = CARTESIAN_POINT ( 'NONE',  ( -2.376044803019505380, 0.04260684967794371725, 0.8399999999999998579 ) ) ;
#3313 = ORIENTED_EDGE ( 'NONE', *, *, #3285, .F. ) ;
#3314 = ORIENTED_EDGE ( 'NONE', *, *, #1581, .T. ) ;
#3315 = ORIENTED_EDGE ( 'NONE', *, *, #1058, .F. ) ;
#3316 = ORIENTED_EDGE ( 'NONE', *, *, #1734, .F. ) ;
#3317 = PLANE ( 'NONE',  #1704 ) ;
#3318 = CARTESIAN_POINT ( 'NONE',  ( 2.109991570294214913, 0.8787492286298929089, -0.4300000000000002709 ) ) ;
#3319 = ADVANCED_FACE ( 'NONE', ( #3636 ), #1976, .F. ) ;
#3320 = CARTESIAN_POINT ( 'NONE',  ( -2.319192456893480081, 0.8970519346069019129, 2.109999999999999876 ) ) ;
#3321 = ORIENTED_EDGE ( 'NONE', *, *, #1330, .F. ) ;
#3322 = PLANE ( 'NONE',  #3554 ) ;
#3323 = CARTESIAN_POINT ( 'NONE',  ( 0.000000000000000000, 1.749999999999999334, 0.000000000000000000 ) ) ;
#3324 = CARTESIAN_POINT ( 'NONE',  ( -1.949999999999998845, 1.105000000000000870, -2.449999999999998401 ) ) ;
#3325 = EDGE_CURVE ( 'NONE', #1967, #2021, #2629, .T. ) ;
#3326 = CARTESIAN_POINT ( 'NONE',  ( -1.615055510833896424, 1.749999999999999334, -2.393569812025778010 ) ) ;
#3327 =( NAMED_UNIT ( * ) PLANE_ANGLE_UNIT ( ) SI_UNIT ( $, .RADIAN. ) );
#3328 = EDGE_CURVE ( 'NONE', #2654, #1262, #2687, .T. ) ;
#3329 = ORIENTED_EDGE ( 'NONE', *, *, #523, .T. ) ;
#3330 = EDGE_LOOP ( 'NONE', ( #730, #1181, #1200, #2839 ) ) ;
#3331 = AXIS2_PLACEMENT_3D ( 'NONE', #1703, #3865, #3209 ) ;
#3332 = LINE ( 'NONE', #1202, #2717 ) ;
#3333 = ORIENTED_EDGE ( 'NONE', *, *, #3710, .F. ) ;
#3334 = VECTOR ( 'NONE', #1282, 1000.000000000000000 ) ;
#3335 = EDGE_CURVE ( 'NONE', #2357, #587, #432, .T. ) ;
#3336 = FACE_OUTER_BOUND ( 'NONE', #5, .T. ) ;
#3337 = ORIENTED_EDGE ( 'NONE', *, *, #3919, .T. ) ;
#3338 = DIRECTION ( 'NONE',  ( 0.08715574274765874874, 0.9961946980917454342, -0.000000000000000000 ) ) ;
#3339 = AXIS2_PLACEMENT_3D ( 'NONE', #19, #3463, #1865 ) ;
#3340 = VECTOR ( 'NONE', #3101, 1000.000000000000000 ) ;
#3341 = LINE ( 'NONE', #2377, #3898 ) ;
#3342 = AXIS2_PLACEMENT_3D ( 'NONE', #3017, #3376, #1802 ) ;
#3343 = CARTESIAN_POINT ( 'NONE',  ( 2.391935491544398218, 0.2698542828618181177, 0.8399999999999998579 ) ) ;
#3344 = CIRCLE ( 'NONE', #1553, 0.01780234825491788103 ) ;
#3345 = FACE_OUTER_BOUND ( 'NONE', #3937, .T. ) ;
#3346 = VERTEX_POINT ( 'NONE', #1379 ) ;
#3347 = AXIS2_PLACEMENT_3D ( 'NONE', #256, #1513, #2491 ) ;
#3348 = DIRECTION ( 'NONE',  ( 0.000000000000000000, 1.000000000000000000, 0.000000000000000000 ) ) ;
#3349 = AXIS2_PLACEMENT_3D ( 'NONE', #2399, #111, #1069 ) ;
#3350 = EDGE_CURVE ( 'NONE', #1342, #2930, #1073, .T. ) ;
#3351 = VERTEX_POINT ( 'NONE', #2362 ) ;
#3352 = ORIENTED_EDGE ( 'NONE', *, *, #1175, .T. ) ;
#3353 = VERTEX_POINT ( 'NONE', #2647 ) ;
#3354 = CARTESIAN_POINT ( 'NONE',  ( -2.092256965349082787, 0.8950000000000007949, 2.109999999999999876 ) ) ;
#3355 = ADVANCED_FACE ( 'NONE', ( #1089 ), #3593, .F. ) ;
#3356 = ORIENTED_EDGE ( 'NONE', *, *, #3510, .T. ) ;
#3357 = FACE_OUTER_BOUND ( 'NONE', #483, .T. ) ;
#3358 = EDGE_CURVE ( 'NONE', #2300, #97, #3289, .T. ) ;
#3359 = DIRECTION ( 'NONE',  ( -1.000000000000000000, 0.000000000000000000, 0.000000000000000000 ) ) ;
#3360 = CARTESIAN_POINT ( 'NONE',  ( 2.109991570294214913, 0.8787492286298929089, 0.8399999999999998579 ) ) ;
#3361 = LINE ( 'NONE', #1518, #374 ) ;
#3362 = VERTEX_POINT ( 'NONE', #3305 ) ;
#3363 = DIRECTION ( 'NONE',  ( -1.000000000000000000, 0.000000000000000000, 0.000000000000000000 ) ) ;
#3364 = PLANE ( 'NONE',  #4011 ) ;
#3365 = VERTEX_POINT ( 'NONE', #471 ) ;
#3366 = VERTEX_POINT ( 'NONE', #1727 ) ;
#3367 = CARTESIAN_POINT ( 'NONE',  ( 2.092256965349082787, 0.8771976517450829069, -2.109999999999999876 ) ) ;
#3368 = ORIENTED_EDGE ( 'NONE', *, *, #710, .F. ) ;
#3369 = EDGE_CURVE ( 'NONE', #2622, #1342, #2151, .T. ) ;
#3370 = DIRECTION ( 'NONE',  ( -0.000000000000000000, -0.000000000000000000, -1.000000000000000000 ) ) ;
#3371 = ORIENTED_EDGE ( 'NONE', *, *, #2204, .F. ) ;
#3372 = PLANE ( 'NONE',  #2852 ) ;
#3373 = CARTESIAN_POINT ( 'NONE',  ( -2.109991570294214913, 0.8787492286298929089, -0.4300000000000002709 ) ) ;
#3374 = CARTESIAN_POINT ( 'NONE',  ( -2.374200886599265647, 0.2683027059770077827, 0.8399999999999998579 ) ) ;
#3375 = EDGE_CURVE ( 'NONE', #1326, #2487, #4014, .T. ) ;
#3376 = DIRECTION ( 'NONE',  ( -0.000000000000000000, -0.000000000000000000, -1.000000000000000000 ) ) ;
#3377 = EDGE_LOOP ( 'NONE', ( #743, #1388, #997, #2143 ) ) ;
#3378 = LINE ( 'NONE', #3976, #1244 ) ;
#3379 = DIRECTION ( 'NONE',  ( 0.000000000000000000, -0.000000000000000000, 1.000000000000000000 ) ) ;
#3380 =( NAMED_UNIT ( * ) PLANE_ANGLE_UNIT ( ) SI_UNIT ( $, .RADIAN. ) );
#3381 = EDGE_CURVE ( 'NONE', #754, #2797, #1146, .T. ) ;
#3382 = ORIENTED_EDGE ( 'NONE', *, *, #678, .F. ) ;
#3383 = LINE ( 'NONE', #931, #507 ) ;
#3384 = ORIENTED_EDGE ( 'NONE', *, *, #2656, .F. ) ;
#3385 = DIRECTION ( 'NONE',  ( 0.000000000000000000, 0.000000000000000000, 1.000000000000000000 ) ) ;
#3386 = PLANE ( 'NONE',  #3608 ) ;
#3387 = DIRECTION ( 'NONE',  ( 0.000000000000000000, 0.000000000000000000, 1.000000000000000000 ) ) ;
#3388 = CIRCLE ( 'NONE', #1740, 0.01780234825491788103 ) ;
#3389 = ORIENTED_EDGE ( 'NONE', *, *, #2555, .F. ) ;
#3390 = ORIENTED_EDGE ( 'NONE', *, *, #1670, .F. ) ;
#3391 = DIRECTION ( 'NONE',  ( -0.000000000000000000, -0.000000000000000000, -1.000000000000000000 ) ) ;
#3392 = EDGE_CURVE ( 'NONE', #1262, #1052, #2448, .T. ) ;
#3393 = DIRECTION ( 'NONE',  ( 0.000000000000000000, 0.000000000000000000, 1.000000000000000000 ) ) ;
#3394 = DIRECTION ( 'NONE',  ( -0.000000000000000000, -0.000000000000000000, -1.000000000000000000 ) ) ;
#3395 = LINE ( 'NONE', #544, #1885 ) ;
#3396 = PRESENTATION_LAYER_ASSIGNMENT (  '', '', ( #1238 ) ) ;
#3397 = ORIENTED_EDGE ( 'NONE', *, *, #2283, .T. ) ;
#3398 = EDGE_CURVE ( 'NONE', #232, #3991, #1766, .T. ) ;
#3399 = AXIS2_PLACEMENT_3D ( 'NONE', #1687, #738, #54 ) ;
#3400 = CIRCLE ( 'NONE', #1621, 0.2278023482549171308 ) ;
#3401 = CARTESIAN_POINT ( 'NONE',  ( 1.950000000000000844, 0.8950000000000007949, 2.109999999999999876 ) ) ;
#3402 = CARTESIAN_POINT ( 'NONE',  ( -3.000000000000000000, 0.2094884505545626108, 2.109999999999999876 ) ) ;
#3403 = PRESENTATION_STYLE_ASSIGNMENT (( #789 ) ) ;
#3404 = CIRCLE ( 'NONE', #2794, 0.2278023482549171308 ) ;
#3405 = AXIS2_PLACEMENT_3D ( 'NONE', #720, #1624, #1004 ) ;
#3406 = LINE ( 'NONE', #577, #23 ) ;
#3407 = EDGE_CURVE ( 'NONE', #2590, #3936, #3361, .T. ) ;
#3408 = VECTOR ( 'NONE', #1059, 1000.000000000000000 ) ;
#3409 = VERTEX_POINT ( 'NONE', #1452 ) ;
#3410 = STYLED_ITEM ( 'NONE', ( #4059 ), #2553 ) ;
#3411 = CARTESIAN_POINT ( 'NONE',  ( -2.109991570294214913, 0.8787492286298929089, 2.109999999999999876 ) ) ;
#3412 = VERTEX_POINT ( 'NONE', #261 ) ;
#3413 = ORIENTED_EDGE ( 'NONE', *, *, #3826, .F. ) ;
#3414 = CLOSED_SHELL ( 'NONE', ( #1629, #3620, #541, #1716, #576, #2986, #480, #2320, #3733, #1352, #1252, #473, #3555, #1915 ) ) ;
#3415 = CARTESIAN_POINT ( 'NONE',  ( -1.920272870946982957, 1.444782639886913023, -2.420272870946982291 ) ) ;
#3416 = VECTOR ( 'NONE', #3657, 1000.000000000000000 ) ;
#3417 = DIRECTION ( 'NONE',  ( 1.000000000000000000, 0.000000000000000000, 0.000000000000000000 ) ) ;
#3418 = ORIENTED_EDGE ( 'NONE', *, *, #875, .F. ) ;
#3419 = ORIENTED_EDGE ( 'NONE', *, *, #1928, .F. ) ;
#3420 = DIRECTION ( 'NONE',  ( -1.000000000000000000, -6.097147762571766712E-15, 0.000000000000000000 ) ) ;
#3421 = PLANE ( 'NONE',  #223 ) ;
#3422 = DIRECTION ( 'NONE',  ( -0.9975640502598247528, 0.06975647374411758639, 0.000000000000000000 ) ) ;
#3423 = CARTESIAN_POINT ( 'NONE',  ( -2.374200886599265647, 0.2683027059770077827, -2.109999999999999876 ) ) ;
#3424 = ORIENTED_EDGE ( 'NONE', *, *, #2929, .F. ) ;
#3425 = LINE ( 'NONE', #1537, #1420 ) ;
#3426 = FACE_OUTER_BOUND ( 'NONE', #421, .T. ) ;
#3427 = ORIENTED_EDGE ( 'NONE', *, *, #2584, .T. ) ;
#3428 = CARTESIAN_POINT ( 'NONE',  ( -2.376044803019505380, 0.04260684967794371725, -2.109999999999999876 ) ) ;
#3429 = DIRECTION ( 'NONE',  ( -1.000000000000000000, 0.000000000000000000, 0.000000000000000000 ) ) ;
#3430 = ADVANCED_FACE ( 'NONE', ( #2478 ), #215, .F. ) ;
#3431 = CARTESIAN_POINT ( 'NONE',  ( -2.374200886599265647, 0.2683027059770077827, -0.8400000000000000799 ) ) ;
#3432 = VERTEX_POINT ( 'NONE', #527 ) ;
#3433 = ORIENTED_EDGE ( 'NONE', *, *, #2456, .T. ) ;
#3434 = EDGE_CURVE ( 'NONE', #3959, #3627, #3395, .T. ) ;
#3435 = ORIENTED_EDGE ( 'NONE', *, *, #1261, .F. ) ;
#3436 = DIRECTION ( 'NONE',  ( -1.000000000000000000, 0.000000000000000000, 0.000000000000000000 ) ) ;
#3437 = CARTESIAN_POINT ( 'NONE',  ( -1.950000000000000622, 0.8950000000000007949, -0.4300000000000002709 ) ) ;
#3438 = VERTEX_POINT ( 'NONE', #2379 ) ;
#3439 = VERTEX_POINT ( 'NONE', #1785 ) ;
#3440 = DIRECTION ( 'NONE',  ( -0.000000000000000000, -0.000000000000000000, -1.000000000000000000 ) ) ;
#3441 = DIRECTION ( 'NONE',  ( -0.000000000000000000, -0.000000000000000000, -1.000000000000000000 ) ) ;
#3442 = CARTESIAN_POINT ( 'NONE',  ( -2.374200886599265647, 0.2683027059770077827, 2.109999999999999876 ) ) ;
#3443 = FACE_OUTER_BOUND ( 'NONE', #3820, .T. ) ;
#3444 = ORIENTED_EDGE ( 'NONE', *, *, #1399, .F. ) ;
#3445 = PLANE ( 'NONE',  #1296 ) ;
#3446 = EDGE_CURVE ( 'NONE', #442, #2300, #1297, .T. ) ;
#3447 = DIRECTION ( 'NONE',  ( -0.000000000000000000, -0.000000000000000000, -1.000000000000000000 ) ) ;
#3448 = FACE_OUTER_BOUND ( 'NONE', #1316, .T. ) ;
#3449 = DIRECTION ( 'NONE',  ( 0.000000000000000000, 0.000000000000000000, 1.000000000000000000 ) ) ;
#3450 = EDGE_CURVE ( 'NONE', #3509, #688, #837, .T. ) ;
#3451 = ORIENTED_EDGE ( 'NONE', *, *, #1261, .T. ) ;
#3452 = CYLINDRICAL_SURFACE ( 'NONE', #2533, 0.2278023482549169088 ) ;
#3453 = ORIENTED_EDGE ( 'NONE', *, *, #2521, .T. ) ;
#3454 = ORIENTED_EDGE ( 'NONE', *, *, #3072, .T. ) ;
#3455 = CARTESIAN_POINT ( 'NONE',  ( -1.950000000000000844, 0.8950000000000007949, 0.8399999999999998579 ) ) ;
#3456 = EDGE_CURVE ( 'NONE', #3843, #3159, #2092, .T. ) ;
#3457 = DIRECTION ( 'NONE',  ( -1.000000000000000000, 0.000000000000000000, 0.000000000000000000 ) ) ;
#3458 = ORIENTED_EDGE ( 'NONE', *, *, #3633, .F. ) ;
#3459 = CARTESIAN_POINT ( 'NONE',  ( 2.376044803019505380, 0.04260684967794371725, -2.109999999999999876 ) ) ;
#3460 = ADVANCED_FACE ( 'NONE', ( #3345 ), #3082, .F. ) ;
#3461 = VECTOR ( 'NONE', #1527, 1000.000000000000227 ) ;
#3462 = PLANE ( 'NONE',  #1283 ) ;
#3463 = DIRECTION ( 'NONE',  ( -0.9961946980917455452, -0.08715574274765877649, 0.000000000000000000 ) ) ;
#3464 = CARTESIAN_POINT ( 'NONE',  ( 2.376044803019505380, 0.04260684967794371725, 0.8399999999999998579 ) ) ;
#3465 = CARTESIAN_POINT ( 'NONE',  ( -1.950000000000000844, 1.105000000000000870, 2.109999999999999876 ) ) ;
#3466 = CARTESIAN_POINT ( 'NONE',  ( -2.390693662505769979, 0.2520953002325061476, 2.109999999999999876 ) ) ;
#3467 = ORIENTED_EDGE ( 'NONE', *, *, #1683, .T. ) ;
#3468 = VECTOR ( 'NONE', #2195, 1000.000000000000000 ) ;
#3469 = DIRECTION ( 'NONE',  ( -0.9975640502598247528, -0.06975647374411814150, 0.000000000000000000 ) ) ;
#3470 = AXIS2_PLACEMENT_3D ( 'NONE', #3884, #3564, #2317 ) ;
#3471 = AXIS2_PLACEMENT_3D ( 'NONE', #1393, #3619, #3915 ) ;
#3472 = AXIS2_PLACEMENT_3D ( 'NONE', #1067, #2578, #3864 ) ;
#3473 = VERTEX_POINT ( 'NONE', #2067 ) ;
#3474 = AXIS2_PLACEMENT_3D ( 'NONE', #83, #1390, #753 ) ;
#3476 = CIRCLE ( 'NONE', #3615, 0.01780234825491788103 ) ;
#3475 = CARTESIAN_POINT ( 'NONE',  ( -1.205055510833896504, 1.649999999999999245, -1.904999999999998694 ) ) ;
#3477 = ORIENTED_EDGE ( 'NONE', *, *, #2301, .F. ) ;
#3478 = LINE ( 'NONE', #1223, #1222 ) ;
#3479 = VECTOR ( 'NONE', #2436, 1000.000000000000227 ) ;
#3480 = MECHANICAL_DESIGN_GEOMETRIC_PRESENTATION_REPRESENTATION (  '', ( #1238 ), #2535 ) ;
#3481 = CARTESIAN_POINT ( 'NONE',  ( 2.092256965349082787, 1.104999999999999538, -0.4300000000000002709 ) ) ;
#3482 = ORIENTED_EDGE ( 'NONE', *, *, #3188, .T. ) ;
#3483 = LINE ( 'NONE', #1861, #2011 ) ;
#3484 = VECTOR ( 'NONE', #2980, 1000.000000000000114 ) ;
#3485 = ORIENTED_EDGE ( 'NONE', *, *, #182, .T. ) ;
#3486 = EDGE_CURVE ( 'NONE', #1326, #2638, #3037, .T. ) ;
#3487 = CARTESIAN_POINT ( 'NONE',  ( 2.390693662505769979, 0.2520953002325064252, 0.4300000000000000488 ) ) ;
#3488 = FACE_OUTER_BOUND ( 'NONE', #2359, .T. ) ;
#3489 = VECTOR ( 'NONE', #2035, 1000.000000000000114 ) ;
#3490 = DIRECTION ( 'NONE',  ( 6.097147762571766712E-15, -1.000000000000000000, 0.000000000000000000 ) ) ;
#3491 = DIRECTION ( 'NONE',  ( 0.9975640502598248638, 0.06975647374411748924, -0.000000000000000000 ) ) ;
#3492 = CARTESIAN_POINT ( 'NONE',  ( -1.949999999999999067, 1.105000000000000870, 2.449999999999999289 ) ) ;
#3493 = VERTEX_POINT ( 'NONE', #3423 ) ;
#3494 = AXIS2_PLACEMENT_3D ( 'NONE', #3080, #2684, #3359 ) ;
#3495 = DIRECTION ( 'NONE',  ( 0.000000000000000000, 0.000000000000000000, 1.000000000000000000 ) ) ;
#3496 = FACE_OUTER_BOUND ( 'NONE', #3771, .T. ) ;
#3497 = CARTESIAN_POINT ( 'NONE',  ( -3.000000000000000000, 0.2094884505545626108, -0.4300000000000002709 ) ) ;
#3498 = CYLINDRICAL_SURFACE ( 'NONE', #2394, 0.01780234825491788103 ) ;
#3499 = FACE_OUTER_BOUND ( 'NONE', #3274, .T. ) ;
#3500 = ORIENTED_EDGE ( 'NONE', *, *, #3786, .F. ) ;
#3501 = ORIENTED_EDGE ( 'NONE', *, *, #1601, .F. ) ;
#3502 = CYLINDRICAL_SURFACE ( 'NONE', #3738, 0.2278023482549169088 ) ;
#3503 = ORIENTED_EDGE ( 'NONE', *, *, #1126, .F. ) ;
#3504 = EDGE_CURVE ( 'NONE', #3159, #362, #2784, .T. ) ;
#3505 = CARTESIAN_POINT ( 'NONE',  ( -2.319192456893480081, 0.8970519346069019129, 0.4300000000000000488 ) ) ;
#3506 = DIRECTION ( 'NONE',  ( 1.000000000000000000, 6.097147762571766712E-15, 0.000000000000000000 ) ) ;
#3507 = CARTESIAN_POINT ( 'NONE',  ( -2.391935491544398218, 0.2698542828618181177, 0.4300000000000000488 ) ) ;
#3508 = LINE ( 'NONE', #3524, #3272 ) ;
#3509 = VERTEX_POINT ( 'NONE', #1470 ) ;
#3510 = EDGE_CURVE ( 'NONE', #1723, #1429, #101, .T. ) ;
#3511 = CARTESIAN_POINT ( 'NONE',  ( 2.376044803019505380, 0.04260684967794371725, 0.8399999999999998579 ) ) ;
#3512 = CARTESIAN_POINT ( 'NONE',  ( 2.391935491544398218, 0.2698542828618181177, 2.109999999999999876 ) ) ;
#3513 = UNCERTAINTY_MEASURE_WITH_UNIT (LENGTH_MEASURE( 1.000000000000000082E-05 ), #1502, 'distance_accuracy_value', 'NONE');
#3514 = DIRECTION ( 'NONE',  ( 1.000000000000000000, 0.000000000000000000, 0.000000000000000000 ) ) ;
#3515 = ADVANCED_FACE ( 'NONE', ( #4035 ), #511, .F. ) ;
#3516 = ORIENTED_EDGE ( 'NONE', *, *, #1435, .F. ) ;
#3517 = CARTESIAN_POINT ( 'NONE',  ( -1.205055510833896504, 1.749999999999999334, -2.109999999999998099 ) ) ;
#3518 = SURFACE_STYLE_FILL_AREA ( #2237 ) ;
#3519 = CARTESIAN_POINT ( 'NONE',  ( 2.376044803019505380, 0.04260684967794371725, -0.8400000000000000799 ) ) ;
#3520 = VERTEX_POINT ( 'NONE', #1535 ) ;
#3521 = VERTEX_POINT ( 'NONE', #4074 ) ;
#3522 = DIRECTION ( 'NONE',  ( -0.000000000000000000, -0.000000000000000000, -1.000000000000000000 ) ) ;
#3523 = LINE ( 'NONE', #388, #3743 ) ;
#3524 = CARTESIAN_POINT ( 'NONE',  ( 2.376044803019505380, 0.04260684967794371725, -1.700000000000000178 ) ) ;
#3525 = ORIENTED_EDGE ( 'NONE', *, *, #1789, .T. ) ;
#3526 = EDGE_CURVE ( 'NONE', #3755, #1367, #1292, .T. ) ;
#3527 = LINE ( 'NONE', #392, #1483 ) ;
#3528 = FACE_OUTER_BOUND ( 'NONE', #3676, .T. ) ;
#3529 = DIRECTION ( 'NONE',  ( 0.08715574274765926222, 0.9961946980917454342, 0.000000000000000000 ) ) ;
#3530 = CARTESIAN_POINT ( 'NONE',  ( 2.376044803019505380, 0.04260684967794371725, 2.109999999999999876 ) ) ;
#3531 = VECTOR ( 'NONE', #3119, 1000.000000000000000 ) ;
#3532 = EDGE_CURVE ( 'NONE', #666, #606, #3, .T. ) ;
#3533 = ORIENTED_EDGE ( 'NONE', *, *, #10, .F. ) ;
#3534 = CARTESIAN_POINT ( 'NONE',  ( -2.391935491544398218, 0.2698542828618181177, 0.8399999999999998579 ) ) ;
#3535 = ORIENTED_EDGE ( 'NONE', *, *, #3585, .F. ) ;
#3536 = VECTOR ( 'NONE', #1260, 1000.000000000000000 ) ;
#3537 = CIRCLE ( 'NONE', #1747, 0.2278023482549169088 ) ;
#3538 = PLANE ( 'NONE',  #2455 ) ;
#3539 = VECTOR ( 'NONE', #2150, 1000.000000000000114 ) ;
#3540 = AXIS2_PLACEMENT_3D ( 'NONE', #4022, #864, #1154 ) ;
#3541 = DIRECTION ( 'NONE',  ( -1.000000000000000000, 0.000000000000000000, 0.000000000000000000 ) ) ;
#3542 = EDGE_LOOP ( 'NONE', ( #2027, #161, #2308, #516 ) ) ;
#3543 = AXIS2_PLACEMENT_3D ( 'NONE', #1000, #2170, #2887 ) ;
#3544 = CIRCLE ( 'NONE', #3887, 0.01780234825491788103 ) ;
#3545 = LINE ( 'NONE', #108, #2075 ) ;
#3546 = DIRECTION ( 'NONE',  ( 0.000000000000000000, -1.000000000000000000, 0.000000000000000000 ) ) ;
#3547 = VECTOR ( 'NONE', #778, 1000.000000000000000 ) ;
#3548 = AXIS2_PLACEMENT_3D ( 'NONE', #3323, #3348, #3379 ) ;
#3549 = DIRECTION ( 'NONE',  ( 0.06975647374411818313, -0.9975640502598247528, 0.000000000000000000 ) ) ;
#3550 = LINE ( 'NONE', #1293, #159 ) ;
#3551 = ORIENTED_EDGE ( 'NONE', *, *, #1528, .F. ) ;
#3552 = CARTESIAN_POINT ( 'NONE',  ( 1.950000000000000844, 1.105000000000000870, 2.449999999999998401 ) ) ;
#3553 = FACE_OUTER_BOUND ( 'NONE', #1586, .T. ) ;
#3554 = AXIS2_PLACEMENT_3D ( 'NONE', #265, #2769, #3000 ) ;
#3555 = ADVANCED_FACE ( 'NONE', ( #2209 ), #1559, .F. ) ;
#3556 = DIRECTION ( 'NONE',  ( 0.9961946980917455452, 0.08715574274765874874, -0.000000000000000000 ) ) ;
#3557 = ORIENTED_EDGE ( 'NONE', *, *, #3008, .T. ) ;
#3558 = FACE_OUTER_BOUND ( 'NONE', #1982, .T. ) ;
#3559 = ADVANCED_FACE ( 'NONE', ( #3823 ), #4096, .F. ) ;
#3560 = LINE ( 'NONE', #1667, #105 ) ;
#3561 = DIRECTION ( 'NONE',  ( -0.000000000000000000, -1.000000000000000000, -0.000000000000000000 ) ) ;
#3562 = ADVANCED_FACE ( 'NONE', ( #1578 ), #3847, .F. ) ;
#3563 = DIRECTION ( 'NONE',  ( -0.000000000000000000, -0.000000000000000000, -1.000000000000000000 ) ) ;
#3564 = DIRECTION ( 'NONE',  ( -0.000000000000000000, -0.000000000000000000, -1.000000000000000000 ) ) ;
#3565 = VERTEX_POINT ( 'NONE', #675 ) ;
#3566 = EDGE_CURVE ( 'NONE', #2460, #2819, #3404, .T. ) ;
#3567 = FACE_OUTER_BOUND ( 'NONE', #2332, .T. ) ;
#3568 = CARTESIAN_POINT ( 'NONE',  ( 1.950000000000000178, 0.8950000000000007949, -2.449999999999998845 ) ) ;
#3569 = DIRECTION ( 'NONE',  ( 0.9975640502598247528, 0.06975647374411818313, 0.000000000000000000 ) ) ;
#3570 = VERTEX_POINT ( 'NONE', #611 ) ;
#3571 = DIRECTION ( 'NONE',  ( 1.000000000000000000, 0.000000000000000000, 0.000000000000000000 ) ) ;
#3572 = DIRECTION ( 'NONE',  ( 0.08715574274765874874, -0.9961946980917454342, 0.000000000000000000 ) ) ;
#3573 = DIRECTION ( 'NONE',  ( -1.000000000000000000, 0.000000000000000000, 0.000000000000000000 ) ) ;
#3574 = VERTEX_POINT ( 'NONE', #1273 ) ;
#3575 = CARTESIAN_POINT ( 'NONE',  ( 2.109991570294214913, 0.8787492286298929089, 2.109999999999999876 ) ) ;
#3576 = ORIENTED_EDGE ( 'NONE', *, *, #2189, .T. ) ;
#3577 = DIRECTION ( 'NONE',  ( -0.08715574274765873486, -0.9961946980917454342, 0.000000000000000000 ) ) ;
#3578 =( LENGTH_UNIT ( ) NAMED_UNIT ( * ) SI_UNIT ( .MILLI., .METRE. ) );
#3579 = ORIENTED_EDGE ( 'NONE', *, *, #2204, .T. ) ;
#3580 =( LENGTH_UNIT ( ) NAMED_UNIT ( * ) SI_UNIT ( .MILLI., .METRE. ) );
#3581 = EDGE_CURVE ( 'NONE', #3622, #3855, #2245, .T. ) ;
#3582 = ORIENTED_EDGE ( 'NONE', *, *, #1131, .T. ) ;
#3583 = DIRECTION ( 'NONE',  ( -1.000000000000000000, -0.000000000000000000, 2.224004456380521903E-16 ) ) ;
#3584 = EDGE_LOOP ( 'NONE', ( #4066, #419, #4076, #682 ) ) ;
#3585 = EDGE_CURVE ( 'NONE', #3843, #56, #3523, .T. ) ;
#3586 = ORIENTED_EDGE ( 'NONE', *, *, #3093, .T. ) ;
#3587 = DIRECTION ( 'NONE',  ( -0.000000000000000000, -0.000000000000000000, -1.000000000000000000 ) ) ;
#3588 = CARTESIAN_POINT ( 'NONE',  ( -1.205055510833896504, 1.649999999999999245, -2.109999999999998099 ) ) ;
#3589 = VERTEX_POINT ( 'NONE', #2559 ) ;
#3590 = LINE ( 'NONE', #1993, #28 ) ;
#3591 = DIRECTION ( 'NONE',  ( 0.000000000000000000, 0.000000000000000000, 1.000000000000000000 ) ) ;
#3592 = CARTESIAN_POINT ( 'NONE',  ( 1.950000000000001066, 1.105000000000000870, -1.700000000000000178 ) ) ;
#3593 = PLANE ( 'NONE',  #2604 ) ;
#3594 = VERTEX_POINT ( 'NONE', #2512 ) ;
#3595 = DIRECTION ( 'NONE',  ( -1.000000000000000000, 0.000000000000000000, 0.000000000000000000 ) ) ;
#3596 = VECTOR ( 'NONE', #3587, 1000.000000000000000 ) ;
#3597 = CARTESIAN_POINT ( 'NONE',  ( -2.391935491544398218, 0.2698542828618181177, -0.4300000000000002709 ) ) ;
#3598 = CARTESIAN_POINT ( 'NONE',  ( -1.205055510833896504, 1.749999999999999334, -2.109999999999998099 ) ) ;
#3599 = AXIS2_PLACEMENT_3D ( 'NONE', #3642, #1733, #1197 ) ;
#3600 = ORIENTED_EDGE ( 'NONE', *, *, #3814, .T. ) ;
#3601 = EDGE_CURVE ( 'NONE', #1205, #2241, #1944, .T. ) ;
#3602 = CIRCLE ( 'NONE', #3130, 0.01780234825491788103 ) ;
#3603 = EDGE_LOOP ( 'NONE', ( #1639, #2211, #62, #1138 ) ) ;
#3604 = ADVANCED_FACE ( 'NONE', ( #3780 ), #1890, .T. ) ;
#3605 = FACE_OUTER_BOUND ( 'NONE', #595, .T. ) ;
#3606 = ORIENTED_EDGE ( 'NONE', *, *, #2255, .T. ) ;
#3607 = VECTOR ( 'NONE', #3779, 1000.000000000000000 ) ;
#3608 = AXIS2_PLACEMENT_3D ( 'NONE', #3437, #1858, #2552 ) ;
#3609 = DIRECTION ( 'NONE',  ( 0.9975640502598247528, -0.06975647374411814150, 0.000000000000000000 ) ) ;
#3610 =( NAMED_UNIT ( * ) SI_UNIT ( $, .STERADIAN. ) SOLID_ANGLE_UNIT ( ) );
#3611 = EDGE_CURVE ( 'NONE', #2636, #1633, #20, .T. ) ;
#3612 = CARTESIAN_POINT ( 'NONE',  ( -1.950000000000000622, 0.8950000000000007949, -0.4300000000000002709 ) ) ;
#3613 = VECTOR ( 'NONE', #3736, 1000.000000000000000 ) ;
#3614 = ORIENTED_EDGE ( 'NONE', *, *, #2709, .T. ) ;
#3615 = AXIS2_PLACEMENT_3D ( 'NONE', #1029, #364, #1952 ) ;
#3616 = VECTOR ( 'NONE', #224, 1000.000000000000227 ) ;
#3617 = AXIS2_PLACEMENT_3D ( 'NONE', #2960, #1007, #3894 ) ;
#3618 = LINE ( 'NONE', #1724, #651 ) ;
#3619 = DIRECTION ( 'NONE',  ( 0.000000000000000000, 1.000000000000000000, -0.000000000000000000 ) ) ;
#3620 = ADVANCED_FACE ( 'NONE', ( #982 ), #360, .F. ) ;
#3621 = CARTESIAN_POINT ( 'NONE',  ( 2.109991570294214913, 0.8787492286298929089, -0.4300000000000002709 ) ) ;
#3622 = VERTEX_POINT ( 'NONE', #341 ) ;
#3623 = ORIENTED_EDGE ( 'NONE', *, *, #3686, .T. ) ;
#3624 =( LENGTH_UNIT ( ) NAMED_UNIT ( * ) SI_UNIT ( .MILLI., .METRE. ) );
#3625 = DIRECTION ( 'NONE',  ( -0.000000000000000000, -0.000000000000000000, -1.000000000000000000 ) ) ;
#3626 = FACE_OUTER_BOUND ( 'NONE', #2568, .T. ) ;
#3627 = VERTEX_POINT ( 'NONE', #3121 ) ;
#3628 = ORIENTED_EDGE ( 'NONE', *, *, #2034, .T. ) ;
#3629 = ORIENTED_EDGE ( 'NONE', *, *, #1551, .F. ) ;
#3630 = EDGE_CURVE ( 'NONE', #3632, #1562, #303, .T. ) ;
#3631 = PLANE ( 'NONE',  #2330 ) ;
#3632 = VERTEX_POINT ( 'NONE', #65 ) ;
#3633 = EDGE_CURVE ( 'NONE', #1562, #1205, #2183, .T. ) ;
#3634 = FACE_OUTER_BOUND ( 'NONE', #377, .T. ) ;
#3635 = CARTESIAN_POINT ( 'NONE',  ( -1.950000000000000844, 1.105000000000000870, 0.4300000000000000488 ) ) ;
#3636 = FACE_OUTER_BOUND ( 'NONE', #2138, .T. ) ;
#3637 = ORIENTED_EDGE ( 'NONE', *, *, #2367, .T. ) ;
#3638 = PRODUCT_DEFINITION_SHAPE ( 'NONE', 'NONE',  #60 ) ;
#3639 = EDGE_CURVE ( 'NONE', #3076, #3720, #2843, .T. ) ;
#3640 = DIRECTION ( 'NONE',  ( 1.000000000000000000, 0.000000000000000000, -0.000000000000000000 ) ) ;
#3641 = DIRECTION ( 'NONE',  ( -0.06975647374411884927, -0.9975640502598247528, 0.000000000000000000 ) ) ;
#3642 = CARTESIAN_POINT ( 'NONE',  ( 2.109991570294214913, 0.8787492286298929089, -0.4300000000000002709 ) ) ;
#3643 = ADVANCED_FACE ( 'NONE', ( #3443 ), #3866, .F. ) ;
#3644 = ORIENTED_EDGE ( 'NONE', *, *, #3654, .F. ) ;
#3645 = ORIENTED_EDGE ( 'NONE', *, *, #217, .T. ) ;
#3646 = DIRECTION ( 'NONE',  ( -0.000000000000000000, -0.000000000000000000, -1.000000000000000000 ) ) ;
#3647 = VERTEX_POINT ( 'NONE', #1971 ) ;
#3648 = CARTESIAN_POINT ( 'NONE',  ( -1.950000000000000622, 0.8950000000000007949, -2.109999999999999876 ) ) ;
#3649 = ORIENTED_EDGE ( 'NONE', *, *, #1779, .T. ) ;
#3650 = DIRECTION ( 'NONE',  ( -0.000000000000000000, 0.000000000000000000, -1.000000000000000000 ) ) ;
#3651 = CARTESIAN_POINT ( 'NONE',  ( -1.949999999999998845, 0.8950000000000007949, -2.449999999999998401 ) ) ;
#3652 = CARTESIAN_POINT ( 'NONE',  ( 1.950000000000001066, 1.105000000000000870, -2.109999999999999876 ) ) ;
#3653 = ORIENTED_EDGE ( 'NONE', *, *, #1501, .T. ) ;
#3654 = EDGE_CURVE ( 'NONE', #2270, #2400, #2267, .T. ) ;
#3655 = CARTESIAN_POINT ( 'NONE',  ( -2.092256965349082787, 0.8771976517450829069, -0.4300000000000002709 ) ) ;
#3656 = FILL_AREA_STYLE ('',( #613 ) ) ;
#3657 = DIRECTION ( 'NONE',  ( 1.000000000000000000, -0.000000000000000000, -0.000000000000000000 ) ) ;
#3658 = ADVANCED_FACE ( 'NONE', ( #428 ), #3364, .F. ) ;
#3659 = PLANE ( 'NONE',  #1938 ) ;
#3660 = ORIENTED_EDGE ( 'NONE', *, *, #494, .T. ) ;
#3661 = ORIENTED_EDGE ( 'NONE', *, *, #1402, .T. ) ;
#3662 = VECTOR ( 'NONE', #2618, 1000.000000000000000 ) ;
#3663 = ORIENTED_EDGE ( 'NONE', *, *, #2854, .T. ) ;
#3664 = VECTOR ( 'NONE', #3561, 1000.000000000000000 ) ;
#3665 = CARTESIAN_POINT ( 'NONE',  ( -2.376044803019505380, 0.04260684967794371725, -0.4300000000000002709 ) ) ;
#3666 = CARTESIAN_POINT ( 'NONE',  ( -3.000000000000000000, 0.2094884505545626108, 0.8399999999999998579 ) ) ;
#3667 = ORIENTED_EDGE ( 'NONE', *, *, #2884, .T. ) ;
#3668 = CARTESIAN_POINT ( 'NONE',  ( 3.000000000000000000, 0.2094884505545622777, 0.4300000000000000488 ) ) ;
#3669 = VECTOR ( 'NONE', #431, 1000.000000000000114 ) ;
#3670 = AXIS2_PLACEMENT_3D ( 'NONE', #2210, #3122, #2581 ) ;
#3671 = LINE ( 'NONE', #835, #46 ) ;
#3672 = VECTOR ( 'NONE', #1825, 1000.000000000000114 ) ;
#3673 = CARTESIAN_POINT ( 'NONE',  ( -2.376044803019505380, 0.04260684967794371725, 1.700000000000000178 ) ) ;
#3674 = AXIS2_PLACEMENT_3D ( 'NONE', #594, #3783, #2788 ) ;
#3675 = DIRECTION ( 'NONE',  ( 1.000000000000000000, 0.000000000000000000, 0.000000000000000000 ) ) ;
#3676 = EDGE_LOOP ( 'NONE', ( #2127, #3644, #3444, #3019 ) ) ;
#3677 = VECTOR ( 'NONE', #1023, 1000.000000000000000 ) ;
#3678 = VECTOR ( 'NONE', #3370, 1000.000000000000000 ) ;
#3679 = EDGE_CURVE ( 'NONE', #666, #2598, #1349, .T. ) ;
#3680 = DIRECTION ( 'NONE',  ( -0.000000000000000000, -0.000000000000000000, -1.000000000000000000 ) ) ;
#3681 = APPLICATION_PROTOCOL_DEFINITION ( 'draft international standard', 'automotive_design', 1998, #485 ) ;
#3682 = PLANE ( 'NONE',  #3276 ) ;
#3683 = DIRECTION ( 'NONE',  ( 1.000000000000000000, 0.000000000000000000, 0.000000000000000000 ) ) ;
#3684 = CLOSED_SHELL ( 'NONE', ( #3869, #605, #2104, #795, #3355, #844, #3715, #3987, #2249, #2447, #1396, #671, #946, #1731, #2501, #3515, #3109, #2503 ) ) ;
#3685 = CARTESIAN_POINT ( 'NONE',  ( -2.092256965349082787, 0.8771976517450829069, -0.4300000000000002709 ) ) ;
#3686 = EDGE_CURVE ( 'NONE', #1179, #3855, #408, .T. ) ;
#3687 = ORIENTED_EDGE ( 'NONE', *, *, #295, .T. ) ;
#3688 = DIRECTION ( 'NONE',  ( -0.000000000000000000, -0.000000000000000000, -1.000000000000000000 ) ) ;
#3689 = DIRECTION ( 'NONE',  ( -1.000000000000000000, 0.000000000000000000, 0.000000000000000000 ) ) ;
#3690 = VERTEX_POINT ( 'NONE', #3588 ) ;
#3691 = DIRECTION ( 'NONE',  ( -0.000000000000000000, -1.000000000000000000, -0.000000000000000000 ) ) ;
#3692 = VECTOR ( 'NONE', #3717, 1000.000000000000000 ) ;
#3693 = EDGE_CURVE ( 'NONE', #914, #1786, #1659, .T. ) ;
#3694 = FACE_OUTER_BOUND ( 'NONE', #2754, .T. ) ;
#3695 = ORIENTED_EDGE ( 'NONE', *, *, #243, .F. ) ;
#3696 = ORIENTED_EDGE ( 'NONE', *, *, #1346, .F. ) ;
#3697 = LINE ( 'NONE', #3756, #1091 ) ;
#3698 = EDGE_CURVE ( 'NONE', #3432, #2400, #1680, .T. ) ;
#3699 = DIRECTION ( 'NONE',  ( 0.08682659386424777803, 0.9924325091389669673, -0.08682659386424780579 ) ) ;
#3700 = CARTESIAN_POINT ( 'NONE',  ( -2.319192456893480081, 0.8970519346069019129, 2.109999999999999876 ) ) ;
#3701 = DIRECTION ( 'NONE',  ( -0.000000000000000000, 1.000000000000000000, -0.000000000000000000 ) ) ;
#3702 = ORIENTED_EDGE ( 'NONE', *, *, #2456, .F. ) ;
#3703 = CYLINDRICAL_SURFACE ( 'NONE', #3207, 0.2278023482549171308 ) ;
#3704 = LINE ( 'NONE', #2706, #2474 ) ;
#3705 = SURFACE_STYLE_FILL_AREA ( #2728 ) ;
#3706 = SHAPE_DEFINITION_REPRESENTATION ( #3638, #2914 ) ;
#3707 = CYLINDRICAL_SURFACE ( 'NONE', #3940, 0.01780234825491788103 ) ;
#3708 = DIRECTION ( 'NONE',  ( -0.9975640502598247528, -0.06975647374411818313, 0.000000000000000000 ) ) ;
#3709 = ORIENTED_EDGE ( 'NONE', *, *, #2907, .T. ) ;
#3710 = EDGE_CURVE ( 'NONE', #1675, #3261, #448, .T. ) ;
#3711 = DIRECTION ( 'NONE',  ( 0.08715574274765874874, -0.9961946980917454342, 0.000000000000000000 ) ) ;
#3712 = CARTESIAN_POINT ( 'NONE',  ( 2.109991570294214913, 0.8787492286298929089, 2.109999999999999876 ) ) ;
#3713 = VERTEX_POINT ( 'NONE', #735 ) ;
#3714 = ORIENTED_EDGE ( 'NONE', *, *, #3291, .F. ) ;
#3715 = ADVANCED_FACE ( 'NONE', ( #3254 ), #1791, .T. ) ;
#3716 = DIRECTION ( 'NONE',  ( -1.000000000000000000, -6.097147762571766712E-15, 0.000000000000000000 ) ) ;
#3717 = DIRECTION ( 'NONE',  ( -0.000000000000000000, -0.000000000000000000, -1.000000000000000000 ) ) ;
#3718 = DIRECTION ( 'NONE',  ( -1.000000000000000000, 0.000000000000000000, 0.000000000000000000 ) ) ;
#3719 = DIRECTION ( 'NONE',  ( -0.000000000000000000, -0.000000000000000000, -1.000000000000000000 ) ) ;
#3720 = VERTEX_POINT ( 'NONE', #130 ) ;
#3721 = CARTESIAN_POINT ( 'NONE',  ( 2.390693662505769979, 0.2520953002325062031, -1.700000000000000178 ) ) ;
#3722 = SURFACE_SIDE_STYLE ('',( #3705 ) ) ;
#3723 = EDGE_LOOP ( 'NONE', ( #2723, #3904, #3709, #3314, #2969, #732, #2256, #3083, #141, #2465, #327, #2479 ) ) ;
#3724 = DIRECTION ( 'NONE',  ( -0.000000000000000000, -0.000000000000000000, -1.000000000000000000 ) ) ;
#3725 = ORIENTED_EDGE ( 'NONE', *, *, #40, .F. ) ;
#3726 = ORIENTED_EDGE ( 'NONE', *, *, #1430, .F. ) ;
#3727 = LINE ( 'NONE', #499, #1472 ) ;
#3728 = CARTESIAN_POINT ( 'NONE',  ( 2.092256965349082787, 0.8771976517450829069, 2.109999999999999876 ) ) ;
#3729 = CIRCLE ( 'NONE', #1676, 0.2278023482549171308 ) ;
#3730 = ORIENTED_EDGE ( 'NONE', *, *, #1346, .T. ) ;
#3731 = ORIENTED_EDGE ( 'NONE', *, *, #1836, .T. ) ;
#3732 = DIRECTION ( 'NONE',  ( 1.000000000000000000, 0.000000000000000000, 0.000000000000000000 ) ) ;
#3733 = ADVANCED_FACE ( 'NONE', ( #2625 ), #3912, .F. ) ;
#3734 = LINE ( 'NONE', #895, #153 ) ;
#3735 = PLANE ( 'NONE',  #2197 ) ;
#3736 = DIRECTION ( 'NONE',  ( 0.9975640502598247528, 0.06975647374411814150, -0.000000000000000000 ) ) ;
#3737 = EDGE_LOOP ( 'NONE', ( #3175, #716, #2356, #719 ) ) ;
#3738 = AXIS2_PLACEMENT_3D ( 'NONE', #2556, #3440, #608 ) ;
#3739 = AXIS2_PLACEMENT_3D ( 'NONE', #3343, #148, #3718 ) ;
#3740 = VECTOR ( 'NONE', #2414, 1000.000000000000000 ) ;
#3741 = EDGE_LOOP ( 'NONE', ( #2047, #1988, #371, #569 ) ) ;
#3742 = EDGE_CURVE ( 'NONE', #2103, #3473, #3069, .T. ) ;
#3743 = VECTOR ( 'NONE', #656, 1000.000000000000000 ) ;
#3744 = CIRCLE ( 'NONE', #1488, 0.01780234825491788103 ) ;
#3745 = CARTESIAN_POINT ( 'NONE',  ( 1.950000000000000844, 0.8950000000000007949, 1.700000000000000178 ) ) ;
#3746 = AXIS2_PLACEMENT_3D ( 'NONE', #1094, #3625, #2338 ) ;
#3747 = ORIENTED_EDGE ( 'NONE', *, *, #135, .F. ) ;
#3748 = VECTOR ( 'NONE', #3572, 1000.000000000000114 ) ;
#3749 = ORIENTED_EDGE ( 'NONE', *, *, #2705, .T. ) ;
#3750 = CLOSED_SHELL ( 'NONE', ( #1477, #3928, #1960, #1805, #68, #1906, #1848, #1693, #830, #3907, #157, #2475, #1859, #1877 ) ) ;
#3751 = FACE_OUTER_BOUND ( 'NONE', #1281, .T. ) ;
#3752 = VECTOR ( 'NONE', #3765, 1000.000000000000000 ) ;
#3753 = DIRECTION ( 'NONE',  ( 0.06975647374411747537, -0.9975640502598247528, 0.000000000000000000 ) ) ;
#3754 = VERTEX_POINT ( 'NONE', #2642 ) ;
#3755 = VERTEX_POINT ( 'NONE', #2955 ) ;
#3756 = CARTESIAN_POINT ( 'NONE',  ( 3.000000000000000000, 0.2094884505545622777, 2.109999999999999876 ) ) ;
#3757 = ADVANCED_FACE ( 'NONE', ( #3301 ), #3026, .F. ) ;
#3758 = LINE ( 'NONE', #1290, #1219 ) ;
#3759 = CARTESIAN_POINT ( 'NONE',  ( 2.390693662505769979, 0.2520953002325062031, 1.700000000000000178 ) ) ;
#3760 = DIRECTION ( 'NONE',  ( -0.000000000000000000, -0.000000000000000000, -1.000000000000000000 ) ) ;
#3761 = ORIENTED_EDGE ( 'NONE', *, *, #1501, .F. ) ;
#3762 = EDGE_CURVE ( 'NONE', #748, #2081, #3930, .T. ) ;
#3763 = DIRECTION ( 'NONE',  ( -1.000000000000000000, 0.000000000000000000, 0.000000000000000000 ) ) ;
#3764 = LINE ( 'NONE', #2768, #2667 ) ;
#3765 = DIRECTION ( 'NONE',  ( -0.000000000000000000, 1.000000000000000000, -0.000000000000000000 ) ) ;
#3766 = CARTESIAN_POINT ( 'NONE',  ( 2.092256965349082787, 0.8771976517450829069, 0.8399999999999998579 ) ) ;
#3767 = EDGE_CURVE ( 'NONE', #3860, #1090, #3234, .T. ) ;
#3768 = LINE ( 'NONE', #3745, #1096 ) ;
#3769 = ORIENTED_EDGE ( 'NONE', *, *, #636, .T. ) ;
#3770 = CARTESIAN_POINT ( 'NONE',  ( 1.950000000000001066, 1.105000000000000870, -1.700000000000000178 ) ) ;
#3771 = EDGE_LOOP ( 'NONE', ( #3964, #3477, #4026, #3097 ) ) ;
#3772 = VERTEX_POINT ( 'NONE', #3612 ) ;
#3773 = EDGE_CURVE ( 'NONE', #871, #226, #1459, .T. ) ;
#3774 = CARTESIAN_POINT ( 'NONE',  ( -2.092256965349082787, 0.8950000000000007949, 0.8399999999999998579 ) ) ;
#3775 = ORIENTED_EDGE ( 'NONE', *, *, #1799, .F. ) ;
#3776 = ORIENTED_EDGE ( 'NONE', *, *, #3446, .F. ) ;
#3777 = PLANE ( 'NONE',  #2458 ) ;
#3778 = CARTESIAN_POINT ( 'NONE',  ( 2.092256965349082787, 1.104999999999999538, 1.700000000000000178 ) ) ;
#3779 = DIRECTION ( 'NONE',  ( -0.9975640502598247528, -0.06975647374411818313, 0.000000000000000000 ) ) ;
#3780 = FACE_OUTER_BOUND ( 'NONE', #1039, .T. ) ;
#3781 = CARTESIAN_POINT ( 'NONE',  ( -2.985351140513735402, -1.554929984311652099E-18, 2.109999999999999876 ) ) ;
#3782 = ORIENTED_EDGE ( 'NONE', *, *, #821, .T. ) ;
#3783 = DIRECTION ( 'NONE',  ( 2.224004456380522396E-16, -0.000000000000000000, 1.000000000000000000 ) ) ;
#3784 = CARTESIAN_POINT ( 'NONE',  ( 2.390693662505769979, 0.2520953002325062031, -0.8400000000000000799 ) ) ;
#3785 = DIRECTION ( 'NONE',  ( 6.097147762571766712E-15, -1.000000000000000000, 0.000000000000000000 ) ) ;
#3786 = EDGE_CURVE ( 'NONE', #2405, #56, #848, .T. ) ;
#3787 = ORIENTED_EDGE ( 'NONE', *, *, #1656, .T. ) ;
#3788 = EDGE_CURVE ( 'NONE', #3836, #866, #3383, .T. ) ;
#3789 = CARTESIAN_POINT ( 'NONE',  ( -2.319192456893480081, 0.8970519346069019129, 0.8399999999999998579 ) ) ;
#3790 = EDGE_LOOP ( 'NONE', ( #2374, #2885, #3269, #3451 ) ) ;
#3791 = LINE ( 'NONE', #604, #91 ) ;
#3792 = ORIENTED_EDGE ( 'NONE', *, *, #3581, .T. ) ;
#3793 = ORIENTED_EDGE ( 'NONE', *, *, #2607, .F. ) ;
#3794 = CARTESIAN_POINT ( 'NONE',  ( -1.949999999999998845, 0.8950000000000007949, -2.449999999999998401 ) ) ;
#3795 = AXIS2_PLACEMENT_3D ( 'NONE', #1160, #3691, #3047 ) ;
#3796 = LINE ( 'NONE', #919, #2373 ) ;
#3797 = PLANE ( 'NONE',  #1482 ) ;
#3798 = DIRECTION ( 'NONE',  ( -1.327594496921026210E-16, -0.000000000000000000, -1.000000000000000000 ) ) ;
#3799 = DIRECTION ( 'NONE',  ( -0.000000000000000000, -0.000000000000000000, -1.000000000000000000 ) ) ;
#3800 = ORIENTED_EDGE ( 'NONE', *, *, #3566, .F. ) ;
#3801 = CIRCLE ( 'NONE', #1476, 0.2278023482549169088 ) ;
#3802 = DIRECTION ( 'NONE',  ( 0.9975640502598247528, 0.06975647374411814150, -0.000000000000000000 ) ) ;
#3803 =( LENGTH_UNIT ( ) NAMED_UNIT ( * ) SI_UNIT ( .MILLI., .METRE. ) );
#3804 = VECTOR ( 'NONE', #3338, 1000.000000000000114 ) ;
#3805 = LINE ( 'NONE', #2254, #1288 ) ;
#3806 = VECTOR ( 'NONE', #654, 1000.000000000000114 ) ;
#3807 = VECTOR ( 'NONE', #686, 1000.000000000000000 ) ;
#3808 = AXIS2_PLACEMENT_3D ( 'NONE', #3935, #1743, #1689 ) ;
#3810 = CIRCLE ( 'NONE', #2141, 0.2278023482549169088 ) ;
#3809 = CARTESIAN_POINT ( 'NONE',  ( 2.092256965349082787, 0.8771976517450829069, -1.700000000000000178 ) ) ;
#3811 = VERTEX_POINT ( 'NONE', #2820 ) ;
#3812 = ORIENTED_EDGE ( 'NONE', *, *, #2071, .T. ) ;
#3813 = LINE ( 'NONE', #3519, #3468 ) ;
#3814 = EDGE_CURVE ( 'NONE', #1367, #3936, #1900, .T. ) ;
#3815 = AXIS2_PLACEMENT_3D ( 'NONE', #1088, #1648, #3529 ) ;
#3816 = CYLINDRICAL_SURFACE ( 'NONE', #2199, 0.01780234825491788103 ) ;
#3817 = ORIENTED_EDGE ( 'NONE', *, *, #3188, .F. ) ;
#3818 = EDGE_LOOP ( 'NONE', ( #1159, #314 ) ) ;
#3819 = EDGE_CURVE ( 'NONE', #1507, #1920, #3210, .T. ) ;
#3820 = EDGE_LOOP ( 'NONE', ( #1447, #2964, #3243, #2410 ) ) ;
#3821 = DIRECTION ( 'NONE',  ( -0.9975640502598247528, 0.06975647374411814150, 0.000000000000000000 ) ) ;
#3822 = CARTESIAN_POINT ( 'NONE',  ( 1.950000000000000178, 1.749999999999999334, -2.393569812025778010 ) ) ;
#3823 = FACE_OUTER_BOUND ( 'NONE', #126, .T. ) ;
#3824 = DIRECTION ( 'NONE',  ( 0.000000000000000000, -0.000000000000000000, 1.000000000000000000 ) ) ;
#3825 = ORIENTED_EDGE ( 'NONE', *, *, #570, .T. ) ;
#3826 = EDGE_CURVE ( 'NONE', #2040, #2355, #1220, .T. ) ;
#3827 = AXIS2_PLACEMENT_3D ( 'NONE', #1405, #1685, #454 ) ;
#3828 = MANIFOLD_SOLID_BREP ( 'LPattern1[2]', #2942 ) ;
#3829 = CARTESIAN_POINT ( 'NONE',  ( -2.092256965349082787, 1.104999999999999982, -2.109999999999999876 ) ) ;
#3830 = CARTESIAN_POINT ( 'NONE',  ( -1.950000000000000844, 1.105000000000000870, 2.109999999999999876 ) ) ;
#3831 = CARTESIAN_POINT ( 'NONE',  ( 2.390693662505769979, 0.2520953002325062031, 0.4300000000000000488 ) ) ;
#3832 = ORIENTED_EDGE ( 'NONE', *, *, #13, .F. ) ;
#3833 = CARTESIAN_POINT ( 'NONE',  ( -1.205055510833896504, 1.649999999999999245, -1.904999999999998694 ) ) ;
#3834 = CARTESIAN_POINT ( 'NONE',  ( 2.985351140513735402, -1.554929984311652099E-18, 0.8399999999999998579 ) ) ;
#3835 = ORIENTED_EDGE ( 'NONE', *, *, #1558, .T. ) ;
#3836 = VERTEX_POINT ( 'NONE', #271 ) ;
#3837 = DIRECTION ( 'NONE',  ( 0.000000000000000000, -0.9961946980917455452, -0.08715574274765836016 ) ) ;
#3838 = ORIENTED_EDGE ( 'NONE', *, *, #937, .F. ) ;
#3839 = EDGE_LOOP ( 'NONE', ( #3782, #1545, #3170, #3637 ) ) ;
#3840 = EDGE_CURVE ( 'NONE', #429, #2081, #1301, .T. ) ;
#3841 = ORIENTED_EDGE ( 'NONE', *, *, #933, .F. ) ;
#3842 = DIRECTION ( 'NONE',  ( 0.000000000000000000, 0.000000000000000000, -1.000000000000000000 ) ) ;
#3843 = VERTEX_POINT ( 'NONE', #1571 ) ;
#3844 = FACE_OUTER_BOUND ( 'NONE', #2341, .T. ) ;
#3845 = CARTESIAN_POINT ( 'NONE',  ( 1.893569812025779786, 1.749999999999999334, 2.393569812025777566 ) ) ;
#3846 = ADVANCED_FACE ( 'NONE', ( #1543 ), #1263, .F. ) ;
#3847 = PLANE ( 'NONE',  #707 ) ;
#3848 = CARTESIAN_POINT ( 'NONE',  ( -1.205055510833896504, 1.649999999999999245, -1.699999999999999067 ) ) ;
#3849 = UNCERTAINTY_MEASURE_WITH_UNIT (LENGTH_MEASURE( 1.000000000000000082E-05 ), #3803, 'distance_accuracy_value', 'NONE');
#3850 = VERTEX_POINT ( 'NONE', #3411 ) ;
#3851 = CYLINDRICAL_SURFACE ( 'NONE', #3201, 0.2278023482549171308 ) ;
#3852 = CARTESIAN_POINT ( 'NONE',  ( 2.109991570294214913, 0.8787492286298929089, -1.700000000000000178 ) ) ;
#3853 = CARTESIAN_POINT ( 'NONE',  ( 2.319192456893480525, 0.8970519346069010247, 0.8399999999999998579 ) ) ;
#3854 = LINE ( 'NONE', #2543, #1357 ) ;
#3855 = VERTEX_POINT ( 'NONE', #2192 ) ;
#3856 = LINE ( 'NONE', #3193, #1548 ) ;
#3857 = DIRECTION ( 'NONE',  ( -0.000000000000000000, 1.000000000000000000, -0.000000000000000000 ) ) ;
#3858 = VERTEX_POINT ( 'NONE', #1180 ) ;
#3859 = FACE_OUTER_BOUND ( 'NONE', #855, .T. ) ;
#3860 = VERTEX_POINT ( 'NONE', #947 ) ;
#3861 = CARTESIAN_POINT ( 'NONE',  ( 2.376044803019505380, 0.04260684967794371725, -0.4300000000000002709 ) ) ;
#3862 = ORIENTED_EDGE ( 'NONE', *, *, #2780, .F. ) ;
#3863 = ORIENTED_EDGE ( 'NONE', *, *, #3034, .F. ) ;
#3864 = DIRECTION ( 'NONE',  ( 0.9975640502598246417, -0.06975647374411883539, 0.000000000000000000 ) ) ;
#3865 = DIRECTION ( 'NONE',  ( -0.000000000000000000, -0.000000000000000000, -1.000000000000000000 ) ) ;
#3866 = PLANE ( 'NONE',  #3474 ) ;
#3867 = CARTESIAN_POINT ( 'NONE',  ( -2.319192456893480081, 0.8970519346069019129, -0.8400000000000000799 ) ) ;
#3868 = ORIENTED_EDGE ( 'NONE', *, *, #2709, .F. ) ;
#3869 = ADVANCED_FACE ( 'NONE', ( #1855 ), #1506, .F. ) ;
#3870 = CARTESIAN_POINT ( 'NONE',  ( -1.205055510833896504, 1.649999999999999245, -1.904999999999998694 ) ) ;
#3871 = DIRECTION ( 'NONE',  ( -0.08715574274765876261, 0.9961946980917454342, -0.000000000000000000 ) ) ;
#3872 = AXIS2_PLACEMENT_3D ( 'NONE', #4071, #2181, #1271 ) ;
#3873 = EDGE_CURVE ( 'NONE', #3627, #3520, #2416, .T. ) ;
#3874 = AXIS2_PLACEMENT_3D ( 'NONE', #975, #2178, #290 ) ;
#3875 = ORIENTED_EDGE ( 'NONE', *, *, #751, .F. ) ;
#3876 = DIRECTION ( 'NONE',  ( -2.215541447978691241E-16, 0.08715574274765836016, -0.9961946980917455452 ) ) ;
#3877 = EDGE_LOOP ( 'NONE', ( #771, #1391, #3747, #3302 ) ) ;
#3878 = VECTOR ( 'NONE', #2091, 1000.000000000000000 ) ;
#3879 = VECTOR ( 'NONE', #967, 1000.000000000000000 ) ;
#3880 = DIRECTION ( 'NONE',  ( -0.000000000000000000, 0.000000000000000000, -1.000000000000000000 ) ) ;
#3881 = VECTOR ( 'NONE', #2703, 1000.000000000000000 ) ;
#3882 = AXIS2_PLACEMENT_3D ( 'NONE', #768, #2639, #3842 ) ;
#3883 = ORIENTED_EDGE ( 'NONE', *, *, #252, .T. ) ;
#3884 = CARTESIAN_POINT ( 'NONE',  ( 2.391935491544398218, 0.2698542828618181177, -1.700000000000000178 ) ) ;
#3885 = ORIENTED_EDGE ( 'NONE', *, *, #2663, .T. ) ;
#3886 = AXIS2_PLACEMENT_3D ( 'NONE', #2307, #2009, #2101 ) ;
#3887 = AXIS2_PLACEMENT_3D ( 'NONE', #2385, #2095, #1474 ) ;
#3888 = ORIENTED_EDGE ( 'NONE', *, *, #1581, .F. ) ;
#3889 = CARTESIAN_POINT ( 'NONE',  ( 1.950000000000000844, 0.8950000000000007949, 0.8399999999999998579 ) ) ;
#3890 = DIRECTION ( 'NONE',  ( 0.000000000000000000, -0.000000000000000000, 1.000000000000000000 ) ) ;
#3891 = CARTESIAN_POINT ( 'NONE',  ( 2.319192456893480525, 0.8970519346069010247, -0.4300000000000002709 ) ) ;
#3892 = ORIENTED_EDGE ( 'NONE', *, *, #3639, .F. ) ;
#3893 = CARTESIAN_POINT ( 'NONE',  ( -2.374200886599265647, 0.2683027059770077827, 0.8399999999999998579 ) ) ;
#3894 = DIRECTION ( 'NONE',  ( 0.000000000000000000, 0.000000000000000000, 1.000000000000000000 ) ) ;
#3895 = AXIS2_PLACEMENT_3D ( 'NONE', #2213, #3495, #24 ) ;
#3896 = DIRECTION ( 'NONE',  ( -1.000000000000000000, 9.145721643857650857E-15, -0.000000000000000000 ) ) ;
#3897 = EDGE_CURVE ( 'NONE', #2162, #3647, #4087, .T. ) ;
#3898 = VECTOR ( 'NONE', #213, 1000.000000000000000 ) ;
#3899 = VECTOR ( 'NONE', #3184, 1000.000000000000000 ) ;
#3900 = ORIENTED_EDGE ( 'NONE', *, *, #2482, .T. ) ;
#3901 = PLANE ( 'NONE',  #2457 ) ;
#3902 = CARTESIAN_POINT ( 'NONE',  ( -1.950000000000000844, 1.105000000000000870, 2.109999999999999876 ) ) ;
#3903 = EDGE_CURVE ( 'NONE', #2638, #2220, #2485, .T. ) ;
#3904 = ORIENTED_EDGE ( 'NONE', *, *, #2525, .T. ) ;
#3905 = CARTESIAN_POINT ( 'NONE',  ( -1.950000000000000844, 1.105000000000000870, 2.109999999999999876 ) ) ;
#3906 = ORIENTED_EDGE ( 'NONE', *, *, #985, .F. ) ;
#3907 = ADVANCED_FACE ( 'NONE', ( #2755 ), #3452, .T. ) ;
#3908 = DIRECTION ( 'NONE',  ( -0.000000000000000000, -0.000000000000000000, -1.000000000000000000 ) ) ;
#3909 = EDGE_LOOP ( 'NONE', ( #539, #1295, #2038, #11 ) ) ;
#3910 = ORIENTED_EDGE ( 'NONE', *, *, #3277, .F. ) ;
#3911 = LINE ( 'NONE', #2306, #622 ) ;
#3912 = PLANE ( 'NONE',  #3886 ) ;
#3913 = VERTEX_POINT ( 'NONE', #665 ) ;
#3914 = CARTESIAN_POINT ( 'NONE',  ( -2.092256965349082787, 0.8771976517450829069, -0.4300000000000002709 ) ) ;
#3915 = DIRECTION ( 'NONE',  ( 0.000000000000000000, 0.000000000000000000, 1.000000000000000000 ) ) ;
#3916 = CARTESIAN_POINT ( 'NONE',  ( -2.092256965349082787, 0.8771976517450829069, 0.8399999999999998579 ) ) ;
#3917 = ORIENTED_EDGE ( 'NONE', *, *, #4099, .F. ) ;
#3918 = VECTOR ( 'NONE', #1, 1000.000000000000000 ) ;
#3919 = EDGE_CURVE ( 'NONE', #232, #1654, #1041, .T. ) ;
#3920 = EDGE_LOOP ( 'NONE', ( #1376, #1901, #2417, #3623 ) ) ;
#3921 = DIRECTION ( 'NONE',  ( 0.08715574274765874874, -0.9961946980917454342, 0.000000000000000000 ) ) ;
#3922 = DIRECTION ( 'NONE',  ( -0.08715574274765876261, 0.9961946980917454342, -0.000000000000000000 ) ) ;
#3923 = PLANE ( 'NONE',  #4070 ) ;
#3924 = ADVANCED_FACE ( 'NONE', ( #3194 ), #3498, .F. ) ;
#3925 = ORIENTED_EDGE ( 'NONE', *, *, #2589, .F. ) ;
#3926 = CARTESIAN_POINT ( 'NONE',  ( -1.205055510833896504, 1.749999999999999334, -1.904999999999998694 ) ) ;
#3927 = VERTEX_POINT ( 'NONE', #2898 ) ;
#3928 = ADVANCED_FACE ( 'NONE', ( #418 ), #3172, .F. ) ;
#3929 = LINE ( 'NONE', #2866, #3049 ) ;
#3930 = LINE ( 'NONE', #2580, #171 ) ;
#3931 = ORIENTED_EDGE ( 'NONE', *, *, #3679, .F. ) ;
#3932 = DIRECTION ( 'NONE',  ( -0.000000000000000000, -0.000000000000000000, -1.000000000000000000 ) ) ;
#3933 = LINE ( 'NONE', #721, #3079 ) ;
#3934 = DIRECTION ( 'NONE',  ( 0.000000000000000000, 0.000000000000000000, 1.000000000000000000 ) ) ;
#3935 = CARTESIAN_POINT ( 'NONE',  ( -2.109991570294214913, 0.8787492286298929089, -0.4300000000000002709 ) ) ;
#3936 = VERTEX_POINT ( 'NONE', #2299 ) ;
#3937 = EDGE_LOOP ( 'NONE', ( #1991, #3252, #3085, #3095 ) ) ;
#3938 = EDGE_CURVE ( 'NONE', #1491, #474, #1603, .T. ) ;
#3939 = CARTESIAN_POINT ( 'NONE',  ( -1.950000000000000622, 1.105000000000000870, -0.4300000000000002709 ) ) ;
#3940 = AXIS2_PLACEMENT_3D ( 'NONE', #478, #1418, #549 ) ;
#3941 = CIRCLE ( 'NONE', #2792, 0.01780234825491788103 ) ;
#3942 = ORIENTED_EDGE ( 'NONE', *, *, #3398, .T. ) ;
#3943 = VERTEX_POINT ( 'NONE', #3834 ) ;
#3944 = EDGE_CURVE ( 'NONE', #416, #3850, #3560, .T. ) ;
#3945 = AXIS2_PLACEMENT_3D ( 'NONE', #3833, #1185, #231 ) ;
#3946 = DIRECTION ( 'NONE',  ( -0.9975640502598247528, 0.06975647374411758639, 0.000000000000000000 ) ) ;
#3947 = VECTOR ( 'NONE', #2428, 1000.000000000000000 ) ;
#3948 = ORIENTED_EDGE ( 'NONE', *, *, #951, .F. ) ;
#3949 = COLOUR_RGB ( '',0.7960784313725489669, 0.8235294117647058432, 0.9372549019607843146 ) ;
#3950 = EDGE_CURVE ( 'NONE', #3772, #1262, #96, .T. ) ;
#3951 = AXIS2_PLACEMENT_3D ( 'NONE', #3268, #1697, #3994 ) ;
#3952 = VECTOR ( 'NONE', #617, 1000.000000000000000 ) ;
#3953 = LINE ( 'NONE', #3373, #579 ) ;
#3954 = LINE ( 'NONE', #3673, #4075 ) ;
#3955 = DIRECTION ( 'NONE',  ( -0.000000000000000000, -0.000000000000000000, -1.000000000000000000 ) ) ;
#3956 = ORIENTED_EDGE ( 'NONE', *, *, #2508, .F. ) ;
#3957 = EDGE_CURVE ( 'NONE', #3772, #2984, #2570, .T. ) ;
#3958 = STYLED_ITEM ( 'NONE', ( #1196 ), #2914 ) ;
#3959 = VERTEX_POINT ( 'NONE', #2855 ) ;
#3960 = FACE_OUTER_BOUND ( 'NONE', #310, .T. ) ;
#3961 = CARTESIAN_POINT ( 'NONE',  ( -1.950000000000000622, 0.8950000000000007949, -0.4300000000000002709 ) ) ;
#3962 = MANIFOLD_SOLID_BREP ( 'LPattern1[5]', #450 ) ;
#3963 = CARTESIAN_POINT ( 'NONE',  ( -1.893569812025777788, 0.2500000000000006661, 2.449999999999999289 ) ) ;
#3964 = ORIENTED_EDGE ( 'NONE', *, *, #562, .T. ) ;
#3965 = ORIENTED_EDGE ( 'NONE', *, *, #1279, .F. ) ;
#3966 = LINE ( 'NONE', #3354, #2187 ) ;
#3967 = ORIENTED_EDGE ( 'NONE', *, *, #2301, .T. ) ;
#3968 = ADVANCED_FACE ( 'NONE', ( #1652 ), #708, .F. ) ;
#3969 = FACE_OUTER_BOUND ( 'NONE', #1835, .T. ) ;
#3970 = ORIENTED_EDGE ( 'NONE', *, *, #1558, .F. ) ;
#3971 = EDGE_CURVE ( 'NONE', #670, #2813, #2548, .T. ) ;
#3972 = DIRECTION ( 'NONE',  ( 1.000000000000000000, 0.000000000000000000, 0.000000000000000000 ) ) ;
#3973 = CARTESIAN_POINT ( 'NONE',  ( 2.390693662505769979, 0.2520953002325064252, -0.8400000000000000799 ) ) ;
#3974 = DIRECTION ( 'NONE',  ( 1.000000000000000000, 0.000000000000000000, 0.000000000000000000 ) ) ;
#3975 = VERTEX_POINT ( 'NONE', #1585 ) ;
#3976 = CARTESIAN_POINT ( 'NONE',  ( -2.985351140513735402, -1.554929984311652099E-18, 0.8399999999999998579 ) ) ;
#3977 = DIRECTION ( 'NONE',  ( 0.000000000000000000, -0.000000000000000000, 1.000000000000000000 ) ) ;
#3978 = CARTESIAN_POINT ( 'NONE',  ( 2.319192456893480525, 0.8970519346069010247, 2.109999999999999876 ) ) ;
#3979 = CARTESIAN_POINT ( 'NONE',  ( -2.092256965349082787, 0.8950000000000007949, -2.109999999999999876 ) ) ;
#3980 = ORIENTED_EDGE ( 'NONE', *, *, #1965, .T. ) ;
#3981 = VERTEX_POINT ( 'NONE', #1013 ) ;
#3982 = EDGE_LOOP ( 'NONE', ( #2068, #125, #2746, #4090 ) ) ;
#3983 = DIRECTION ( 'NONE',  ( 0.08715574274765876261, -0.9961946980917454342, 0.000000000000000000 ) ) ;
#3984 = DIRECTION ( 'NONE',  ( -1.000000000000000000, 0.000000000000000000, 0.000000000000000000 ) ) ;
#3985 = EDGE_LOOP ( 'NONE', ( #1815, #3424, #832, #3192 ) ) ;
#3986 = CARTESIAN_POINT ( 'NONE',  ( 1.950000000000000844, 1.105000000000000870, 2.109999999999999876 ) ) ;
#3987 = ADVANCED_FACE ( 'NONE', ( #2592 ), #745, .T. ) ;
#3988 = DIRECTION ( 'NONE',  ( -0.000000000000000000, -0.000000000000000000, -1.000000000000000000 ) ) ;
#3989 = DIRECTION ( 'NONE',  ( -0.000000000000000000, -0.000000000000000000, -1.000000000000000000 ) ) ;
#3990 = CARTESIAN_POINT ( 'NONE',  ( 2.390693662505769979, 0.2520953002325064252, -2.109999999999999876 ) ) ;
#3991 = VERTEX_POINT ( 'NONE', #3245 ) ;
#3992 = ADVANCED_FACE ( 'NONE', ( #2366 ), #1751, .T. ) ;
#3993 = FACE_OUTER_BOUND ( 'NONE', #1251, .T. ) ;
#3994 = DIRECTION ( 'NONE',  ( 1.000000000000000000, 0.000000000000000000, -0.000000000000000000 ) ) ;
#3995 = ADVANCED_FACE ( 'NONE', ( #842 ), #1732, .T. ) ;
#3996 = CARTESIAN_POINT ( 'NONE',  ( -2.374200886599265647, 0.2683027059770077827, 0.4300000000000000488 ) ) ;
#3997 = AXIS2_PLACEMENT_3D ( 'NONE', #584, #555, #1838 ) ;
#3998 = DIRECTION ( 'NONE',  ( 0.000000000000000000, -1.000000000000000000, 0.000000000000000000 ) ) ;
#3999 = CARTESIAN_POINT ( 'NONE',  ( -2.092256965349082787, 0.8771976517450829069, -1.700000000000000178 ) ) ;
#4000 = ORIENTED_EDGE ( 'NONE', *, *, #402, .T. ) ;
#4001 = EDGE_LOOP ( 'NONE', ( #1147, #2079, #518, #3653, #1969, #1940, #1401, #1142, #3433, #2423, #1048, #1650 ) ) ;
#4002 = AXIS2_PLACEMENT_3D ( 'NONE', #1077, #2026, #2948 ) ;
#4003 = EDGE_CURVE ( 'NONE', #3439, #1205, #2144, .T. ) ;
#4004 = CARTESIAN_POINT ( 'NONE',  ( -2.391935491544398218, 0.2698542828618181177, 2.109999999999999876 ) ) ;
#4005 = ORIENTED_EDGE ( 'NONE', *, *, #623, .T. ) ;
#4006 = ORIENTED_EDGE ( 'NONE', *, *, #1738, .T. ) ;
#4007 = CARTESIAN_POINT ( 'NONE',  ( 2.391935491544398218, 0.2698542828618181177, -0.4300000000000002709 ) ) ;
#4008 = VECTOR ( 'NONE', #2477, 1000.000000000000000 ) ;
#4009 = VECTOR ( 'NONE', #3711, 1000.000000000000114 ) ;
#4010 = CARTESIAN_POINT ( 'NONE',  ( -2.391935491544398218, 0.2698542828618181177, 2.109999999999999876 ) ) ;
#4011 = AXIS2_PLACEMENT_3D ( 'NONE', #1157, #3549, #3569 ) ;
#4012 = CARTESIAN_POINT ( 'NONE',  ( 1.950000000000000178, 1.105000000000000870, -2.449999999999998845 ) ) ;
#4013 = AXIS2_PLACEMENT_3D ( 'NONE', #2061, #229, #3984 ) ;
#4014 = LINE ( 'NONE', #2126, #3947 ) ;
#4015 = UNCERTAINTY_MEASURE_WITH_UNIT (LENGTH_MEASURE( 1.000000000000000082E-05 ), #862, 'distance_accuracy_value', 'NONE');
#4016 = ORIENTED_EDGE ( 'NONE', *, *, #2776, .T. ) ;
#4017 = AXIS2_PLACEMENT_3D ( 'NONE', #3809, #350, #2879 ) ;
#4018 = COLOUR_RGB ( '',0.7960784313725489669, 0.8235294117647058432, 0.9372549019607843146 ) ;
#4019 = PRESENTATION_STYLE_ASSIGNMENT (( #1133 ) ) ;
#4020 = EDGE_CURVE ( 'NONE', #3589, #3772, #461, .T. ) ;
#4021 = SURFACE_STYLE_USAGE ( .BOTH. , #2098 ) ;
#4022 = CARTESIAN_POINT ( 'NONE',  ( -2.376044803019505380, 0.04260684967794371725, 2.109999999999999876 ) ) ;
#4023 = ORIENTED_EDGE ( 'NONE', *, *, #2016, .T. ) ;
#4024 = EDGE_CURVE ( 'NONE', #3690, #1573, #1117, .T. ) ;
#4025 = FILL_AREA_STYLE ('',( #3134 ) ) ;
#4026 = ORIENTED_EDGE ( 'NONE', *, *, #627, .F. ) ;
#4027 = VERTEX_POINT ( 'NONE', #3310 ) ;
#4028 = PLANE ( 'NONE',  #3187 ) ;
#4029 = AXIS2_PLACEMENT_3D ( 'NONE', #1782, #2124, #3972 ) ;
#4030 = LINE ( 'NONE', #1818, #234 ) ;
#4031 = ORIENTED_EDGE ( 'NONE', *, *, #182, .F. ) ;
#4032 = CARTESIAN_POINT ( 'NONE',  ( -1.950000000000000844, 1.105000000000000870, 0.8399999999999998579 ) ) ;
#4033 = DIRECTION ( 'NONE',  ( 0.9975640502598246417, -0.06975647374411883539, 0.000000000000000000 ) ) ;
#4034 = FACE_OUTER_BOUND ( 'NONE', #1164, .T. ) ;
#4035 = FACE_OUTER_BOUND ( 'NONE', #3603, .T. ) ;
#4036 = VERTEX_POINT ( 'NONE', #2946 ) ;
#4037 = DIRECTION ( 'NONE',  ( -0.000000000000000000, -0.000000000000000000, -1.000000000000000000 ) ) ;
#4038 = DIRECTION ( 'NONE',  ( 1.000000000000000000, 0.000000000000000000, 0.000000000000000000 ) ) ;
#4039 = CARTESIAN_POINT ( 'NONE',  ( -1.205055510833896504, 1.649999999999999245, -1.904999999999998694 ) ) ;
#4040 = DIRECTION ( 'NONE',  ( 0.7057575568079521577, 0.7057575568079517137, 0.06174578541844907148 ) ) ;
#4041 = LINE ( 'NONE', #1523, #2995 ) ;
#4042 = EDGE_LOOP ( 'NONE', ( #545, #1445, #165, #3660 ) ) ;
#4043 = CARTESIAN_POINT ( 'NONE',  ( 2.092256965349082787, 0.8771976517450829069, -1.700000000000000178 ) ) ;
#4044 = ORIENTED_EDGE ( 'NONE', *, *, #1789, .F. ) ;
#4045 = VERTEX_POINT ( 'NONE', #3326 ) ;
#4046 = CYLINDRICAL_SURFACE ( 'NONE', #950, 0.01780234825491788103 ) ;
#4047 = ADVANCED_FACE ( 'NONE', ( #2690 ), #2055, .F. ) ;
#4048 = ORIENTED_EDGE ( 'NONE', *, *, #243, .T. ) ;
#4049 = LINE ( 'NONE', #1839, #1359 ) ;
#4050 = EDGE_LOOP ( 'NONE', ( #199, #3501, #2845, #257, #3390, #2697, #1780, #1694, #151, #2693, #2561, #2051 ) ) ;
#4051 = DIRECTION ( 'NONE',  ( -0.9975640502598247528, -0.06975647374411818313, 0.000000000000000000 ) ) ;
#4052 = EDGE_CURVE ( 'NONE', #754, #1441, #1134, .T. ) ;
#4053 = CARTESIAN_POINT ( 'NONE',  ( -2.985351140513735402, -1.554929984311652099E-18, 0.8399999999999998579 ) ) ;
#4054 = PLANE ( 'NONE',  #3339 ) ;
#4055 = DIRECTION ( 'NONE',  ( -1.000000000000000000, 0.000000000000000000, 0.000000000000000000 ) ) ;
#4056 = ORIENTED_EDGE ( 'NONE', *, *, #279, .T. ) ;
#4057 = ORIENTED_EDGE ( 'NONE', *, *, #212, .F. ) ;
#4058 = DIRECTION ( 'NONE',  ( -0.06975647374411814150, 0.9975640502598247528, 0.000000000000000000 ) ) ;
#4059 = PRESENTATION_STYLE_ASSIGNMENT (( #2115 ) ) ;
#4060 = LINE ( 'NONE', #2750, #1158 ) ;
#4061 = CARTESIAN_POINT ( 'NONE',  ( -1.205055510833896504, 1.649999999999999245, -1.904999999999998694 ) ) ;
#4062 = EDGE_LOOP ( 'NONE', ( #1775, #2086, #3883, #3315 ) ) ;
#4063 = DIRECTION ( 'NONE',  ( 2.215541447978690748E-16, -0.08715574274765836016, 0.9961946980917455452 ) ) ;
#4064 = CARTESIAN_POINT ( 'NONE',  ( 2.985351140513735402, -1.554929984311652099E-18, -0.4300000000000002709 ) ) ;
#4065 = VECTOR ( 'NONE', #144, 1000.000000000000000 ) ;
#4066 = ORIENTED_EDGE ( 'NONE', *, *, #933, .T. ) ;
#4067 = EDGE_CURVE ( 'NONE', #1905, #2622, #2649, .T. ) ;
#4068 = EDGE_LOOP ( 'NONE', ( #3663, #4044, #472, #185 ) ) ;
#4069 = DIRECTION ( 'NONE',  ( -0.000000000000000000, -0.000000000000000000, -1.000000000000000000 ) ) ;
#4070 = AXIS2_PLACEMENT_3D ( 'NONE', #3312, #2001, #2650 ) ;
#4071 = CARTESIAN_POINT ( 'NONE',  ( 2.109991570294214913, 0.8787492286298929089, 2.109999999999999876 ) ) ;
#4072 = LINE ( 'NONE', #897, #3806 ) ;
#4073 = ADVANCED_FACE ( 'NONE', ( #790 ), #493, .F. ) ;
#4074 = CARTESIAN_POINT ( 'NONE',  ( -2.319192456893480081, 0.8970519346069019129, 0.4300000000000000488 ) ) ;
#4075 = VECTOR ( 'NONE', #2427, 1000.000000000000000 ) ;
#4076 = ORIENTED_EDGE ( 'NONE', *, *, #2333, .F. ) ;
#4077 = VECTOR ( 'NONE', #676, 1000.000000000000000 ) ;
#4078 = LINE ( 'NONE', #3183, #1948 ) ;
#4079 = VECTOR ( 'NONE', #1272, 1000.000000000000000 ) ;
#4080 = LINE ( 'NONE', #2157, #3752 ) ;
#4081 = CARTESIAN_POINT ( 'NONE',  ( 2.319192456893480525, 0.8970519346069010247, -0.4300000000000002709 ) ) ;
#4082 = EDGE_CURVE ( 'NONE', #183, #313, #2633, .T. ) ;
#4083 = DIRECTION ( 'NONE',  ( 1.000000000000000000, 0.000000000000000000, 0.000000000000000000 ) ) ;
#4084 = VECTOR ( 'NONE', #3701, 1000.000000000000000 ) ;
#4085 = PLANE ( 'NONE',  #2606 ) ;
#4086 = VERTEX_POINT ( 'NONE', #763 ) ;
#4087 = LINE ( 'NONE', #1246, #831 ) ;
#4088 = DIRECTION ( 'NONE',  ( -0.000000000000000000, -1.000000000000000000, -0.000000000000000000 ) ) ;
#4089 = VECTOR ( 'NONE', #1259, 1000.000000000000000 ) ;
#4090 = ORIENTED_EDGE ( 'NONE', *, *, #3114, .T. ) ;
#4091 = ORIENTED_EDGE ( 'NONE', *, *, #998, .F. ) ;
#4092 = VECTOR ( 'NONE', #3699, 1000.000000000000114 ) ;
#4093 = EDGE_CURVE ( 'NONE', #204, #277, #1106, .T. ) ;
#4094 = FACE_OUTER_BOUND ( 'NONE', #1911, .T. ) ;
#4095 = CARTESIAN_POINT ( 'NONE',  ( 1.950000000000000844, 0.8950000000000007949, 2.109999999999999876 ) ) ;
#4096 = PLANE ( 'NONE',  #1098 ) ;
#4097 = CARTESIAN_POINT ( 'NONE',  ( 2.092256965349082787, 0.8950000000000009059, -1.700000000000000178 ) ) ;
#4098 = ORIENTED_EDGE ( 'NONE', *, *, #924, .F. ) ;
#4099 = EDGE_CURVE ( 'NONE', #1562, #3139, #3004, .T. ) ;
#4100 = CARTESIAN_POINT ( 'NONE',  ( 2.985351140513735402, -1.554929984311652099E-18, 1.700000000000000178 ) ) ;
#4101 = DIRECTION ( 'NONE',  ( -0.000000000000000000, -0.000000000000000000, -1.000000000000000000 ) ) ;
#4102 = SURFACE_STYLE_FILL_AREA ( #4025 ) ;
#4103 = VERTEX_POINT ( 'NONE', #1715 ) ;
#4104 = DIRECTION ( 'NONE',  ( -0.9975640502598247528, -0.06975647374411818313, 0.000000000000000000 ) ) ;
#4105 = ORIENTED_EDGE ( 'NONE', *, *, #63, .F. ) ;
#4106 = FACE_OUTER_BOUND ( 'NONE', #2291, .T. ) ;
ENDSEC;
END-ISO-10303-21;
